type,frame,pc,input,DF,E0,E1,DF_bit0,DF_low2,DF_low3,E0_shift4_low3,rng_calls,rng_gap,max_rng_gap,0428,042D,048B,queue_slot,queue_addr,queue_value,c726_total,b14f_total,b14f_snapshot
C726,1252,C726,-,BC,B2,B6,0,0,4,3,0,-1,0,00,00,00,C726,,,1,0,
C726,1252,C726,-,BC,B2,B6,0,0,4,3,0,-1,0,00,00,00,C726,,,2,0,
C726,1252,C726,-,BC,B2,B6,0,0,4,3,0,-1,0,00,00,00,C726,,,3,0,
C726,1252,C726,-,BC,B2,B6,0,0,4,3,0,-1,0,00,00,00,C726,,,4,0,
OBJECT,1252,C74A,-,BC,B2,B6,0,0,4,3,0,-1,0,00,00,00,21,$0215,4B,4,0,
OBJECT,1252,C74A,-,BC,B2,B6,0,0,4,3,0,-1,0,00,00,00,22,$0216,48,4,0,
OBJECT,1252,C74A,-,BC,B2,B6,0,0,4,3,0,-1,0,00,00,00,23,$0217,46,4,0,
OBJECT,1252,C74A,-,BC,B2,B6,0,0,4,3,0,-1,0,00,00,00,24,$0218,09,4,0,
FRAME,1252,C74A,-,BC,B2,B6,0,0,4,3,0,-1,0,00,00,00,,,,,4,0,
RNG,1253,C535,-,BC,B2,B6,0,0,4,3,1,-1,0,00,00,00,C535,,,4,0,
FRAME,1253,C74C,-,A0,7A,B7,0,0,0,7,1,-1,0,00,00,00,,,,,4,0,
RNG,1254,C535,-,A0,7A,B7,0,0,0,7,1,1,1,00,00,00,C535,,,4,0,
FRAME,1254,C74A,-,9E,42,B8,0,2,6,4,1,1,1,00,00,00,,,,,4,0,
RNG,1255,C535,-,9E,42,B8,0,2,6,4,1,1,1,00,00,00,C535,,,4,0,
C726,1255,C726,-,92,0A,B9,0,2,2,0,1,1,1,00,00,00,C726,,,5,0,
OBJECT,1255,E05F,-,92,0A,B9,0,2,2,0,1,1,1,00,00,00,25,$0219,26,5,0,
FRAME,1255,E05F,-,92,0A,B9,0,2,2,0,1,1,1,00,00,00,,,,,5,0,
RNG,1256,C535,-,92,0A,B9,0,2,2,0,1,1,1,00,00,00,C535,,,5,0,
C726,1256,C726,-,90,D2,BA,0,0,0,5,1,1,1,00,00,00,C726,,,6,0,
C726,1256,C726,-,90,D2,BA,0,0,0,5,1,1,1,00,00,00,C726,,,7,0,
C726,1256,C726,-,90,D2,BA,0,0,0,5,1,1,1,00,00,00,C726,,,8,0,
C726,1256,C726,-,90,D2,BA,0,0,0,5,1,1,1,00,00,00,C726,,,9,0,
C726,1256,C726,-,90,D2,BA,0,0,0,5,1,1,1,00,00,00,C726,,,10,0,
C726,1256,C726,-,90,D2,BA,0,0,0,5,1,1,1,00,00,00,C726,,,11,0,
OBJECT,1256,C74A,-,90,D2,BA,0,0,0,5,1,1,1,00,00,00,26,$021A,5E,11,0,
OBJECT,1256,C74A,-,90,D2,BA,0,0,0,5,1,1,1,00,00,00,27,$021B,01,11,0,
OBJECT,1256,C74A,-,90,D2,BA,0,0,0,5,1,1,1,00,00,00,28,$021C,4B,11,0,
OBJECT,1256,C74A,-,90,D2,BA,0,0,0,5,1,1,1,00,00,00,29,$021D,48,11,0,
OBJECT,1256,C74A,-,90,D2,BA,0,0,0,5,1,1,1,00,00,00,30,$021E,46,11,0,
OBJECT,1256,C74A,-,90,D2,BA,0,0,0,5,1,1,1,00,00,00,31,$021F,09,11,0,
FRAME,1256,C74A,-,90,D2,BA,0,0,0,5,1,1,1,00,00,00,,,,,11,0,
RNG,1257,C535,-,90,D2,BA,0,0,0,5,1,1,1,00,00,00,C535,,,11,0,
FRAME,1257,C74E,-,63,92,BB,1,3,3,1,1,1,1,00,00,00,,,,,11,0,
RNG,1258,C535,-,63,92,BB,1,3,3,1,1,1,1,00,00,00,C535,,,11,0,
FRAME,1258,C74A,-,35,AA,BC,1,1,5,2,1,1,1,00,00,00,,,,,11,0,
RNG,1259,C535,-,35,AA,BC,1,1,5,2,1,1,1,00,00,00,C535,,,11,0,
C726,1259,C726,-,18,7A,BD,0,0,0,7,1,1,1,00,00,00,C726,,,12,0,
OBJECT,1259,E037,-,18,7A,BD,0,0,0,7,1,1,1,00,00,00,32,$0220,26,12,0,
FRAME,1259,E037,-,18,7A,BD,0,0,0,7,1,1,1,00,00,00,,,,,12,0,
RNG,1260,C535,-,18,7A,BD,0,0,0,7,1,1,1,00,00,00,C535,,,12,0,
C726,1260,C726,-,FA,6B,BE,0,2,2,6,1,1,1,00,00,00,C726,,,13,0,
C726,1260,C726,-,FA,6B,BE,0,2,2,6,1,1,1,00,00,00,C726,,,14,0,
C726,1260,C726,-,FA,6B,BE,0,2,2,6,1,1,1,00,00,00,C726,,,15,0,
C726,1260,C726,-,FA,6B,BE,0,2,2,6,1,1,1,00,00,00,C726,,,16,0,
C726,1260,C726,-,FA,6B,BE,0,2,2,6,1,1,1,00,00,00,C726,,,17,0,
C726,1260,C726,-,FA,6B,BE,0,2,2,6,1,1,1,00,00,00,C726,,,18,0,
OBJECT,1260,C74A,-,FA,6B,BE,0,2,2,6,1,1,1,00,00,00,33,$0221,5E,18,0,
OBJECT,1260,C74A,-,FA,6B,BE,0,2,2,6,1,1,1,00,00,00,34,$0222,01,18,0,
OBJECT,1260,C74A,-,FA,6B,BE,0,2,2,6,1,1,1,00,00,00,35,$0223,4B,18,0,
OBJECT,1260,C74A,-,FA,6B,BE,0,2,2,6,1,1,1,00,00,00,36,$0224,48,18,0,
OBJECT,1260,C74A,-,FA,6B,BE,0,2,2,6,1,1,1,00,00,00,37,$0225,46,18,0,
OBJECT,1260,C74A,-,FA,6B,BE,0,2,2,6,1,1,1,00,00,00,38,$0226,09,18,0,
FRAME,1260,C74A,-,FA,6B,BE,0,2,2,6,1,1,1,00,00,00,,,,,18,0,
RNG,1261,C535,-,FA,6B,BE,0,2,2,6,1,1,1,00,00,00,C535,,,18,0,
FRAME,1261,C74C,-,ED,18,BF,1,1,5,1,1,1,1,00,00,00,,,,,18,0,
RNG,1262,C535,-,ED,18,BF,1,1,5,1,1,1,1,00,00,00,C535,,,18,0,
FRAME,1262,C74A,-,DF,E7,C0,1,3,7,6,1,1,1,00,00,00,,,,,18,0,
RNG,1263,C535,-,DF,E7,C0,1,3,7,6,1,1,1,00,00,00,C535,,,18,0,
C726,1263,C726,-,B0,EE,C1,0,0,0,6,1,1,1,00,00,00,C726,,,19,0,
OBJECT,1263,E022,-,B0,EE,C1,0,0,0,6,1,1,1,00,00,00,39,$0227,26,19,0,
FRAME,1263,E022,-,B0,EE,C1,0,0,0,6,1,1,1,00,00,00,,,,,19,0,
RNG,1264,C535,-,B0,EE,C1,0,0,0,6,1,1,1,00,00,00,C535,,,19,0,
C726,1264,C726,-,80,B7,C2,0,0,0,3,1,1,1,00,00,00,C726,,,20,0,
C726,1264,C726,-,80,B7,C2,0,0,0,3,1,1,1,00,00,00,C726,,,21,0,
C726,1264,C726,-,80,B7,C2,0,0,0,3,1,1,1,00,00,00,C726,,,22,0,
C726,1264,C726,-,80,B7,C2,0,0,0,3,1,1,1,00,00,00,C726,,,23,0,
C726,1264,C726,-,80,B7,C2,0,0,0,3,1,1,1,00,00,00,C726,,,24,0,
C726,1264,C726,-,80,B7,C2,0,0,0,3,1,1,1,00,00,00,C726,,,25,0,
OBJECT,1264,C74C,-,80,B7,C2,0,0,0,3,1,1,1,00,00,00,40,$0228,5E,25,0,
OBJECT,1264,C74C,-,80,B7,C2,0,0,0,3,1,1,1,00,00,00,41,$0229,01,25,0,
OBJECT,1264,C74C,-,80,B7,C2,0,0,0,3,1,1,1,00,00,00,42,$022A,4B,25,0,
OBJECT,1264,C74C,-,80,B7,C2,0,0,0,3,1,1,1,00,00,00,43,$022B,48,25,0,
OBJECT,1264,C74C,-,80,B7,C2,0,0,0,3,1,1,1,00,00,00,44,$022C,46,25,0,
OBJECT,1264,C74C,-,80,B7,C2,0,0,0,3,1,1,1,00,00,00,45,$022D,09,25,0,
FRAME,1264,C74C,-,80,B7,C2,0,0,0,3,1,1,1,00,00,00,,,,,25,0,
RNG,1265,C535,-,80,B7,C2,0,0,0,3,1,1,1,00,00,00,C535,,,25,0,
FRAME,1265,C74C,-,61,AB,C3,1,1,1,2,1,1,1,00,00,00,,,,,25,0,
RNG,1266,C535,-,61,AB,C3,1,1,1,2,1,1,1,00,00,00,C535,,,25,0,
FRAME,1266,C74C,-,41,3B,C4,1,1,1,3,1,1,1,00,00,00,,,,,25,0,
RNG,1267,C535,-,41,3B,C4,1,1,1,3,1,1,1,00,00,00,C535,,,25,0,
FRAME,1267,C74E,-,32,59,C5,0,2,2,5,1,1,1,00,00,00,,,,,25,0,
RNG,1268,C535,-,32,59,C5,0,2,2,5,1,1,1,00,00,00,C535,,,25,0,
C726,1268,C726,-,22,FB,C6,0,2,2,7,1,1,1,00,00,00,C726,,,26,0,
C726,1268,C726,-,22,FB,C6,0,2,2,7,1,1,1,00,00,00,C726,,,27,0,
C726,1268,C726,-,22,FB,C6,0,2,2,7,1,1,1,00,00,00,C726,,,28,0,
C726,1268,C726,-,22,FB,C6,0,2,2,7,1,1,1,00,00,00,C726,,,29,0,
C726,1268,C726,-,22,FB,C6,0,2,2,7,1,1,1,00,00,00,C726,,,30,0,
C726,1268,C726,-,22,FB,C6,0,2,2,7,1,1,1,00,00,00,C726,,,31,0,
C726,1268,C726,-,22,FB,C6,0,2,2,7,1,1,1,00,00,00,C726,,,32,0,
OBJECT,1268,C74C,-,22,FB,C6,0,2,2,7,1,1,1,00,00,00,46,$022E,26,32,0,
OBJECT,1268,C74C,-,22,FB,C6,0,2,2,7,1,1,1,00,00,00,47,$022F,5E,32,0,
OBJECT,1268,C74C,-,22,FB,C6,0,2,2,7,1,1,1,00,00,00,48,$0230,01,32,0,
OBJECT,1268,C74C,-,22,FB,C6,0,2,2,7,1,1,1,00,00,00,49,$0231,4B,32,0,
OBJECT,1268,C74C,-,22,FB,C6,0,2,2,7,1,1,1,00,00,00,50,$0232,48,32,0,
OBJECT,1268,C74C,-,22,FB,C6,0,2,2,7,1,1,1,00,00,00,51,$0233,46,32,0,
OBJECT,1268,C74C,-,22,FB,C6,0,2,2,7,1,1,1,00,00,00,52,$0234,09,32,0,
FRAME,1268,C74C,-,22,FB,C6,0,2,2,7,1,1,1,00,00,00,,,,,32,0,
RNG,1269,C535,-,22,FB,C6,0,2,2,7,1,1,1,00,00,00,C535,,,32,0,
FRAME,1269,C74C,-,F4,C3,C7,0,0,4,4,1,1,1,00,00,00,,,,,32,0,
RNG,1270,C535,-,F4,C3,C7,0,0,4,4,1,1,1,00,00,00,C535,,,32,0,
FRAME,1270,C74C,-,C7,63,C8,1,3,7,6,1,1,1,00,00,00,,,,,32,0,
RNG,1271,C535,-,C7,63,C8,1,3,7,6,1,1,1,00,00,00,C535,,,32,0,
FRAME,1271,C74C,-,A9,69,C9,1,1,1,6,1,1,1,00,00,00,,,,,32,0,
RNG,1272,C535,-,A9,69,C9,1,1,1,6,1,1,1,00,00,00,C535,,,32,0,
C726,1272,C726,-,8C,89,CA,0,0,4,0,1,1,1,00,00,00,C726,,,33,0,
C726,1272,C726,-,8C,89,CA,0,0,4,0,1,1,1,00,00,00,C726,,,34,0,
C726,1272,C726,-,8C,89,CA,0,0,4,0,1,1,1,00,00,00,C726,,,35,0,
OBJECT,1272,D0DC,-,8C,89,CA,0,0,4,0,1,1,1,00,00,00,53,$0235,26,35,0,
OBJECT,1272,D0DC,-,8C,89,CA,0,0,4,0,1,1,1,00,00,00,54,$0236,5E,35,0,
OBJECT,1272,D0DC,-,8C,89,CA,0,0,4,0,1,1,1,00,00,00,55,$0237,01,35,0,
FRAME,1272,D0DC,-,8C,89,CA,0,0,4,0,1,1,1,00,00,00,,,,,35,0,
RNG,1273,C535,-,8C,89,CA,0,0,4,0,1,1,1,00,00,00,C535,,,35,0,
C726,1273,C726,-,7E,2A,CB,0,2,6,2,1,1,1,00,00,00,C726,,,36,0,
C726,1273,C726,-,7E,2A,CB,0,2,6,2,1,1,1,00,00,00,C726,,,37,0,
C726,1273,C726,-,7E,2A,CB,0,2,6,2,1,1,1,00,00,00,C726,,,38,0,
C726,1273,C726,-,7E,2A,CB,0,2,6,2,1,1,1,00,00,00,C726,,,39,0,
OBJECT,1273,C74A,-,7E,2A,CB,0,2,6,2,1,1,1,00,00,00,56,$0238,4B,39,0,
OBJECT,1273,C74A,-,7E,2A,CB,0,2,6,2,1,1,1,00,00,00,57,$0239,48,39,0,
OBJECT,1273,C74A,-,7E,2A,CB,0,2,6,2,1,1,1,00,00,00,58,$023A,46,39,0,
OBJECT,1273,C74A,-,7E,2A,CB,0,2,6,2,1,1,1,00,00,00,59,$023B,09,39,0,
FRAME,1273,C74A,-,7E,2A,CB,0,2,6,2,1,1,1,00,00,00,,,,,39,0,
RNG,1274,C535,-,7E,2A,CB,0,2,6,2,1,1,1,00,00,00,C535,,,39,0,
FRAME,1274,C74C,-,71,F0,CC,1,1,1,7,1,1,1,00,00,00,,,,,39,0,
RNG,1275,C535,-,71,F0,CC,1,1,1,7,1,1,1,00,00,00,C535,,,39,0,
FRAME,1275,C74C,-,6F,99,CD,1,3,7,1,1,1,1,00,00,00,,,,,39,0,
RNG,1276,C535,-,6F,99,CD,1,3,7,1,1,1,1,00,00,00,C535,,,39,0,
C726,1276,C726,-,43,99,CE,1,3,3,1,1,1,1,00,00,00,C726,,,40,0,
C726,1276,C726,-,43,99,CE,1,3,3,1,1,1,1,00,00,00,C726,,,41,0,
C726,1276,C726,-,43,99,CE,1,3,3,1,1,1,1,00,00,00,C726,,,42,0,
OBJECT,1276,D002,-,43,99,CE,1,3,3,1,1,1,1,00,00,00,60,$023C,26,42,0,
OBJECT,1276,D002,-,43,99,CE,1,3,3,1,1,1,1,00,00,00,61,$023D,5E,42,0,
OBJECT,1276,D002,-,43,99,CE,1,3,3,1,1,1,1,00,00,00,62,$023E,01,42,0,
FRAME,1276,D002,-,43,99,CE,1,3,3,1,1,1,1,00,00,00,,,,,42,0,
RNG,1277,C535,-,43,99,CE,1,3,3,1,1,1,1,00,00,00,C535,,,42,0,
C726,1277,C726,-,41,26,CF,1,1,1,2,1,1,1,00,00,00,C726,,,43,0,
C726,1277,C726,-,41,26,CF,1,1,1,2,1,1,1,00,00,00,C726,,,44,0,
C726,1277,C726,-,41,26,CF,1,1,1,2,1,1,1,00,00,00,C726,,,45,0,
C726,1277,C726,-,41,26,CF,1,1,1,2,1,1,1,00,00,00,C726,,,46,0,
OBJECT,1277,C74E,-,41,26,CF,1,1,1,2,1,1,1,00,00,00,0,$0200,48,46,0,
OBJECT,1277,C74E,-,41,26,CF,1,1,1,2,1,1,1,00,00,00,1,$0201,46,46,0,
OBJECT,1277,C74E,-,41,26,CF,1,1,1,2,1,1,1,00,00,00,2,$0202,09,46,0,
OBJECT,1277,C74E,-,41,26,CF,1,1,1,2,1,1,1,00,00,00,63,$023F,4B,46,0,
FRAME,1277,C74E,-,41,26,CF,1,1,1,2,1,1,1,00,00,00,,,,,46,0,
RNG,1278,C535,-,41,26,CF,1,1,1,2,1,1,1,00,00,00,C535,,,46,0,
FRAME,1278,C74C,-,25,19,D0,1,1,5,1,1,1,1,00,00,00,,,,,46,0,
RNG,1279,C535,-,25,19,D0,1,1,5,1,1,1,1,00,00,00,C535,,,46,0,
FRAME,1279,C74C,-,23,1C,D1,1,3,3,1,1,1,1,00,00,00,,,,,46,0,
RNG,1280,C535,-,23,1C,D1,1,3,3,1,1,1,1,00,00,00,C535,,,46,0,
C726,1280,C726,-,17,68,D2,1,3,7,6,1,1,1,00,00,00,C726,,,47,0,
OBJECT,1280,E05D,-,17,68,D2,1,3,7,6,1,1,1,00,00,00,3,$0203,26,47,0,
FRAME,1280,E05D,-,17,68,D2,1,3,7,6,1,1,1,00,00,00,,,,,47,0,
RNG,1281,C535,-,17,68,D2,1,3,7,6,1,1,1,00,00,00,C535,,,47,0,
C726,1281,C726,-,15,40,D3,1,1,5,4,1,1,1,00,00,00,C726,,,48,0,
C726,1281,C726,-,15,40,D3,1,1,5,4,1,1,1,00,00,00,C726,,,49,0,
C726,1281,C726,-,15,40,D3,1,1,5,4,1,1,1,00,00,00,C726,,,50,0,
C726,1281,C726,-,15,40,D3,1,1,5,4,1,1,1,00,00,00,C726,,,51,0,
C726,1281,C726,-,15,40,D3,1,1,5,4,1,1,1,00,00,00,C726,,,52,0,
C726,1281,C726,-,15,40,D3,1,1,5,4,1,1,1,00,00,00,C726,,,53,0,
OBJECT,1281,C74E,-,15,40,D3,1,1,5,4,1,1,1,00,00,00,4,$0204,5E,53,0,
OBJECT,1281,C74E,-,15,40,D3,1,1,5,4,1,1,1,00,00,00,5,$0205,01,53,0,
OBJECT,1281,C74E,-,15,40,D3,1,1,5,4,1,1,1,00,00,00,6,$0206,4B,53,0,
OBJECT,1281,C74E,-,15,40,D3,1,1,5,4,1,1,1,00,00,00,7,$0207,48,53,0,
OBJECT,1281,C74E,-,15,40,D3,1,1,5,4,1,1,1,00,00,00,8,$0208,46,53,0,
OBJECT,1281,C74E,-,15,40,D3,1,1,5,4,1,1,1,00,00,00,9,$0209,09,53,0,
FRAME,1281,C74E,-,15,40,D3,1,1,5,4,1,1,1,00,00,00,,,,,53,0,
RNG,1282,C535,-,15,40,D3,1,1,5,4,1,1,1,00,00,00,C535,,,53,0,
FRAME,1282,C74E,-,EA,D5,D4,0,2,2,5,1,1,1,00,00,00,,,,,53,0,
RNG,1283,C535,-,EA,D5,D4,0,2,2,5,1,1,1,00,00,00,C535,,,53,0,
FRAME,1283,C74A,-,E8,77,D5,0,0,0,7,1,1,1,00,00,00,,,,,53,0,
RNG,1284,C535,-,E8,77,D5,0,0,0,7,1,1,1,00,00,00,C535,,,53,0,
C726,1284,C726,-,CD,3F,D6,1,1,5,3,1,1,1,00,00,00,C726,,,54,0,
OBJECT,1284,E05F,-,CD,3F,D6,1,1,5,3,1,1,1,00,00,00,10,$020A,26,54,0,
FRAME,1284,E05F,-,CD,3F,D6,1,1,5,3,1,1,1,00,00,00,,,,,54,0,
RNG,1285,C535,-,CD,3F,D6,1,1,5,3,1,1,1,00,00,00,C535,,,54,0,
C726,1285,C726,-,CB,DF,D7,1,3,3,5,1,1,1,00,00,00,C726,,,55,0,
C726,1285,C726,-,CB,DF,D7,1,3,3,5,1,1,1,00,00,00,C726,,,56,0,
C726,1285,C726,-,CB,DF,D7,1,3,3,5,1,1,1,00,00,00,C726,,,57,0,
C726,1285,C726,-,CB,DF,D7,1,3,3,5,1,1,1,00,00,00,C726,,,58,0,
C726,1285,C726,-,CB,DF,D7,1,3,3,5,1,1,1,00,00,00,C726,,,59,0,
C726,1285,C726,-,CB,DF,D7,1,3,3,5,1,1,1,00,00,00,C726,,,60,0,
OBJECT,1285,C74C,-,CB,DF,D7,1,3,3,5,1,1,1,00,00,00,11,$020B,5E,60,0,
OBJECT,1285,C74C,-,CB,DF,D7,1,3,3,5,1,1,1,00,00,00,12,$020C,01,60,0,
OBJECT,1285,C74C,-,CB,DF,D7,1,3,3,5,1,1,1,00,00,00,13,$020D,4B,60,0,
OBJECT,1285,C74C,-,CB,DF,D7,1,3,3,5,1,1,1,00,00,00,14,$020E,48,60,0,
OBJECT,1285,C74C,-,CB,DF,D7,1,3,3,5,1,1,1,00,00,00,15,$020F,46,60,0,
OBJECT,1285,C74C,-,CB,DF,D7,1,3,3,5,1,1,1,00,00,00,16,$0210,09,60,0,
FRAME,1285,C74C,-,CB,DF,D7,1,3,3,5,1,1,1,00,00,00,,,,,60,0,
RNG,1286,C535,-,CB,DF,D7,1,3,3,5,1,1,1,00,00,00,C535,,,60,0,
FRAME,1286,C74A,-,C0,E5,D8,0,0,0,6,1,1,1,00,00,00,,,,,60,0,
RNG,1287,C535,-,C0,E5,D8,0,0,0,6,1,1,1,00,00,00,C535,,,60,0,
FRAME,1287,C74C,-,AE,05,D9,0,2,6,0,1,1,1,00,00,00,,,,,60,0,
RNG,1288,C535,-,AE,05,D9,0,2,6,0,1,1,1,00,00,00,C535,,,60,0,
C726,1288,C726,-,B3,50,DA,1,3,3,5,1,1,1,00,00,00,C726,,,61,0,
OBJECT,1288,E01F,-,B3,50,DA,1,3,3,5,1,1,1,00,00,00,17,$0211,26,61,0,
FRAME,1288,E01F,-,B3,50,DA,1,3,3,5,1,1,1,00,00,00,,,,,61,0,
RNG,1289,C535,-,B3,50,DA,1,3,3,5,1,1,1,00,00,00,C535,,,61,0,
C726,1289,C726,-,B6,4A,DB,0,2,6,4,1,1,1,00,00,00,C726,,,62,0,
C726,1289,C726,-,B6,4A,DB,0,2,6,4,1,1,1,00,00,00,C726,,,63,0,
C726,1289,C726,-,B6,4A,DB,0,2,6,4,1,1,1,00,00,00,C726,,,64,0,
C726,1289,C726,-,B6,4A,DB,0,2,6,4,1,1,1,00,00,00,C726,,,65,0,
C726,1289,C726,-,B6,4A,DB,0,2,6,4,1,1,1,00,00,00,C726,,,66,0,
C726,1289,C726,-,B6,4A,DB,0,2,6,4,1,1,1,00,00,00,C726,,,67,0,
OBJECT,1289,C74E,-,B6,4A,DB,0,2,6,4,1,1,1,00,00,00,18,$0212,5E,67,0,
OBJECT,1289,C74E,-,B6,4A,DB,0,2,6,4,1,1,1,00,00,00,19,$0213,01,67,0,
OBJECT,1289,C74E,-,B6,4A,DB,0,2,6,4,1,1,1,00,00,00,20,$0214,4B,67,0,
OBJECT,1289,C74E,-,B6,4A,DB,0,2,6,4,1,1,1,00,00,00,21,$0215,48,67,0,
OBJECT,1289,C74E,-,B6,4A,DB,0,2,6,4,1,1,1,00,00,00,22,$0216,46,67,0,
OBJECT,1289,C74E,-,B6,4A,DB,0,2,6,4,1,1,1,00,00,00,23,$0217,09,67,0,
FRAME,1289,C74E,-,B6,4A,DB,0,2,6,4,1,1,1,00,00,00,,,,,67,0,
RNG,1290,C535,-,B6,4A,DB,0,2,6,4,1,1,1,00,00,00,C535,,,67,0,
FRAME,1290,C74C,-,63,F3,DC,1,3,3,7,1,1,1,00,00,00,,,,,67,0,
RNG,1291,C535,-,63,F3,DC,1,3,3,7,1,1,1,00,00,00,C535,,,67,0,
FRAME,1291,C74C,-,68,F3,DD,0,0,0,7,1,1,1,00,00,00,,,,,67,0,
RNG,1292,C535,-,68,F3,DD,0,0,0,7,1,1,1,00,00,00,C535,,,67,0,
FRAME,1292,C74C,-,6B,80,DE,1,3,3,0,1,1,1,00,00,00,,,,,67,0,
RNG,1293,C535,-,6B,80,DE,1,3,3,0,1,1,1,00,00,00,C535,,,67,0,
C726,1293,C726,-,34,73,DF,0,0,4,7,1,1,1,00,00,00,C726,,,68,0,
C726,1293,C726,-,34,73,DF,0,0,4,7,1,1,1,00,00,00,C726,,,69,0,
C726,1293,C726,-,34,73,DF,0,0,4,7,1,1,1,00,00,00,C726,,,70,0,
C726,1293,C726,-,34,73,DF,0,0,4,7,1,1,1,00,00,00,C726,,,71,0,
C726,1293,C726,-,34,73,DF,0,0,4,7,1,1,1,00,00,00,C726,,,72,0,
C726,1293,C726,-,34,73,DF,0,0,4,7,1,1,1,00,00,00,C726,,,73,0,
C726,1293,C726,-,34,73,DF,0,0,4,7,1,1,1,00,00,00,C726,,,74,0,
OBJECT,1293,C74C,-,34,73,DF,0,0,4,7,1,1,1,00,00,00,24,$0218,26,74,0,
OBJECT,1293,C74C,-,34,73,DF,0,0,4,7,1,1,1,00,00,00,25,$0219,5E,74,0,
OBJECT,1293,C74C,-,34,73,DF,0,0,4,7,1,1,1,00,00,00,26,$021A,01,74,0,
OBJECT,1293,C74C,-,34,73,DF,0,0,4,7,1,1,1,00,00,00,27,$021B,4B,74,0,
OBJECT,1293,C74C,-,34,73,DF,0,0,4,7,1,1,1,00,00,00,28,$021C,48,74,0,
OBJECT,1293,C74C,-,34,73,DF,0,0,4,7,1,1,1,00,00,00,29,$021D,46,74,0,
OBJECT,1293,C74C,-,34,73,DF,0,0,4,7,1,1,1,00,00,00,30,$021E,09,74,0,
FRAME,1293,C74C,-,34,73,DF,0,0,4,7,1,1,1,00,00,00,,,,,74,0,
RNG,1294,C535,-,34,73,DF,0,0,4,7,1,1,1,00,00,00,C535,,,74,0,
FRAME,1294,C74C,-,36,76,E0,0,2,6,7,1,1,1,00,00,00,,,,,74,0,
RNG,1295,C535,-,36,76,E0,0,2,6,7,1,1,1,00,00,00,C535,,,74,0,
FRAME,1295,C74C,-,06,C2,E1,0,2,6,4,1,1,1,00,00,00,,,,,74,0,
RNG,1296,C535,-,06,C2,E1,0,2,6,4,1,1,1,00,00,00,C535,,,74,0,
FRAME,1296,C74C,-,24,9A,E2,0,0,4,1,1,1,1,00,00,00,,,,,74,0,
RNG,1297,C535,-,24,9A,E2,0,0,4,1,1,1,1,00,00,00,C535,,,74,0,
C726,1297,C726,-,CD,2F,E3,1,1,5,2,1,1,1,00,00,00,C726,,,75,0,
C726,1297,C726,-,CD,2F,E3,1,1,5,2,1,1,1,00,00,00,C726,,,76,0,
C726,1297,C726,-,CD,2F,E3,1,1,5,2,1,1,1,00,00,00,C726,,,77,0,
C726,1297,C726,-,CD,2F,E3,1,1,5,2,1,1,1,00,00,00,C726,,,78,0,
OBJECT,1297,B08A,-,CD,2F,E3,1,1,5,2,1,1,1,00,00,00,31,$021F,26,78,0,
OBJECT,1297,B08A,-,CD,2F,E3,1,1,5,2,1,1,1,00,00,00,32,$0220,5E,78,0,
OBJECT,1297,B08A,-,CD,2F,E3,1,1,5,2,1,1,1,00,00,00,33,$0221,01,78,0,
OBJECT,1297,B08A,-,CD,2F,E3,1,1,5,2,1,1,1,00,00,00,34,$0222,4B,78,0,
FRAME,1297,B08A,-,CD,2F,E3,1,1,5,2,1,1,1,00,00,00,,,,,78,0,
RNG,1298,C535,-,CD,2F,E3,1,1,5,2,1,1,1,00,00,00,C535,,,78,0,
C726,1298,C726,-,CD,D8,E4,1,1,5,5,1,1,1,00,00,00,C726,,,79,0,
C726,1298,C726,-,CD,D8,E4,1,1,5,5,1,1,1,00,00,00,C726,,,80,0,
C726,1298,C726,-,CD,D8,E4,1,1,5,5,1,1,1,00,00,00,C726,,,81,0,
OBJECT,1298,C74E,-,CD,D8,E4,1,1,5,5,1,1,1,00,00,00,35,$0223,48,81,0,
OBJECT,1298,C74E,-,CD,D8,E4,1,1,5,5,1,1,1,00,00,00,36,$0224,46,81,0,
OBJECT,1298,C74E,-,CD,D8,E4,1,1,5,5,1,1,1,00,00,00,37,$0225,09,81,0,
FRAME,1298,C74E,-,CD,D8,E4,1,1,5,5,1,1,1,00,00,00,,,,,81,0,
RNG,1299,C535,-,CD,D8,E4,1,1,5,5,1,1,1,00,00,00,C535,,,81,0,
FRAME,1299,C74E,-,5A,0D,E5,0,2,2,0,1,1,1,00,00,00,,,,,81,0,
RNG,1300,C535,-,5A,0D,E5,0,2,2,0,1,1,1,00,00,00,C535,,,81,0,
FRAME,1300,C74C,-,5F,2D,E6,1,3,7,2,1,1,1,00,00,00,,,,,81,0,
RNG,1301,C535,-,5F,2D,E6,1,3,7,2,1,1,1,00,00,00,C535,,,81,0,
C726,1301,C726,-,62,53,E7,0,2,2,5,1,1,1,00,00,00,C726,,,82,0,
C726,1301,C726,-,62,53,E7,0,2,2,5,1,1,1,00,00,00,C726,,,83,0,
C726,1301,C726,-,62,53,E7,0,2,2,5,1,1,1,00,00,00,C726,,,84,0,
OBJECT,1301,C1A7,-,62,53,E7,0,2,2,5,1,1,1,00,00,00,38,$0226,26,84,0,
OBJECT,1301,C1A7,-,62,53,E7,0,2,2,5,1,1,1,00,00,00,39,$0227,5E,84,0,
OBJECT,1301,C1A7,-,62,53,E7,0,2,2,5,1,1,1,00,00,00,40,$0228,01,84,0,
FRAME,1301,C1A7,-,62,53,E7,0,2,2,5,1,1,1,00,00,00,,,,,84,0,
C726,1302,C726,-,62,53,E7,0,2,2,5,0,1,1,00,00,00,C726,,,85,0,
C726,1302,C726,-,62,53,E7,0,2,2,5,0,1,1,00,00,00,C726,,,86,0,
C726,1302,C726,-,62,53,E7,0,2,2,5,0,1,1,00,00,00,C726,,,87,0,
C726,1302,C726,-,62,53,E7,0,2,2,5,0,1,1,00,00,00,C726,,,88,0,
OBJECT,1302,C74C,-,62,53,E7,0,2,2,5,0,1,1,00,00,00,41,$0229,4B,88,0,
OBJECT,1302,C74C,-,62,53,E7,0,2,2,5,0,1,1,00,00,00,42,$022A,48,88,0,
OBJECT,1302,C74C,-,62,53,E7,0,2,2,5,0,1,1,00,00,00,43,$022B,46,88,0,
OBJECT,1302,C74C,-,62,53,E7,0,2,2,5,0,1,1,00,00,00,44,$022C,09,88,0,
FRAME,1302,C74C,-,62,53,E7,0,2,2,5,0,1,1,00,00,00,,,,,88,0,
RNG,1303,C535,-,62,53,E7,0,2,2,5,1,2,2,00,00,00,C535,,,88,0,
FRAME,1303,C74C,-,0F,1A,E8,1,3,7,1,1,2,2,00,00,00,,,,,88,0,
RNG,1304,C535,-,0F,1A,E8,1,3,7,1,1,1,2,00,00,00,C535,,,88,0,
FRAME,1304,C74C,-,12,C3,E9,0,2,2,4,1,1,2,00,00,00,,,,,88,0,
RNG,1305,C535,-,12,C3,E9,0,2,2,4,1,1,2,00,00,00,C535,,,88,0,
C726,1305,C726,-,15,C3,EA,1,1,5,4,1,1,2,00,00,00,C726,,,89,0,
OBJECT,1305,E065,-,15,C3,EA,1,1,5,4,1,1,2,00,00,00,45,$022D,26,89,0,
FRAME,1305,E065,-,15,C3,EA,1,1,5,4,1,1,2,00,00,00,,,,,89,0,
RNG,1306,C535,-,15,C3,EA,1,1,5,4,1,1,2,00,00,00,C535,,,89,0,
C726,1306,C726,-,E5,48,EB,1,1,5,4,1,1,2,00,00,00,C726,,,90,0,
C726,1306,C726,-,E5,48,EB,1,1,5,4,1,1,2,00,00,00,C726,,,91,0,
C726,1306,C726,-,E5,48,EB,1,1,5,4,1,1,2,00,00,00,C726,,,92,0,
C726,1306,C726,-,E5,48,EB,1,1,5,4,1,1,2,00,00,00,C726,,,93,0,
C726,1306,C726,-,E5,48,EB,1,1,5,4,1,1,2,00,00,00,C726,,,94,0,
C726,1306,C726,-,E5,48,EB,1,1,5,4,1,1,2,00,00,00,C726,,,95,0,
OBJECT,1306,C74C,-,E5,48,EB,1,1,5,4,1,1,2,00,00,00,46,$022E,5E,95,0,
OBJECT,1306,C74C,-,E5,48,EB,1,1,5,4,1,1,2,00,00,00,47,$022F,01,95,0,
OBJECT,1306,C74C,-,E5,48,EB,1,1,5,4,1,1,2,00,00,00,48,$0230,4B,95,0,
OBJECT,1306,C74C,-,E5,48,EB,1,1,5,4,1,1,2,00,00,00,49,$0231,48,95,0,
OBJECT,1306,C74C,-,E5,48,EB,1,1,5,4,1,1,2,00,00,00,50,$0232,46,95,0,
OBJECT,1306,C74C,-,E5,48,EB,1,1,5,4,1,1,2,00,00,00,51,$0233,09,95,0,
FRAME,1306,C74C,-,E5,48,EB,1,1,5,4,1,1,2,00,00,00,,,,,95,0,
RNG,1307,C535,-,E5,48,EB,1,1,5,4,1,1,2,00,00,00,C535,,,95,0,
FRAME,1307,C74C,-,E8,15,EC,0,0,0,1,1,1,2,00,00,00,,,,,95,0,
RNG,1308,C535,-,E8,15,EC,0,0,0,1,1,1,2,00,00,00,C535,,,95,0,
FRAME,1308,C74E,-,34,9A,ED,0,0,4,1,1,1,2,00,00,00,,,,,95,0,
RNG,1309,C535,-,34,9A,ED,0,0,4,1,1,1,2,00,00,00,C535,,,95,0,
C726,1309,C726,-,FA,68,EE,0,2,2,6,1,1,2,00,00,00,C726,,,96,0,
OBJECT,1309,E065,-,FA,68,EE,0,2,2,6,1,1,2,00,00,00,52,$0234,26,96,0,
FRAME,1309,E065,-,FA,68,EE,0,2,2,6,1,1,2,00,00,00,,,,,96,0,
RNG,1310,C535,-,FA,68,EE,0,2,2,6,1,1,2,00,00,00,C535,,,96,0,
C726,1310,C726,-,7C,ED,EF,0,0,4,6,1,1,2,00,00,00,C726,,,97,0,
C726,1310,C726,-,7C,ED,EF,0,0,4,6,1,1,2,00,00,00,C726,,,98,0,
C726,1310,C726,-,7C,ED,EF,0,0,4,6,1,1,2,00,00,00,C726,,,99,0,
C726,1310,C726,-,7C,ED,EF,0,0,4,6,1,1,2,00,00,00,C726,,,100,0,
C726,1310,C726,-,7C,ED,EF,0,0,4,6,1,1,2,00,00,00,C726,,,101,0,
C726,1310,C726,-,7C,ED,EF,0,0,4,6,1,1,2,00,00,00,C726,,,102,0,
OBJECT,1310,C74C,-,7C,ED,EF,0,0,4,6,1,1,2,00,00,00,53,$0235,5E,102,0,
OBJECT,1310,C74C,-,7C,ED,EF,0,0,4,6,1,1,2,00,00,00,54,$0236,01,102,0,
OBJECT,1310,C74C,-,7C,ED,EF,0,0,4,6,1,1,2,00,00,00,55,$0237,4B,102,0,
OBJECT,1310,C74C,-,7C,ED,EF,0,0,4,6,1,1,2,00,00,00,56,$0238,48,102,0,
OBJECT,1310,C74C,-,7C,ED,EF,0,0,4,6,1,1,2,00,00,00,57,$0239,46,102,0,
OBJECT,1310,C74C,-,7C,ED,EF,0,0,4,6,1,1,2,00,00,00,58,$023A,09,102,0,
FRAME,1310,C74C,-,7C,ED,EF,0,0,4,6,1,1,2,00,00,00,,,,,102,0,
RNG,1311,C535,-,7C,ED,EF,0,0,4,6,1,1,2,00,00,00,C535,,,102,0,
FRAME,1311,C74C,-,45,BC,F0,1,1,5,3,1,1,2,00,00,00,,,,,102,0,
RNG,1312,C535,-,45,BC,F0,1,1,5,3,1,1,2,00,00,00,C535,,,102,0,
FRAME,1312,C74C,-,46,41,F1,0,2,6,4,1,1,2,00,00,00,,,,,102,0,
RNG,1313,C535,-,46,41,F1,0,2,6,4,1,1,2,00,00,00,C535,,,102,0,
C726,1313,C726,-,16,11,F2,0,2,6,1,1,1,2,00,00,00,C726,,,103,0,
OBJECT,1313,E063,-,16,11,F2,0,2,6,1,1,1,2,00,00,00,59,$023B,26,103,0,
FRAME,1313,E063,-,16,11,F2,0,2,6,1,1,1,2,00,00,00,,,,,103,0,
RNG,1314,C535,-,16,11,F2,0,2,6,1,1,1,2,00,00,00,C535,,,103,0,
C726,1314,C726,-,19,96,F3,1,1,1,1,1,1,2,00,00,00,C726,,,104,0,
C726,1314,C726,-,19,96,F3,1,1,1,1,1,1,2,00,00,00,C726,,,105,0,
C726,1314,C726,-,19,96,F3,1,1,1,1,1,1,2,00,00,00,C726,,,106,0,
C726,1314,C726,-,19,96,F3,1,1,1,1,1,1,2,00,00,00,C726,,,107,0,
C726,1314,C726,-,19,96,F3,1,1,1,1,1,1,2,00,00,00,C726,,,108,0,
C726,1314,C726,-,19,96,F3,1,1,1,1,1,1,2,00,00,00,C726,,,109,0,
OBJECT,1314,C74C,-,19,96,F3,1,1,1,1,1,1,2,00,00,00,0,$0200,46,109,0,
OBJECT,1314,C74C,-,19,96,F3,1,1,1,1,1,1,2,00,00,00,1,$0201,09,109,0,
OBJECT,1314,C74C,-,19,96,F3,1,1,1,1,1,1,2,00,00,00,60,$023C,5E,109,0,
OBJECT,1314,C74C,-,19,96,F3,1,1,1,1,1,1,2,00,00,00,61,$023D,01,109,0,
OBJECT,1314,C74C,-,19,96,F3,1,1,1,1,1,1,2,00,00,00,62,$023E,4B,109,0,
OBJECT,1314,C74C,-,19,96,F3,1,1,1,1,1,1,2,00,00,00,63,$023F,48,109,0,
FRAME,1314,C74C,-,19,96,F3,1,1,1,1,1,1,2,00,00,00,,,,,109,0,
RNG,1315,C535,-,19,96,F3,1,1,1,1,1,1,2,00,00,00,C535,,,109,0,
FRAME,1315,C74C,-,65,67,F4,1,1,5,6,1,1,2,00,00,00,,,,,109,0,
RNG,1316,C535,-,65,67,F4,1,1,5,6,1,1,2,00,00,00,C535,,,109,0,
FRAME,1316,C74C,-,93,EC,F5,1,3,3,6,1,1,2,00,00,00,,,,,109,0,
RNG,1317,C535,-,93,EC,F5,1,3,3,6,1,1,2,00,00,00,C535,,,109,0,
FRAME,1317,C74C,-,16,BE,F6,0,2,6,3,1,1,2,00,00,00,,,,,109,0,
RNG,1318,C535,-,16,BE,F6,0,2,6,3,1,1,2,00,00,00,C535,,,109,0,
C726,1318,C726,-,DF,1E,F7,1,3,7,1,1,1,2,00,00,00,C726,,,110,0,
C726,1318,C726,-,DF,1E,F7,1,3,7,1,1,1,2,00,00,00,C726,,,111,0,
C726,1318,C726,-,DF,1E,F7,1,3,7,1,1,1,2,00,00,00,C726,,,112,0,
C726,1318,C726,-,DF,1E,F7,1,3,7,1,1,1,2,00,00,00,C726,,,113,0,
C726,1318,C726,-,DF,1E,F7,1,3,7,1,1,1,2,00,00,00,C726,,,114,0,
OBJECT,1318,B29F,-,DF,1E,F7,1,3,7,1,1,1,2,00,00,00,2,$0202,26,114,0,
OBJECT,1318,B29F,-,DF,1E,F7,1,3,7,1,1,1,2,00,00,00,3,$0203,5E,114,0,
OBJECT,1318,B29F,-,DF,1E,F7,1,3,7,1,1,1,2,00,00,00,4,$0204,01,114,0,
OBJECT,1318,B29F,-,DF,1E,F7,1,3,7,1,1,1,2,00,00,00,5,$0205,4B,114,0,
OBJECT,1318,B29F,-,DF,1E,F7,1,3,7,1,1,1,2,00,00,00,6,$0206,48,114,0,
FRAME,1318,B29F,-,DF,1E,F7,1,3,7,1,1,1,2,00,00,00,,,,,114,0,
RNG,1319,C535,-,DF,1E,F7,1,3,7,1,1,1,2,00,00,00,C535,,,114,0,
C726,1319,C726,-,E1,61,F8,1,1,1,6,1,1,2,00,00,00,C726,,,115,0,
C726,1319,C726,-,E1,61,F8,1,1,1,6,1,1,2,00,00,00,C726,,,116,0,
OBJECT,1319,C74E,-,E1,61,F8,1,1,1,6,1,1,2,00,00,00,7,$0207,46,116,0,
OBJECT,1319,C74E,-,E1,61,F8,1,1,1,6,1,1,2,00,00,00,8,$0208,09,116,0,
FRAME,1319,C74E,-,E1,61,F8,1,1,1,6,1,1,2,00,00,00,,,,,116,0,
RNG,1320,C535,-,E1,61,F8,1,1,1,6,1,1,2,00,00,00,C535,,,116,0,
FRAME,1320,C74E,-,B1,A5,F9,1,1,1,2,1,1,2,00,00,00,,,,,116,0,
RNG,1321,C535,-,B1,A5,F9,1,1,1,2,1,1,2,00,00,00,C535,,,116,0,
FRAME,1321,C74A,-,B4,F8,FA,0,0,4,7,1,1,2,00,00,00,,,,,116,0,
RNG,1322,C535,-,B4,F8,FA,0,0,4,7,1,1,2,00,00,00,C535,,,116,0,
C726,1322,C726,-,00,4C,FB,0,0,0,4,1,1,2,00,00,00,C726,,,117,0,
C726,1322,C726,-,00,4C,FB,0,0,0,4,1,1,2,00,00,00,C726,,,118,0,
C726,1322,C726,-,00,4C,FB,0,0,0,4,1,1,2,00,00,00,C726,,,119,0,
OBJECT,1322,C3BF,-,00,4C,FB,0,0,0,4,1,1,2,00,00,00,9,$0209,26,119,0,
OBJECT,1322,C3BF,-,00,4C,FB,0,0,0,4,1,1,2,00,00,00,10,$020A,5E,119,0,
OBJECT,1322,C3BF,-,00,4C,FB,0,0,0,4,1,1,2,00,00,00,11,$020B,01,119,0,
FRAME,1322,C3BF,-,00,4C,FB,0,0,0,4,1,1,2,00,00,00,,,,,119,0,
C726,1323,C726,-,00,4C,FB,0,0,0,4,0,1,2,00,00,00,C726,,,120,0,
C726,1323,C726,-,00,4C,FB,0,0,0,4,0,1,2,00,00,00,C726,,,121,0,
C726,1323,C726,-,00,4C,FB,0,0,0,4,0,1,2,00,00,00,C726,,,122,0,
C726,1323,C726,-,00,4C,FB,0,0,0,4,0,1,2,00,00,00,C726,,,123,0,
OBJECT,1323,C74C,-,00,4C,FB,0,0,0,4,0,1,2,00,00,00,12,$020C,4B,123,0,
OBJECT,1323,C74C,-,00,4C,FB,0,0,0,4,0,1,2,00,00,00,13,$020D,48,123,0,
OBJECT,1323,C74C,-,00,4C,FB,0,0,0,4,0,1,2,00,00,00,14,$020E,46,123,0,
OBJECT,1323,C74C,-,00,4C,FB,0,0,0,4,0,1,2,00,00,00,15,$020F,09,123,0,
FRAME,1323,C74C,-,00,4C,FB,0,0,0,4,0,1,2,00,00,00,,,,,123,0,
RNG,1324,C535,-,00,4C,FB,0,0,0,4,1,2,2,00,00,00,C535,,,123,0,
FRAME,1324,C74A,-,62,AF,FC,0,2,2,2,1,2,2,00,00,00,,,,,123,0,
RNG,1325,C535,-,62,AF,FC,0,2,2,2,1,1,2,00,00,00,C535,,,123,0,
FRAME,1325,C74C,-,E5,13,FD,1,1,5,1,1,1,2,00,00,00,,,,,123,0,
RNG,1326,C535,-,E5,13,FD,1,1,5,1,1,1,2,00,00,00,C535,,,123,0,
C726,1326,C726,-,31,58,FE,1,1,1,5,1,1,2,00,00,00,C726,,,124,0,
OBJECT,1326,E065,-,31,58,FE,1,1,1,5,1,1,2,00,00,00,16,$0210,26,124,0,
FRAME,1326,E065,-,31,58,FE,1,1,1,5,1,1,2,00,00,00,,,,,124,0,
RNG,1327,C535,-,31,58,FE,1,1,1,5,1,1,2,00,00,00,C535,,,124,0,
C726,1327,C726,-,17,9E,FF,1,3,7,1,1,1,2,00,00,00,C726,,,125,0,
C726,1327,C726,-,17,9E,FF,1,3,7,1,1,1,2,00,00,00,C726,,,126,0,
C726,1327,C726,-,17,9E,FF,1,3,7,1,1,1,2,00,00,00,C726,,,127,0,
C726,1327,C726,-,17,9E,FF,1,3,7,1,1,1,2,00,00,00,C726,,,128,0,
C726,1327,C726,-,17,9E,FF,1,3,7,1,1,1,2,00,00,00,C726,,,129,0,
C726,1327,C726,-,17,9E,FF,1,3,7,1,1,1,2,00,00,00,C726,,,130,0,
OBJECT,1327,C74C,-,17,9E,FF,1,3,7,1,1,1,2,00,00,00,17,$0211,5E,130,0,
OBJECT,1327,C74C,-,17,9E,FF,1,3,7,1,1,1,2,00,00,00,18,$0212,01,130,0,
OBJECT,1327,C74C,-,17,9E,FF,1,3,7,1,1,1,2,00,00,00,19,$0213,4B,130,0,
OBJECT,1327,C74C,-,17,9E,FF,1,3,7,1,1,1,2,00,00,00,20,$0214,48,130,0,
OBJECT,1327,C74C,-,17,9E,FF,1,3,7,1,1,1,2,00,00,00,21,$0215,46,130,0,
OBJECT,1327,C74C,-,17,9E,FF,1,3,7,1,1,1,2,00,00,00,22,$0216,09,130,0,
FRAME,1327,C74C,-,17,9E,FF,1,3,7,1,1,1,2,00,00,00,,,,,130,0,
RNG,1328,C535,-,17,9E,FF,1,3,7,1,1,1,2,00,00,00,C535,,,130,0,
FRAME,1328,C74C,-,9A,F3,00,0,2,2,7,1,1,2,00,00,00,,,,,130,0,
RNG,1329,C535,-,9A,F3,00,0,2,2,7,1,1,2,00,00,00,C535,,,130,0,
FRAME,1329,C74C,-,6A,80,01,0,2,2,0,1,1,2,00,00,00,,,,,130,0,
RNG,1330,C535,-,6A,80,01,0,2,2,0,1,1,2,00,00,00,C535,,,130,0,
C726,1330,C726,-,45,53,02,1,1,5,5,1,1,2,00,00,00,C726,,,131,0,
OBJECT,1330,E022,-,45,53,02,1,1,5,5,1,1,2,00,00,00,23,$0217,26,131,0,
FRAME,1330,E022,-,45,53,02,1,1,5,5,1,1,2,00,00,00,,,,,131,0,
RNG,1331,C535,-,45,53,02,1,1,5,5,1,1,2,00,00,00,C535,,,131,0,
C726,1331,C726,-,F2,5A,03,0,2,2,5,1,1,2,00,00,00,C726,,,132,0,
C726,1331,C726,-,F2,5A,03,0,2,2,5,1,1,2,00,00,00,C726,,,133,0,
C726,1331,C726,-,F2,5A,03,0,2,2,5,1,1,2,00,00,00,C726,,,134,0,
C726,1331,C726,-,F2,5A,03,0,2,2,5,1,1,2,00,00,00,C726,,,135,0,
C726,1331,C726,-,F2,5A,03,0,2,2,5,1,1,2,00,00,00,C726,,,136,0,
C726,1331,C726,-,F2,5A,03,0,2,2,5,1,1,2,00,00,00,C726,,,137,0,
OBJECT,1331,C74A,-,F2,5A,03,0,2,2,5,1,1,2,00,00,00,24,$0218,5E,137,0,
OBJECT,1331,C74A,-,F2,5A,03,0,2,2,5,1,1,2,00,00,00,25,$0219,01,137,0,
OBJECT,1331,C74A,-,F2,5A,03,0,2,2,5,1,1,2,00,00,00,26,$021A,4B,137,0,
OBJECT,1331,C74A,-,F2,5A,03,0,2,2,5,1,1,2,00,00,00,27,$021B,48,137,0,
OBJECT,1331,C74A,-,F2,5A,03,0,2,2,5,1,1,2,00,00,00,28,$021C,46,137,0,
OBJECT,1331,C74A,-,F2,5A,03,0,2,2,5,1,1,2,00,00,00,29,$021D,09,137,0,
FRAME,1331,C74A,-,F2,5A,03,0,2,2,5,1,1,2,00,00,00,,,,,137,0,
RNG,1332,C535,-,F2,5A,03,0,2,2,5,1,1,2,00,00,00,C535,,,137,0,
FRAME,1332,C74E,-,1D,E7,04,1,1,5,6,1,1,2,00,00,00,,,,,137,0,
RNG,1333,C535,-,1D,E7,04,1,1,5,6,1,1,2,00,00,00,C535,,,137,0,
FRAME,1333,C74A,-,24,C2,05,0,0,4,4,1,1,2,00,00,00,,,,,137,0,
RNG,1334,C535,-,24,C2,05,0,0,4,4,1,1,2,00,00,00,C535,,,137,0,
C726,1334,C726,-,F1,C9,06,1,1,1,4,1,1,2,00,00,00,C726,,,138,0,
OBJECT,1334,E022,-,F1,C9,06,1,1,1,4,1,1,2,00,00,00,30,$021E,26,138,0,
FRAME,1334,E022,-,F1,C9,06,1,1,1,4,1,1,2,00,00,00,,,,,138,0,
RNG,1335,C535,-,F1,C9,06,1,1,1,4,1,1,2,00,00,00,C535,,,138,0,
C726,1335,C726,-,74,E1,07,0,0,4,6,1,1,2,00,00,00,C726,,,139,0,
C726,1335,C726,-,74,E1,07,0,0,4,6,1,1,2,00,00,00,C726,,,140,0,
C726,1335,C726,-,74,E1,07,0,0,4,6,1,1,2,00,00,00,C726,,,141,0,
C726,1335,C726,-,74,E1,07,0,0,4,6,1,1,2,00,00,00,C726,,,142,0,
C726,1335,C726,-,74,E1,07,0,0,4,6,1,1,2,00,00,00,C726,,,143,0,
C726,1335,C726,-,74,E1,07,0,0,4,6,1,1,2,00,00,00,C726,,,144,0,
OBJECT,1335,C74C,-,74,E1,07,0,0,4,6,1,1,2,00,00,00,31,$021F,5E,144,0,
OBJECT,1335,C74C,-,74,E1,07,0,0,4,6,1,1,2,00,00,00,32,$0220,01,144,0,
OBJECT,1335,C74C,-,74,E1,07,0,0,4,6,1,1,2,00,00,00,33,$0221,4B,144,0,
OBJECT,1335,C74C,-,74,E1,07,0,0,4,6,1,1,2,00,00,00,34,$0222,48,144,0,
OBJECT,1335,C74C,-,74,E1,07,0,0,4,6,1,1,2,00,00,00,35,$0223,46,144,0,
OBJECT,1335,C74C,-,74,E1,07,0,0,4,6,1,1,2,00,00,00,36,$0224,09,144,0,
FRAME,1335,C74C,-,74,E1,07,0,0,4,6,1,1,2,00,00,00,,,,,144,0,
RNG,1336,C535,-,74,E1,07,0,0,4,6,1,1,2,00,00,00,C535,,,144,0,
FRAME,1336,C74A,-,7B,4A,08,1,3,3,4,1,1,2,00,00,00,,,,,144,0,
RNG,1337,C535,-,7B,4A,08,1,3,3,4,1,1,2,00,00,00,C535,,,144,0,
FRAME,1337,C74C,-,0B,52,09,1,3,3,5,1,1,2,00,00,00,,,,,144,0,
RNG,1338,C535,-,0B,52,09,1,3,3,5,1,1,2,00,00,00,C535,,,144,0,
FRAME,1338,C74C,-,12,DF,0A,0,2,2,5,1,1,2,00,00,00,,,,,144,0,
RNG,1339,C535,-,12,DF,0A,0,2,2,5,1,1,2,00,00,00,C535,,,144,0,
C726,1339,C726,-,B7,AE,0B,1,3,7,2,1,1,2,00,00,00,C726,,,145,0,
C726,1339,C726,-,B7,AE,0B,1,3,7,2,1,1,2,00,00,00,C726,,,146,0,
C726,1339,C726,-,B7,AE,0B,1,3,7,2,1,1,2,00,00,00,C726,,,147,0,
C726,1339,C726,-,B7,AE,0B,1,3,7,2,1,1,2,00,00,00,C726,,,148,0,
C726,1339,C726,-,B7,AE,0B,1,3,7,2,1,1,2,00,00,00,C726,,,149,0,
C726,1339,C726,-,B7,AE,0B,1,3,7,2,1,1,2,00,00,00,C726,,,150,0,
C726,1339,C726,-,B7,AE,0B,1,3,7,2,1,1,2,00,00,00,C726,,,151,0,
OBJECT,1339,C74E,-,B7,AE,0B,1,3,7,2,1,1,2,00,00,00,37,$0225,26,151,0,
OBJECT,1339,C74E,-,B7,AE,0B,1,3,7,2,1,1,2,00,00,00,38,$0226,5E,151,0,
OBJECT,1339,C74E,-,B7,AE,0B,1,3,7,2,1,1,2,00,00,00,39,$0227,01,151,0,
OBJECT,1339,C74E,-,B7,AE,0B,1,3,7,2,1,1,2,00,00,00,40,$0228,4B,151,0,
OBJECT,1339,C74E,-,B7,AE,0B,1,3,7,2,1,1,2,00,00,00,41,$0229,48,151,0,
OBJECT,1339,C74E,-,B7,AE,0B,1,3,7,2,1,1,2,00,00,00,42,$022A,46,151,0,
OBJECT,1339,C74E,-,B7,AE,0B,1,3,7,2,1,1,2,00,00,00,43,$022B,09,151,0,
FRAME,1339,C74E,-,B7,AE,0B,1,3,7,2,1,1,2,00,00,00,,,,,151,0,
RNG,1340,C535,-,B7,AE,0B,1,3,7,2,1,1,2,00,00,00,C535,,,151,0,
FRAME,1340,C74E,-,96,B5,0C,0,2,6,3,1,1,2,00,00,00,,,,,151,0,
RNG,1341,C535,-,96,B5,0C,0,2,6,3,1,1,2,00,00,00,C535,,,151,0,
FRAME,1341,C74A,-,BF,42,0D,1,3,7,4,1,1,2,00,00,00,,,,,151,0,
RNG,1342,C535,-,BF,42,0D,1,3,7,4,1,1,2,00,00,00,C535,,,151,0,
FRAME,1342,C74A,-,C6,19,0E,0,2,6,1,1,1,2,00,00,00,,,,,151,0,
RNG,1343,C535,-,C6,19,0E,0,2,6,1,1,1,2,00,00,00,C535,,,151,0,
C726,1343,C726,-,12,20,0F,0,2,2,2,1,1,2,00,00,00,C726,,,152,0,
C726,1343,C726,-,12,20,0F,0,2,2,2,1,1,2,00,00,00,C726,,,153,0,
C726,1343,C726,-,12,20,0F,0,2,2,2,1,1,2,00,00,00,C726,,,154,0,
C726,1343,C726,-,12,20,0F,0,2,2,2,1,1,2,00,00,00,C726,,,155,0,
OBJECT,1343,C3F3,-,12,20,0F,0,2,2,2,1,1,2,00,00,00,44,$022C,26,155,0,
OBJECT,1343,C3F3,-,12,20,0F,0,2,2,2,1,1,2,00,00,00,45,$022D,5E,155,0,
OBJECT,1343,C3F3,-,12,20,0F,0,2,2,2,1,1,2,00,00,00,46,$022E,01,155,0,
OBJECT,1343,C3F3,-,12,20,0F,0,2,2,2,1,1,2,00,00,00,47,$022F,4B,155,0,
FRAME,1343,C3F3,-,12,20,0F,0,2,2,2,1,1,2,00,00,00,,,,,155,0,
C726,1344,C726,-,12,20,0F,0,2,2,2,0,1,2,00,00,00,C726,,,156,0,
C726,1344,C726,-,12,20,0F,0,2,2,2,0,1,2,00,00,00,C726,,,157,0,
C726,1344,C726,-,12,20,0F,0,2,2,2,0,1,2,00,00,00,C726,,,158,0,
OBJECT,1344,C74C,-,12,20,0F,0,2,2,2,0,1,2,00,00,00,48,$0230,48,158,0,
OBJECT,1344,C74C,-,12,20,0F,0,2,2,2,0,1,2,00,00,00,49,$0231,46,158,0,
OBJECT,1344,C74C,-,12,20,0F,0,2,2,2,0,1,2,00,00,00,50,$0232,09,158,0,
FRAME,1344,C74C,-,12,20,0F,0,2,2,2,0,1,2,00,00,00,,,,,158,0,
RNG,1345,C535,-,12,20,0F,0,2,2,2,1,2,2,00,00,00,C535,,,158,0,
FRAME,1345,C74E,-,7E,AD,10,0,2,6,2,1,2,2,00,00,00,,,,,158,0,
RNG,1346,C535,-,7E,AD,10,0,2,6,2,1,1,2,00,00,00,C535,,,158,0,
FRAME,1346,C74A,-,FF,8C,11,1,3,7,0,1,1,2,00,00,00,,,,,158,0,
RNG,1347,C535,-,FF,8C,11,1,3,7,0,1,1,2,00,00,00,C535,,,158,0,
C726,1347,C726,-,A4,93,12,0,0,4,1,1,1,2,00,00,00,C726,,,159,0,
C726,1347,C726,-,A4,93,12,0,0,4,1,1,1,2,00,00,00,C726,,,160,0,
C726,1347,C726,-,A4,93,12,0,0,4,1,1,1,2,00,00,00,C726,,,161,0,
OBJECT,1347,C3F5,-,A4,93,12,0,0,4,1,1,1,2,00,00,00,51,$0233,26,161,0,
OBJECT,1347,C3F5,-,A4,93,12,0,0,4,1,1,1,2,00,00,00,52,$0234,5E,161,0,
OBJECT,1347,C3F5,-,A4,93,12,0,0,4,1,1,1,2,00,00,00,53,$0235,01,161,0,
FRAME,1347,C3F5,-,A4,93,12,0,0,4,1,1,1,2,00,00,00,,,,,161,0,
C726,1348,C726,-,A4,93,12,0,0,4,1,0,1,2,00,00,00,C726,,,162,0,
C726,1348,C726,-,A4,93,12,0,0,4,1,0,1,2,00,00,00,C726,,,163,0,
C726,1348,C726,-,A4,93,12,0,0,4,1,0,1,2,00,00,00,C726,,,164,0,
C726,1348,C726,-,A4,93,12,0,0,4,1,0,1,2,00,00,00,C726,,,165,0,
OBJECT,1348,C74A,-,A4,93,12,0,0,4,1,0,1,2,00,00,00,54,$0236,4B,165,0,
OBJECT,1348,C74A,-,A4,93,12,0,0,4,1,0,1,2,00,00,00,55,$0237,48,165,0,
OBJECT,1348,C74A,-,A4,93,12,0,0,4,1,0,1,2,00,00,00,56,$0238,46,165,0,
OBJECT,1348,C74A,-,A4,93,12,0,0,4,1,0,1,2,00,00,00,57,$0239,09,165,0,
FRAME,1348,C74A,-,A4,93,12,0,0,4,1,0,1,2,00,00,00,,,,,165,0,
RNG,1349,C535,-,A4,93,12,0,0,4,1,1,2,2,00,00,00,C535,,,165,0,
FRAME,1349,C74C,-,83,3C,13,1,3,3,3,1,2,2,00,00,00,,,,,165,0,
RNG,1350,C535,-,83,3C,13,1,3,3,3,1,1,2,00,00,00,C535,,,165,0,
FRAME,1350,C74A,-,AC,3C,14,0,0,4,3,1,1,2,00,00,00,,,,,165,0,
RNG,1351,C535,-,AC,3C,14,0,0,4,3,1,1,2,00,00,00,C535,,,165,0,
C726,1351,C726,-,B3,C9,15,1,3,3,4,1,1,2,00,00,00,C726,,,166,0,
OBJECT,1351,E065,-,B3,C9,15,1,3,3,4,1,1,2,00,00,00,58,$023A,26,166,0,
FRAME,1351,E065,-,B3,C9,15,1,3,3,4,1,1,2,00,00,00,,,,,166,0,
RNG,1352,C535,-,B3,C9,15,1,3,3,4,1,1,2,00,00,00,C535,,,166,0,
C726,1352,C726,-,EB,BD,16,1,3,3,3,1,1,2,00,00,00,C726,,,167,0,
C726,1352,C726,-,EB,BD,16,1,3,3,3,1,1,2,00,00,00,C726,,,168,0,
C726,1352,C726,-,EB,BD,16,1,3,3,3,1,1,2,00,00,00,C726,,,169,0,
C726,1352,C726,-,EB,BD,16,1,3,3,3,1,1,2,00,00,00,C726,,,170,0,
C726,1352,C726,-,EB,BD,16,1,3,3,3,1,1,2,00,00,00,C726,,,171,0,
C726,1352,C726,-,EB,BD,16,1,3,3,3,1,1,2,00,00,00,C726,,,172,0,
OBJECT,1352,C74A,-,EB,BD,16,1,3,3,3,1,1,2,00,00,00,0,$0200,09,172,0,
OBJECT,1352,C74A,-,EB,BD,16,1,3,3,3,1,1,2,00,00,00,59,$023B,5E,172,0,
OBJECT,1352,C74A,-,EB,BD,16,1,3,3,3,1,1,2,00,00,00,60,$023C,01,172,0,
OBJECT,1352,C74A,-,EB,BD,16,1,3,3,3,1,1,2,00,00,00,61,$023D,4B,172,0,
OBJECT,1352,C74A,-,EB,BD,16,1,3,3,3,1,1,2,00,00,00,62,$023E,48,172,0,
OBJECT,1352,C74A,-,EB,BD,16,1,3,3,3,1,1,2,00,00,00,63,$023F,46,172,0,
FRAME,1352,C74A,-,EB,BD,16,1,3,3,3,1,1,2,00,00,00,,,,,172,0,
RNG,1353,C535,-,EB,BD,16,1,3,3,3,1,1,2,00,00,00,C535,,,172,0,
FRAME,1353,C74A,-,D4,C0,17,0,0,4,4,1,1,2,00,00,00,,,,,172,0,
RNG,1354,C535,-,D4,C0,17,0,0,4,4,1,1,2,00,00,00,C535,,,172,0,
FRAME,1354,C74A,-,DD,4D,18,1,1,5,4,1,1,2,00,00,00,,,,,172,0,
RNG,1355,C535,-,DD,4D,18,1,1,5,4,1,1,2,00,00,00,C535,,,172,0,
C726,1355,C726,-,62,42,19,0,2,2,4,1,1,2,00,00,00,C726,,,173,0,
OBJECT,1355,E022,-,62,42,19,0,2,2,4,1,1,2,00,00,00,1,$0201,26,173,0,
FRAME,1355,E022,-,62,42,19,0,2,2,4,1,1,2,00,00,00,,,,,173,0,
RNG,1356,C535,-,62,42,19,0,2,2,4,1,1,2,00,00,00,C535,,,173,0,
C726,1356,C726,-,E9,45,1A,1,1,1,4,1,1,2,00,00,00,C726,,,174,0,
C726,1356,C726,-,E9,45,1A,1,1,1,4,1,1,2,00,00,00,C726,,,175,0,
C726,1356,C726,-,E9,45,1A,1,1,1,4,1,1,2,00,00,00,C726,,,176,0,
C726,1356,C726,-,E9,45,1A,1,1,1,4,1,1,2,00,00,00,C726,,,177,0,
C726,1356,C726,-,E9,45,1A,1,1,1,4,1,1,2,00,00,00,C726,,,178,0,
C726,1356,C726,-,E9,45,1A,1,1,1,4,1,1,2,00,00,00,C726,,,179,0,
OBJECT,1356,C74E,-,E9,45,1A,1,1,1,4,1,1,2,00,00,00,2,$0202,5E,179,0,
OBJECT,1356,C74E,-,E9,45,1A,1,1,1,4,1,1,2,00,00,00,3,$0203,01,179,0,
OBJECT,1356,C74E,-,E9,45,1A,1,1,1,4,1,1,2,00,00,00,4,$0204,4B,179,0,
OBJECT,1356,C74E,-,E9,45,1A,1,1,1,4,1,1,2,00,00,00,5,$0205,48,179,0,
OBJECT,1356,C74E,-,E9,45,1A,1,1,1,4,1,1,2,00,00,00,6,$0206,46,179,0,
OBJECT,1356,C74E,-,E9,45,1A,1,1,1,4,1,1,2,00,00,00,7,$0207,09,179,0,
FRAME,1356,C74E,-,E9,45,1A,1,1,1,4,1,1,2,00,00,00,,,,,179,0,
RNG,1357,C535,-,E9,45,1A,1,1,1,4,1,1,2,00,00,00,C535,,,179,0,
FRAME,1357,C74A,-,8B,D2,1B,1,3,3,5,1,1,2,00,00,00,,,,,179,0,
RNG,1358,C535,-,8B,D2,1B,1,3,3,5,1,1,2,00,00,00,C535,,,179,0,
FRAME,1358,C74A,-,8B,C8,1C,1,3,3,4,1,1,2,00,00,00,,,,,179,0,
RNG,1359,C535,-,8B,C8,1C,1,3,3,4,1,1,2,00,00,00,C535,,,179,0,
C726,1359,C726,-,34,CB,1D,0,0,4,4,1,1,2,00,00,00,C726,,,180,0,
OBJECT,1359,E05D,-,34,CB,1D,0,0,4,4,1,1,2,00,00,00,8,$0208,26,180,0,
FRAME,1359,E05D,-,34,CB,1D,0,0,4,4,1,1,2,00,00,00,,,,,180,0,
RNG,1360,C535,-,34,CB,1D,0,0,4,4,1,1,2,00,00,00,C535,,,180,0,
C726,1360,C726,-,3A,58,1E,0,2,2,5,1,1,2,00,00,00,C726,,,181,0,
C726,1360,C726,-,3A,58,1E,0,2,2,5,1,1,2,00,00,00,C726,,,182,0,
C726,1360,C726,-,3A,58,1E,0,2,2,5,1,1,2,00,00,00,C726,,,183,0,
C726,1360,C726,-,3A,58,1E,0,2,2,5,1,1,2,00,00,00,C726,,,184,0,
C726,1360,C726,-,3A,58,1E,0,2,2,5,1,1,2,00,00,00,C726,,,185,0,
C726,1360,C726,-,3A,58,1E,0,2,2,5,1,1,2,00,00,00,C726,,,186,0,
OBJECT,1360,C74E,-,3A,58,1E,0,2,2,5,1,1,2,00,00,00,9,$0209,5E,186,0,
OBJECT,1360,C74E,-,3A,58,1E,0,2,2,5,1,1,2,00,00,00,10,$020A,01,186,0,
OBJECT,1360,C74E,-,3A,58,1E,0,2,2,5,1,1,2,00,00,00,11,$020B,4B,186,0,
OBJECT,1360,C74E,-,3A,58,1E,0,2,2,5,1,1,2,00,00,00,12,$020C,48,186,0,
OBJECT,1360,C74E,-,3A,58,1E,0,2,2,5,1,1,2,00,00,00,13,$020D,46,186,0,
OBJECT,1360,C74E,-,3A,58,1E,0,2,2,5,1,1,2,00,00,00,14,$020E,09,186,0,
FRAME,1360,C74E,-,3A,58,1E,0,2,2,5,1,1,2,00,00,00,,,,,186,0,
RNG,1361,C535,-,3A,58,1E,0,2,2,5,1,1,2,00,00,00,C535,,,186,0,
FRAME,1361,C74A,-,BF,4F,1F,1,3,7,4,1,1,2,00,00,00,,,,,186,0,
RNG,1362,C535,-,BF,4F,1F,1,3,7,4,1,1,2,00,00,00,C535,,,186,0,
FRAME,1362,C74C,-,47,52,20,1,3,7,5,1,1,2,00,00,00,,,,,186,0,
RNG,1363,C535,-,47,52,20,1,3,7,5,1,1,2,00,00,00,C535,,,186,0,
FRAME,1363,C74A,-,E7,40,21,1,3,7,4,1,1,2,00,00,00,,,,,186,0,
RNG,1364,C535,-,E7,40,21,1,3,7,4,1,1,2,00,00,00,C535,,,186,0,
C726,1364,C726,-,E7,33,22,1,3,7,3,1,1,2,00,00,00,C726,,,187,0,
C726,1364,C726,-,E7,33,22,1,3,7,3,1,1,2,00,00,00,C726,,,188,0,
C726,1364,C726,-,E7,33,22,1,3,7,3,1,1,2,00,00,00,C726,,,189,0,
C726,1364,C726,-,E7,33,22,1,3,7,3,1,1,2,00,00,00,C726,,,190,0,
C726,1364,C726,-,E7,33,22,1,3,7,3,1,1,2,00,00,00,C726,,,191,0,
C726,1364,C726,-,E7,33,22,1,3,7,3,1,1,2,00,00,00,C726,,,192,0,
C726,1364,C726,-,E7,33,22,1,3,7,3,1,1,2,00,00,00,C726,,,193,0,
OBJECT,1364,C74C,-,E7,33,22,1,3,7,3,1,1,2,00,00,00,15,$020F,26,193,0,
OBJECT,1364,C74C,-,E7,33,22,1,3,7,3,1,1,2,00,00,00,16,$0210,5E,193,0,
OBJECT,1364,C74C,-,E7,33,22,1,3,7,3,1,1,2,00,00,00,17,$0211,01,193,0,
OBJECT,1364,C74C,-,E7,33,22,1,3,7,3,1,1,2,00,00,00,18,$0212,4B,193,0,
OBJECT,1364,C74C,-,E7,33,22,1,3,7,3,1,1,2,00,00,00,19,$0213,48,193,0,
OBJECT,1364,C74C,-,E7,33,22,1,3,7,3,1,1,2,00,00,00,20,$0214,46,193,0,
OBJECT,1364,C74C,-,E7,33,22,1,3,7,3,1,1,2,00,00,00,21,$0215,09,193,0,
FRAME,1364,C74C,-,E7,33,22,1,3,7,3,1,1,2,00,00,00,,,,,193,0,
RNG,1365,C535,-,E7,33,22,1,3,7,3,1,1,2,00,00,00,C535,,,193,0,
FRAME,1365,C74C,-,6D,36,23,1,1,5,3,1,1,2,00,00,00,,,,,193,0,
RNG,1366,C535,-,6D,36,23,1,1,5,3,1,1,2,00,00,00,C535,,,193,0,
FRAME,1366,C74C,-,F6,82,24,0,2,6,0,1,1,2,00,00,00,,,,,193,0,
RNG,1367,C535,-,F6,82,24,0,2,6,0,1,1,2,00,00,00,C535,,,193,0,
FRAME,1367,C74E,-,7A,55,25,0,2,2,5,1,1,2,00,00,00,,,,,193,0,
RNG,1368,C535,-,7A,55,25,0,2,2,5,1,1,2,00,00,00,C535,,,193,0,
C726,1368,C726,-,04,EA,26,0,0,4,6,1,1,2,00,00,00,C726,,,194,0,
C726,1368,C726,-,04,EA,26,0,0,4,6,1,1,2,00,00,00,C726,,,195,0,
C726,1368,C726,-,04,EA,26,0,0,4,6,1,1,2,00,00,00,C726,,,196,0,
C726,1368,C726,-,04,EA,26,0,0,4,6,1,1,2,00,00,00,C726,,,197,0,
OBJECT,1368,C3EF,-,04,EA,26,0,0,4,6,1,1,2,00,00,00,22,$0216,26,197,0,
OBJECT,1368,C3EF,-,04,EA,26,0,0,4,6,1,1,2,00,00,00,23,$0217,5E,197,0,
OBJECT,1368,C3EF,-,04,EA,26,0,0,4,6,1,1,2,00,00,00,24,$0218,01,197,0,
OBJECT,1368,C3EF,-,04,EA,26,0,0,4,6,1,1,2,00,00,00,25,$0219,4B,197,0,
FRAME,1368,C3EF,-,04,EA,26,0,0,4,6,1,1,2,00,00,00,,,,,197,0,
C726,1369,C726,-,04,EA,26,0,0,4,6,0,1,2,00,00,00,C726,,,198,0,
C726,1369,C726,-,04,EA,26,0,0,4,6,0,1,2,00,00,00,C726,,,199,0,
C726,1369,C726,-,04,EA,26,0,0,4,6,0,1,2,00,00,00,C726,,,200,0,
OBJECT,1369,C74C,-,04,EA,26,0,0,4,6,0,1,2,00,00,00,26,$021A,48,200,0,
OBJECT,1369,C74C,-,04,EA,26,0,0,4,6,0,1,2,00,00,00,27,$021B,46,200,0,
OBJECT,1369,C74C,-,04,EA,26,0,0,4,6,0,1,2,00,00,00,28,$021C,09,200,0,
FRAME,1369,C74C,-,04,EA,26,0,0,4,6,0,1,2,00,00,00,,,,,200,0,
RNG,1370,C535,-,04,EA,26,0,0,4,6,1,2,2,00,00,00,C535,,,200,0,
FRAME,1370,C74C,-,BD,8F,27,1,1,5,0,1,2,2,00,00,00,,,,,200,0,
RNG,1371,C535,-,BD,8F,27,1,1,5,0,1,1,2,00,00,00,C535,,,200,0,
FRAME,1371,C74E,-,3E,5C,28,0,2,6,5,1,1,2,00,00,00,,,,,200,0,
RNG,1372,C535,-,3E,5C,28,0,2,6,5,1,1,2,00,00,00,C535,,,200,0,
C726,1372,C726,-,45,61,29,1,1,5,6,1,1,2,00,00,00,C726,,,201,0,
C726,1372,C726,-,45,61,29,1,1,5,6,1,1,2,00,00,00,C726,,,202,0,
C726,1372,C726,-,45,61,29,1,1,5,6,1,1,2,00,00,00,C726,,,203,0,
OBJECT,1372,C843,-,45,61,29,1,1,5,6,1,1,2,00,00,00,29,$021D,26,203,0,
OBJECT,1372,C843,-,45,61,29,1,1,5,6,1,1,2,00,00,00,30,$021E,5E,203,0,
OBJECT,1372,C843,-,45,61,29,1,1,5,6,1,1,2,00,00,00,31,$021F,01,203,0,
FRAME,1372,C843,-,45,61,29,1,1,5,6,1,1,2,00,00,00,,,,,203,0,
RNG,1373,C535,-,45,61,29,1,1,5,6,1,1,2,00,00,00,C535,,,203,0,
C726,1373,C726,-,0E,2F,2A,0,2,6,2,1,1,2,00,00,00,C726,,,204,0,
C726,1373,C726,-,0E,2F,2A,0,2,6,2,1,1,2,00,00,00,C726,,,205,0,
C726,1373,C726,-,0E,2F,2A,0,2,6,2,1,1,2,00,00,00,C726,,,206,0,
C726,1373,C726,-,0E,2F,2A,0,2,6,2,1,1,2,00,00,00,C726,,,207,0,
OBJECT,1373,C74A,-,0E,2F,2A,0,2,6,2,1,1,2,00,00,00,32,$0220,4B,207,0,
OBJECT,1373,C74A,-,0E,2F,2A,0,2,6,2,1,1,2,00,00,00,33,$0221,48,207,0,
OBJECT,1373,C74A,-,0E,2F,2A,0,2,6,2,1,1,2,00,00,00,34,$0222,46,207,0,
OBJECT,1373,C74A,-,0E,2F,2A,0,2,6,2,1,1,2,00,00,00,35,$0223,09,207,0,
FRAME,1373,C74A,-,0E,2F,2A,0,2,6,2,1,1,2,00,00,00,,,,,207,0,
RNG,1374,C535,-,0E,2F,2A,0,2,6,2,1,1,2,00,00,00,C535,,,207,0,
FRAME,1374,C74A,-,50,34,2B,0,0,0,3,1,1,2,00,00,00,,,,,207,0,
RNG,1375,C535,-,50,34,2B,0,0,0,3,1,1,2,00,00,00,C535,,,207,0,
FRAME,1375,C74A,-,20,03,2C,0,0,0,0,1,1,2,00,00,00,,,,,207,0,
RNG,1376,C535,-,20,03,2C,0,0,0,0,1,1,2,00,00,00,C535,,,207,0,
C726,1376,C726,-,41,08,2D,1,1,1,0,1,1,2,00,00,00,C726,,,208,0,
OBJECT,1376,E05F,-,41,08,2D,1,1,1,0,1,1,2,00,00,00,36,$0224,26,208,0,
FRAME,1376,E05F,-,41,08,2D,1,1,1,0,1,1,2,00,00,00,,,,,208,0,
RNG,1377,C535,-,41,08,2D,1,1,1,0,1,1,2,00,00,00,C535,,,208,0,
C726,1377,C726,-,EA,D8,2E,0,2,2,5,1,1,2,00,00,00,C726,,,209,0,
C726,1377,C726,-,EA,D8,2E,0,2,2,5,1,1,2,00,00,00,C726,,,210,0,
C726,1377,C726,-,EA,D8,2E,0,2,2,5,1,1,2,00,00,00,C726,,,211,0,
C726,1377,C726,-,EA,D8,2E,0,2,2,5,1,1,2,00,00,00,C726,,,212,0,
C726,1377,C726,-,EA,D8,2E,0,2,2,5,1,1,2,00,00,00,C726,,,213,0,
C726,1377,C726,-,EA,D8,2E,0,2,2,5,1,1,2,00,00,00,C726,,,214,0,
OBJECT,1377,C74A,-,EA,D8,2E,0,2,2,5,1,1,2,00,00,00,37,$0225,5E,214,0,
OBJECT,1377,C74A,-,EA,D8,2E,0,2,2,5,1,1,2,00,00,00,38,$0226,01,214,0,
OBJECT,1377,C74A,-,EA,D8,2E,0,2,2,5,1,1,2,00,00,00,39,$0227,4B,214,0,
OBJECT,1377,C74A,-,EA,D8,2E,0,2,2,5,1,1,2,00,00,00,40,$0228,48,214,0,
OBJECT,1377,C74A,-,EA,D8,2E,0,2,2,5,1,1,2,00,00,00,41,$0229,46,214,0,
OBJECT,1377,C74A,-,EA,D8,2E,0,2,2,5,1,1,2,00,00,00,42,$022A,09,214,0,
FRAME,1377,C74A,-,EA,D8,2E,0,2,2,5,1,1,2,00,00,00,,,,,214,0,
RNG,1378,C535,-,EA,D8,2E,0,2,2,5,1,1,2,00,00,00,C535,,,214,0,
FRAME,1378,C74C,-,EB,04,2F,1,3,3,0,1,1,2,00,00,00,,,,,214,0,
RNG,1379,C535,-,EB,04,2F,1,3,3,0,1,1,2,00,00,00,C535,,,214,0,
FRAME,1379,C74C,-,88,DD,30,0,0,0,5,1,1,2,00,00,00,,,,,214,0,
RNG,1380,C535,-,88,DD,30,0,0,0,5,1,1,2,00,00,00,C535,,,214,0,
C726,1380,C726,-,BD,DC,31,1,1,5,5,1,1,2,00,00,00,C726,,,215,0,
OBJECT,1380,E029,-,BD,DC,31,1,1,5,5,1,1,2,00,00,00,43,$022B,26,215,0,
FRAME,1380,E029,-,BD,DC,31,1,1,5,5,1,1,2,00,00,00,,,,,215,0,
RNG,1381,C535,-,BD,DC,31,1,1,5,5,1,1,2,00,00,00,C535,,,215,0,
C726,1381,C726,-,C0,CC,32,0,0,0,4,1,1,2,00,00,00,C726,,,216,0,
C726,1381,C726,-,C0,CC,32,0,0,0,4,1,1,2,00,00,00,C726,,,217,0,
C726,1381,C726,-,C0,CC,32,0,0,0,4,1,1,2,00,00,00,C726,,,218,0,
C726,1381,C726,-,C0,CC,32,0,0,0,4,1,1,2,00,00,00,C726,,,219,0,
C726,1381,C726,-,C0,CC,32,0,0,0,4,1,1,2,00,00,00,C726,,,220,0,
C726,1381,C726,-,C0,CC,32,0,0,0,4,1,1,2,00,00,00,C726,,,221,0,
OBJECT,1381,C74E,-,C0,CC,32,0,0,0,4,1,1,2,00,00,00,44,$022C,5E,221,0,
OBJECT,1381,C74E,-,C0,CC,32,0,0,0,4,1,1,2,00,00,00,45,$022D,01,221,0,
OBJECT,1381,C74E,-,C0,CC,32,0,0,0,4,1,1,2,00,00,00,46,$022E,4B,221,0,
OBJECT,1381,C74E,-,C0,CC,32,0,0,0,4,1,1,2,00,00,00,47,$022F,48,221,0,
OBJECT,1381,C74E,-,C0,CC,32,0,0,0,4,1,1,2,00,00,00,48,$0230,46,221,0,
OBJECT,1381,C74E,-,C0,CC,32,0,0,0,4,1,1,2,00,00,00,49,$0231,09,221,0,
FRAME,1381,C74E,-,C0,CC,32,0,0,0,4,1,1,2,00,00,00,,,,,221,0,
RNG,1382,C535,-,C0,CC,32,0,0,0,4,1,1,2,00,00,00,C535,,,221,0,
FRAME,1382,C74E,-,65,F9,33,1,1,5,7,1,1,2,00,00,00,,,,,221,0,
RNG,1383,C535,-,65,F9,33,1,1,5,7,1,1,2,00,00,00,C535,,,221,0,
FRAME,1383,C74A,-,EC,9B,34,0,0,4,1,1,1,2,00,00,00,,,,,221,0,
RNG,1384,C535,-,EC,9B,34,0,0,4,1,1,1,2,00,00,00,C535,,,221,0,
FRAME,1384,FEF2,-,D2,9B,35,0,2,2,1,1,1,2,00,00,00,,,,,221,0,
RNG,1385,C535,-,D2,9B,35,0,2,2,1,1,1,2,00,00,00,C535,,,221,0,
C726,1385,C726,-,59,58,36,1,1,1,5,1,1,2,00,00,00,C726,,,222,0,
C726,1385,C726,-,59,58,36,1,1,1,5,1,1,2,00,00,00,C726,,,223,0,
C726,1385,C726,-,59,58,36,1,1,1,5,1,1,2,00,00,00,C726,,,224,0,
C726,1385,C726,-,59,58,36,1,1,1,5,1,1,2,00,00,00,C726,,,225,0,
C726,1385,C726,-,59,58,36,1,1,1,5,1,1,2,00,00,00,C726,,,226,0,
C726,1385,C726,-,59,58,36,1,1,1,5,1,1,2,00,00,00,C726,,,227,0,
C726,1385,C726,-,59,58,36,1,1,1,5,1,1,2,00,00,00,C726,,,228,0,
OBJECT,1385,C74A,-,59,58,36,1,1,1,5,1,1,2,00,00,00,50,$0232,26,228,0,
OBJECT,1385,C74A,-,59,58,36,1,1,1,5,1,1,2,00,00,00,51,$0233,5E,228,0,
OBJECT,1385,C74A,-,59,58,36,1,1,1,5,1,1,2,00,00,00,52,$0234,01,228,0,
OBJECT,1385,C74A,-,59,58,36,1,1,1,5,1,1,2,00,00,00,53,$0235,4B,228,0,
OBJECT,1385,C74A,-,59,58,36,1,1,1,5,1,1,2,00,00,00,54,$0236,48,228,0,
OBJECT,1385,C74A,-,59,58,36,1,1,1,5,1,1,2,00,00,00,55,$0237,46,228,0,
OBJECT,1385,C74A,-,59,58,36,1,1,1,5,1,1,2,00,00,00,56,$0238,09,228,0,
FRAME,1385,C74A,-,59,58,36,1,1,1,5,1,1,2,00,00,00,,,,,228,0,
RNG,1386,C535,-,59,58,36,1,1,1,5,1,1,2,00,00,00,C535,,,228,0,
FRAME,1386,C74E,-,F6,23,37,0,2,6,2,1,1,2,00,00,00,,,,,228,0,
RNG,1387,C535,-,F6,23,37,0,2,6,2,1,1,2,00,00,00,C535,,,228,0,
FRAME,1387,C74E,-,33,2A,38,1,3,3,2,1,1,2,00,00,00,,,,,228,0,
RNG,1388,C535,-,33,2A,38,1,3,3,2,1,1,2,00,00,00,C535,,,228,0,
FRAME,1388,C74A,-,36,62,39,0,2,6,6,1,1,2,00,00,00,,,,,228,0,
RNG,1389,C535,-,36,62,39,0,2,6,6,1,1,2,00,00,00,C535,,,228,0,
C726,1389,C726,-,DB,4B,3A,1,3,3,4,1,1,2,00,00,00,C726,,,229,0,
C726,1389,C726,-,DB,4B,3A,1,3,3,4,1,1,2,00,00,00,C726,,,230,0,
C726,1389,C726,-,DB,4B,3A,1,3,3,4,1,1,2,00,00,00,C726,,,231,0,
C726,1389,C726,-,DB,4B,3A,1,3,3,4,1,1,2,00,00,00,C726,,,232,0,
C726,1389,C726,-,DB,4B,3A,1,3,3,4,1,1,2,00,00,00,C726,,,233,0,
C726,1389,C726,-,DB,4B,3A,1,3,3,4,1,1,2,00,00,00,C726,,,234,0,
OBJECT,1389,C6FA,-,DB,4B,3A,1,3,3,4,1,1,2,00,00,00,57,$0239,26,234,0,
OBJECT,1389,C6FA,-,DB,4B,3A,1,3,3,4,1,1,2,00,00,00,58,$023A,5E,234,0,
OBJECT,1389,C6FA,-,DB,4B,3A,1,3,3,4,1,1,2,00,00,00,59,$023B,01,234,0,
OBJECT,1389,C6FA,-,DB,4B,3A,1,3,3,4,1,1,2,00,00,00,60,$023C,4B,234,0,
OBJECT,1389,C6FA,-,DB,4B,3A,1,3,3,4,1,1,2,00,00,00,61,$023D,48,234,0,
OBJECT,1389,C6FA,-,DB,4B,3A,1,3,3,4,1,1,2,00,00,00,62,$023E,46,234,0,
FRAME,1389,C6FA,-,DB,4B,3A,1,3,3,4,1,1,2,00,00,00,,,,,234,0,
C726,1390,C726,-,DB,4B,3A,1,3,3,4,0,1,2,00,00,00,C726,,,235,0,
OBJECT,1390,C74E,-,DB,4B,3A,1,3,3,4,0,1,2,00,00,00,63,$023F,09,235,0,
FRAME,1390,C74E,-,DB,4B,3A,1,3,3,4,0,1,2,00,00,00,,,,,235,0,
RNG,1391,C535,-,DB,4B,3A,1,3,3,4,1,2,2,00,00,00,C535,,,235,0,
FRAME,1391,C74C,-,63,5B,3B,1,3,3,5,1,2,2,00,00,00,,,,,235,0,
RNG,1392,C535,-,63,5B,3B,1,3,3,5,1,1,2,00,00,00,C535,,,235,0,
FRAME,1392,C74C,-,49,F8,3C,1,1,1,7,1,1,2,00,00,00,,,,,235,0,
RNG,1393,C535,-,49,F8,3C,1,1,1,7,1,1,2,00,00,00,C535,,,235,0,
C726,1393,C726,-,D1,C3,3D,1,1,1,4,1,1,2,00,00,00,C726,,,236,0,
C726,1393,C726,-,D1,C3,3D,1,1,1,4,1,1,2,00,00,00,C726,,,237,0,
C726,1393,C726,-,D1,C3,3D,1,1,1,4,1,1,2,00,00,00,C726,,,238,0,
C726,1393,C726,-,D1,C3,3D,1,1,1,4,1,1,2,00,00,00,C726,,,239,0,
OBJECT,1393,E62C,-,D1,C3,3D,1,1,1,4,1,1,2,00,00,00,0,$0200,26,239,0,
OBJECT,1393,E62C,-,D1,C3,3D,1,1,1,4,1,1,2,00,00,00,1,$0201,5E,239,0,
OBJECT,1393,E62C,-,D1,C3,3D,1,1,1,4,1,1,2,00,00,00,2,$0202,01,239,0,
OBJECT,1393,E62C,-,D1,C3,3D,1,1,1,4,1,1,2,00,00,00,3,$0203,4B,239,0,
FRAME,1393,E62C,-,D1,C3,3D,1,1,1,4,1,1,2,00,00,00,,,,,239,0,
RNG,1394,C535,-,D1,C3,3D,1,1,1,4,1,1,2,00,00,00,C535,,,239,0,
C726,1394,C726,-,B7,CA,3E,1,3,7,4,1,1,2,00,00,00,C726,,,240,0,
C726,1394,C726,-,B7,CA,3E,1,3,7,4,1,1,2,00,00,00,C726,,,241,0,
C726,1394,C726,-,B7,CA,3E,1,3,7,4,1,1,2,00,00,00,C726,,,242,0,
OBJECT,1394,C74C,-,B7,CA,3E,1,3,7,4,1,1,2,00,00,00,4,$0204,48,242,0,
OBJECT,1394,C74C,-,B7,CA,3E,1,3,7,4,1,1,2,00,00,00,5,$0205,46,242,0,
OBJECT,1394,C74C,-,B7,CA,3E,1,3,7,4,1,1,2,00,00,00,6,$0206,09,242,0,
FRAME,1394,C74C,-,B7,CA,3E,1,3,7,4,1,1,2,00,00,00,,,,,242,0,
RNG,1395,C535,-,B7,CA,3E,1,3,7,4,1,1,2,00,00,00,C535,,,242,0,
FRAME,1395,C74C,-,3F,B2,3F,1,3,7,3,1,1,2,00,00,00,,,,,242,0,
RNG,1396,C535,-,3F,B2,3F,1,3,7,3,1,1,2,00,00,00,C535,,,242,0,
FRAME,1396,C74C,-,DC,9A,40,0,0,4,1,1,1,2,00,00,00,,,,,242,0,
RNG,1397,C535,-,DC,9A,40,0,0,4,1,1,1,2,00,00,00,C535,,,242,0,
C726,1397,C726,-,21,82,41,1,1,1,0,1,1,2,00,00,00,C726,,,243,0,
OBJECT,1397,D0CE,-,21,82,41,1,1,1,0,1,1,2,00,00,00,7,$0207,26,243,0,
FRAME,1397,D0CE,-,21,82,41,1,1,1,0,1,1,2,00,00,00,,,,,243,0,
RNG,1398,C535,-,21,82,41,1,1,1,0,1,1,2,00,00,00,C535,,,243,0,
C726,1398,C726,-,24,6A,42,0,0,4,6,1,1,2,00,00,00,C726,,,244,0,
C726,1398,C726,-,24,6A,42,0,0,4,6,1,1,2,00,00,00,C726,,,245,0,
C726,1398,C726,-,24,6A,42,0,0,4,6,1,1,2,00,00,00,C726,,,246,0,
C726,1398,C726,-,24,6A,42,0,0,4,6,1,1,2,00,00,00,C726,,,247,0,
C726,1398,C726,-,24,6A,42,0,0,4,6,1,1,2,00,00,00,C726,,,248,0,
C726,1398,C726,-,24,6A,42,0,0,4,6,1,1,2,00,00,00,C726,,,249,0,
OBJECT,1398,C74A,-,24,6A,42,0,0,4,6,1,1,2,00,00,00,8,$0208,5E,249,0,
OBJECT,1398,C74A,-,24,6A,42,0,0,4,6,1,1,2,00,00,00,9,$0209,01,249,0,
OBJECT,1398,C74A,-,24,6A,42,0,0,4,6,1,1,2,00,00,00,10,$020A,4B,249,0,
OBJECT,1398,C74A,-,24,6A,42,0,0,4,6,1,1,2,00,00,00,11,$020B,48,249,0,
OBJECT,1398,C74A,-,24,6A,42,0,0,4,6,1,1,2,00,00,00,12,$020C,46,249,0,
OBJECT,1398,C74A,-,24,6A,42,0,0,4,6,1,1,2,00,00,00,13,$020D,09,249,0,
FRAME,1398,C74A,-,24,6A,42,0,0,4,6,1,1,2,00,00,00,,,,,249,0,
RNG,1399,C535,-,24,6A,42,0,0,4,6,1,1,2,00,00,00,C535,,,249,0,
FRAME,1399,C74C,-,CD,4A,43,1,1,5,4,1,1,2,00,00,00,,,,,249,0,
RNG,1400,C535,-,CD,4A,43,1,1,5,4,1,1,2,00,00,00,C535,,,249,0,
FRAME,1400,C74C,-,CD,62,44,1,1,5,6,1,1,2,00,00,00,,,,,249,0,
RNG,1401,C535,-,CD,62,44,1,1,5,6,1,1,2,00,00,00,C535,,,249,0,
C726,1401,C726,-,62,32,45,0,2,2,3,1,1,2,00,00,00,C726,,,250,0,
OBJECT,1401,E065,-,62,32,45,0,2,2,3,1,1,2,00,00,00,14,$020E,26,250,0,
FRAME,1401,E065,-,62,32,45,0,2,2,3,1,1,2,00,00,00,,,,,250,0,
RNG,1402,C535,-,62,32,45,0,2,2,3,1,1,2,00,00,00,C535,,,250,0,
C726,1402,C726,-,1D,21,46,1,1,5,2,1,1,2,00,00,00,C726,,,251,0,
C726,1402,C726,-,1D,21,46,1,1,5,2,1,1,2,00,00,00,C726,,,252,0,
C726,1402,C726,-,1D,21,46,1,1,5,2,1,1,2,00,00,00,C726,,,253,0,
C726,1402,C726,-,1D,21,46,1,1,5,2,1,1,2,00,00,00,C726,,,254,0,
C726,1402,C726,-,1D,21,46,1,1,5,2,1,1,2,00,00,00,C726,,,255,0,
C726,1402,C726,-,1D,21,46,1,1,5,2,1,1,2,00,00,00,C726,,,256,0,
OBJECT,1402,C74C,-,1D,21,46,1,1,5,2,1,1,2,00,00,00,15,$020F,5E,256,0,
OBJECT,1402,C74C,-,1D,21,46,1,1,5,2,1,1,2,00,00,00,16,$0210,01,256,0,
OBJECT,1402,C74C,-,1D,21,46,1,1,5,2,1,1,2,00,00,00,17,$0211,4B,256,0,
OBJECT,1402,C74C,-,1D,21,46,1,1,5,2,1,1,2,00,00,00,18,$0212,48,256,0,
OBJECT,1402,C74C,-,1D,21,46,1,1,5,2,1,1,2,00,00,00,19,$0213,46,256,0,
OBJECT,1402,C74C,-,1D,21,46,1,1,5,2,1,1,2,00,00,00,20,$0214,09,256,0,
FRAME,1402,C74C,-,1D,21,46,1,1,5,2,1,1,2,00,00,00,,,,,256,0,
RNG,1403,C535,-,1D,21,46,1,1,5,2,1,1,2,00,00,00,C535,,,256,0,
FRAME,1403,C74E,-,C2,0F,47,0,2,2,0,1,1,2,00,00,00,,,,,256,0,
RNG,1404,C535,-,C2,0F,47,0,2,2,0,1,1,2,00,00,00,C535,,,256,0,
FRAME,1404,C74A,-,4B,06,48,1,3,3,0,1,1,2,00,00,00,,,,,256,0,
RNG,1405,C535,-,4B,06,48,1,3,3,0,1,1,2,00,00,00,C535,,,256,0,
C726,1405,C726,-,63,09,49,1,3,3,0,1,1,2,00,00,00,C726,,,257,0,
OBJECT,1405,E01F,-,63,09,49,1,3,3,0,1,1,2,00,00,00,21,$0215,26,257,0,
FRAME,1405,E01F,-,63,09,49,1,3,3,0,1,1,2,00,00,00,,,,,257,0,
RNG,1406,C535,-,63,09,49,1,3,3,0,1,1,2,00,00,00,C535,,,257,0,
C726,1406,C726,-,CC,B2,4A,0,0,4,3,1,1,2,00,00,00,C726,,,258,0,
C726,1406,C726,-,CC,B2,4A,0,0,4,3,1,1,2,00,00,00,C726,,,259,0,
C726,1406,C726,-,CC,B2,4A,0,0,4,3,1,1,2,00,00,00,C726,,,260,0,
C726,1406,C726,-,CC,B2,4A,0,0,4,3,1,1,2,00,00,00,C726,,,261,0,
C726,1406,C726,-,CC,B2,4A,0,0,4,3,1,1,2,00,00,00,C726,,,262,0,
C726,1406,C726,-,CC,B2,4A,0,0,4,3,1,1,2,00,00,00,C726,,,263,0,
OBJECT,1406,C74C,-,CC,B2,4A,0,0,4,3,1,1,2,00,00,00,22,$0216,5E,263,0,
OBJECT,1406,C74C,-,CC,B2,4A,0,0,4,3,1,1,2,00,00,00,23,$0217,01,263,0,
OBJECT,1406,C74C,-,CC,B2,4A,0,0,4,3,1,1,2,00,00,00,24,$0218,4B,263,0,
OBJECT,1406,C74C,-,CC,B2,4A,0,0,4,3,1,1,2,00,00,00,25,$0219,48,263,0,
OBJECT,1406,C74C,-,CC,B2,4A,0,0,4,3,1,1,2,00,00,00,26,$021A,46,263,0,
OBJECT,1406,C74C,-,CC,B2,4A,0,0,4,3,1,1,2,00,00,00,27,$021B,09,263,0,
FRAME,1406,C74C,-,CC,B2,4A,0,0,4,3,1,1,2,00,00,00,,,,,263,0,
RNG,1407,C535,-,CC,B2,4A,0,0,4,3,1,1,2,00,00,00,C535,,,263,0,
FRAME,1407,C74C,-,DC,E2,4B,0,0,4,6,1,1,2,00,00,00,,,,,263,0,
RNG,1408,C535,-,DC,E2,4B,0,0,4,6,1,1,2,00,00,00,C535,,,263,0,
FRAME,1408,C74C,-,FC,6F,4C,0,0,4,6,1,1,2,00,00,00,,,,,263,0,
RNG,1409,C535,-,FC,6F,4C,0,0,4,6,1,1,2,00,00,00,C535,,,263,0,
FRAME,1409,C74E,-,22,AF,4D,0,2,2,2,1,1,2,00,00,00,,,,,263,0,
RNG,1410,C535,-,22,AF,4D,0,2,2,2,1,1,2,00,00,00,C535,,,263,0,
C726,1410,C726,-,E9,B5,4E,1,1,1,3,1,1,2,00,00,00,C726,,,264,0,
C726,1410,C726,-,E9,B5,4E,1,1,1,3,1,1,2,00,00,00,C726,,,265,0,
C726,1410,C726,-,E9,B5,4E,1,1,1,3,1,1,2,00,00,00,C726,,,266,0,
C726,1410,C726,-,E9,B5,4E,1,1,1,3,1,1,2,00,00,00,C726,,,267,0,
C726,1410,C726,-,E9,B5,4E,1,1,1,3,1,1,2,00,00,00,C726,,,268,0,
C726,1410,C726,-,E9,B5,4E,1,1,1,3,1,1,2,00,00,00,C726,,,269,0,
C726,1410,C726,-,E9,B5,4E,1,1,1,3,1,1,2,00,00,00,C726,,,270,0,
OBJECT,1410,C74A,-,E9,B5,4E,1,1,1,3,1,1,2,00,00,00,28,$021C,26,270,0,
OBJECT,1410,C74A,-,E9,B5,4E,1,1,1,3,1,1,2,00,00,00,29,$021D,5E,270,0,
OBJECT,1410,C74A,-,E9,B5,4E,1,1,1,3,1,1,2,00,00,00,30,$021E,01,270,0,
OBJECT,1410,C74A,-,E9,B5,4E,1,1,1,3,1,1,2,00,00,00,31,$021F,4B,270,0,
OBJECT,1410,C74A,-,E9,B5,4E,1,1,1,3,1,1,2,00,00,00,32,$0220,48,270,0,
OBJECT,1410,C74A,-,E9,B5,4E,1,1,1,3,1,1,2,00,00,00,33,$0221,46,270,0,
OBJECT,1410,C74A,-,E9,B5,4E,1,1,1,3,1,1,2,00,00,00,34,$0222,09,270,0,
FRAME,1410,C74A,-,E9,B5,4E,1,1,1,3,1,1,2,00,00,00,,,,,270,0,
RNG,1411,C535,-,E9,B5,4E,1,1,1,3,1,1,2,00,00,00,C535,,,270,0,
FRAME,1411,C74A,-,8D,62,4F,1,1,5,6,1,1,2,00,00,00,,,,,270,0,
RNG,1412,C535,-,8D,62,4F,1,1,5,6,1,1,2,00,00,00,C535,,,270,0,
FRAME,1412,C74A,-,17,59,50,1,3,7,5,1,1,2,00,00,00,,,,,270,0,
RNG,1413,C535,-,17,59,50,1,3,7,5,1,1,2,00,00,00,C535,,,270,0,
FRAME,1413,C74A,-,DF,5C,51,1,3,7,5,1,1,2,00,00,00,,,,,270,0,
RNG,1414,C535,-,DF,5C,51,1,3,7,5,1,1,2,00,00,00,C535,,,270,0,
C726,1414,C726,-,A7,25,52,1,3,7,2,1,1,2,00,00,00,C726,,,271,0,
C726,1414,C726,-,A7,25,52,1,3,7,2,1,1,2,00,00,00,C726,,,272,0,
C726,1414,C726,-,A7,25,52,1,3,7,2,1,1,2,00,00,00,C726,,,273,0,
OBJECT,1414,CCB6,-,A7,25,52,1,3,7,2,1,1,2,00,00,00,35,$0223,26,273,0,
OBJECT,1414,CCB6,-,A7,25,52,1,3,7,2,1,1,2,00,00,00,36,$0224,5E,273,0,
OBJECT,1414,CCB6,-,A7,25,52,1,3,7,2,1,1,2,00,00,00,37,$0225,01,273,0,
FRAME,1414,CCB6,-,A7,25,52,1,3,7,2,1,1,2,00,00,00,,,,,273,0,
RNG,1415,C535,-,A7,25,52,1,3,7,2,1,1,2,00,00,00,C535,,,273,0,
C726,1415,C726,-,6F,27,53,1,3,7,2,1,1,2,00,00,00,C726,,,274,0,
C726,1415,C726,-,6F,27,53,1,3,7,2,1,1,2,00,00,00,C726,,,275,0,
C726,1415,C726,-,6F,27,53,1,3,7,2,1,1,2,00,00,00,C726,,,276,0,
C726,1415,C726,-,6F,27,53,1,3,7,2,1,1,2,00,00,00,C726,,,277,0,
OBJECT,1415,C74C,-,6F,27,53,1,3,7,2,1,1,2,00,00,00,38,$0226,4B,277,0,
OBJECT,1415,C74C,-,6F,27,53,1,3,7,2,1,1,2,00,00,00,39,$0227,48,277,0,
OBJECT,1415,C74C,-,6F,27,53,1,3,7,2,1,1,2,00,00,00,40,$0228,46,277,0,
OBJECT,1415,C74C,-,6F,27,53,1,3,7,2,1,1,2,00,00,00,41,$0229,09,277,0,
FRAME,1415,C74C,-,6F,27,53,1,3,7,2,1,1,2,00,00,00,,,,,277,0,
RNG,1416,C535,-,6F,27,53,1,3,7,2,1,1,2,00,00,00,C535,,,277,0,
FRAME,1416,C74C,-,37,F7,54,1,3,7,7,1,1,2,00,00,00,,,,,277,0,
RNG,1417,C535,-,37,F7,54,1,3,7,7,1,1,2,00,00,00,C535,,,277,0,
FRAME,1417,C74A,-,DD,0A,55,1,1,5,0,1,1,2,00,00,00,,,,,277,0,
RNG,1418,C535,-,DD,0A,55,1,1,5,0,1,1,2,00,00,00,C535,,,277,0,
C726,1418,C726,-,66,2A,56,0,2,6,2,1,1,2,00,00,00,C726,,,278,0,
C726,1418,C726,-,66,2A,56,0,2,6,2,1,1,2,00,00,00,C726,,,279,0,
OBJECT,1418,FEE0,-,66,2A,56,0,2,6,2,1,1,2,00,00,00,42,$022A,26,279,0,
OBJECT,1418,FEE0,-,66,2A,56,0,2,6,2,1,1,2,00,00,00,43,$022B,5E,279,0,
FRAME,1418,FEE0,-,66,2A,56,0,2,6,2,1,1,2,00,00,00,,,,,279,0,
RNG,1419,C535,-,66,2A,56,0,2,6,2,1,1,2,00,00,00,C535,,,279,0,
C726,1419,C726,-,4E,A7,57,0,2,6,2,1,1,2,00,00,00,C726,,,280,0,
C726,1419,C726,-,4E,A7,57,0,2,6,2,1,1,2,00,00,00,C726,,,281,0,
C726,1419,C726,-,4E,A7,57,0,2,6,2,1,1,2,00,00,00,C726,,,282,0,
C726,1419,C726,-,4E,A7,57,0,2,6,2,1,1,2,00,00,00,C726,,,283,0,
C726,1419,C726,-,4E,A7,57,0,2,6,2,1,1,2,00,00,00,C726,,,284,0,
OBJECT,1419,C74E,-,4E,A7,57,0,2,6,2,1,1,2,00,00,00,44,$022C,01,284,0,
OBJECT,1419,C74E,-,4E,A7,57,0,2,6,2,1,1,2,00,00,00,45,$022D,4B,284,0,
OBJECT,1419,C74E,-,4E,A7,57,0,2,6,2,1,1,2,00,00,00,46,$022E,48,284,0,
OBJECT,1419,C74E,-,4E,A7,57,0,2,6,2,1,1,2,00,00,00,47,$022F,46,284,0,
OBJECT,1419,C74E,-,4E,A7,57,0,2,6,2,1,1,2,00,00,00,48,$0230,09,284,0,
FRAME,1419,C74E,-,4E,A7,57,0,2,6,2,1,1,2,00,00,00,,,,,284,0,
RNG,1420,C535,-,4E,A7,57,0,2,6,2,1,1,2,00,00,00,C535,,,284,0,
FRAME,1420,C74E,-,2E,8B,58,0,2,6,0,1,1,2,00,00,00,,,,,284,0,
RNG,1421,C535,-,2E,8B,58,0,2,6,0,1,1,2,00,00,00,C535,,,284,0,
FRAME,1421,C74A,-,31,2D,59,1,1,1,2,1,1,2,00,00,00,,,,,284,0,
RNG,1422,C535,-,31,2D,59,1,1,1,2,1,1,2,00,00,00,C535,,,284,0,
C726,1422,C726,-,01,85,5A,1,1,1,0,1,1,2,00,00,00,C726,,,285,0,
OBJECT,1422,E05D,-,01,85,5A,1,1,1,0,1,1,2,00,00,00,49,$0231,26,285,0,
FRAME,1422,E05D,-,01,85,5A,1,1,1,0,1,1,2,00,00,00,,,,,285,0,
RNG,1423,C535,-,01,85,5A,1,1,1,0,1,1,2,00,00,00,C535,,,285,0,
C726,1423,C726,-,C8,A5,5B,0,0,0,2,1,1,2,00,00,00,C726,,,286,0,
C726,1423,C726,-,C8,A5,5B,0,0,0,2,1,1,2,00,00,00,C726,,,287,0,
C726,1423,C726,-,C8,A5,5B,0,0,0,2,1,1,2,00,00,00,C726,,,288,0,
C726,1423,C726,-,C8,A5,5B,0,0,0,2,1,1,2,00,00,00,C726,,,289,0,
C726,1423,C726,-,C8,A5,5B,0,0,0,2,1,1,2,00,00,00,C726,,,290,0,
OBJECT,1423,C74C,-,C8,A5,5B,0,0,0,2,1,1,2,00,00,00,50,$0232,5E,290,0,
OBJECT,1423,C74C,-,C8,A5,5B,0,0,0,2,1,1,2,00,00,00,51,$0233,01,290,0,
OBJECT,1423,C74C,-,C8,A5,5B,0,0,0,2,1,1,2,00,00,00,52,$0234,4B,290,0,
OBJECT,1423,C74C,-,C8,A5,5B,0,0,0,2,1,1,2,00,00,00,53,$0235,46,290,0,
OBJECT,1423,C74C,-,C8,A5,5B,0,0,0,2,1,1,2,00,00,00,54,$0236,09,290,0,
FRAME,1423,C74C,-,C8,A5,5B,0,0,0,2,1,1,2,00,00,00,,,,,290,0,
RNG,1424,C535,-,C8,A5,5B,0,0,0,2,1,1,2,00,00,00,C535,,,290,0,
FRAME,1424,C74C,-,28,C3,5C,0,0,0,4,1,1,2,00,00,00,,,,,290,0,
RNG,1425,C535,-,28,C3,5C,0,0,0,4,1,1,2,00,00,00,C535,,,290,0,
FRAME,1425,C74C,-,CA,A5,5D,0,2,2,2,1,1,2,00,00,00,,,,,290,0,
RNG,1426,C535,-,CA,A5,5D,0,2,2,2,1,1,2,00,00,00,C535,,,290,0,
FRAME,1426,C74E,-,CA,F1,5E,0,2,2,7,1,1,2,00,00,00,,,,,290,0,
RNG,1427,C535,-,CA,F1,5E,0,2,2,7,1,1,2,00,00,00,C535,,,290,0,
C726,1427,C726,-,67,B5,5F,1,3,7,3,1,1,2,00,00,00,C726,,,291,0,
C726,1427,C726,-,67,B5,5F,1,3,7,3,1,1,2,00,00,00,C726,,,292,0,
C726,1427,C726,-,67,B5,5F,1,3,7,3,1,1,2,00,00,00,C726,,,293,0,
C726,1427,C726,-,67,B5,5F,1,3,7,3,1,1,2,00,00,00,C726,,,294,0,
C726,1427,C726,-,67,B5,5F,1,3,7,3,1,1,2,00,00,00,C726,,,295,0,
C726,1427,C726,-,67,B5,5F,1,3,7,3,1,1,2,00,00,00,C726,,,296,0,
OBJECT,1427,C74A,-,67,B5,5F,1,3,7,3,1,1,2,00,00,00,55,$0237,26,296,0,
OBJECT,1427,C74A,-,67,B5,5F,1,3,7,3,1,1,2,00,00,00,56,$0238,5E,296,0,
OBJECT,1427,C74A,-,67,B5,5F,1,3,7,3,1,1,2,00,00,00,57,$0239,01,296,0,
OBJECT,1427,C74A,-,67,B5,5F,1,3,7,3,1,1,2,00,00,00,58,$023A,4B,296,0,
OBJECT,1427,C74A,-,67,B5,5F,1,3,7,3,1,1,2,00,00,00,59,$023B,46,296,0,
OBJECT,1427,C74A,-,67,B5,5F,1,3,7,3,1,1,2,00,00,00,60,$023C,09,296,0,
FRAME,1427,C74A,-,67,B5,5F,1,3,7,3,1,1,2,00,00,00,,,,,296,0,
RNG,1428,C535,-,67,B5,5F,1,3,7,3,1,1,2,00,00,00,C535,,,296,0,
FRAME,1428,C74C,-,19,4A,60,1,1,1,4,1,1,2,00,00,00,,,,,296,0,
RNG,1429,C535,-,19,4A,60,1,1,1,4,1,1,2,00,00,00,C535,,,296,0,
FRAME,1429,C74C,-,20,76,61,0,0,0,7,1,1,2,00,00,00,,,,,296,0,
RNG,1430,C535,-,20,76,61,0,0,0,7,1,1,2,00,00,00,C535,,,296,0,
FRAME,1430,C74C,-,08,4E,62,0,0,0,4,1,1,2,00,00,00,,,,,296,0,
RNG,1431,C535,-,08,4E,62,0,0,0,4,1,1,2,00,00,00,C535,,,296,0,
C726,1431,C726,-,F0,4D,63,0,0,0,4,1,1,2,00,00,00,C726,,,297,0,
C726,1431,C726,-,F0,4D,63,0,0,0,4,1,1,2,00,00,00,C726,,,298,0,
C726,1431,C726,-,F0,4D,63,0,0,0,4,1,1,2,00,00,00,C726,,,299,0,
C726,1431,C726,-,F0,4D,63,0,0,0,4,1,1,2,00,00,00,C726,,,300,0,
C726,1431,C726,-,F0,4D,63,0,0,0,4,1,1,2,00,00,00,C726,,,301,0,
C726,1431,C726,-,F0,4D,63,0,0,0,4,1,1,2,00,00,00,C726,,,302,0,
C726,1431,C726,-,F0,4D,63,0,0,0,4,1,1,2,00,00,00,C726,,,303,0,
OBJECT,1431,C74A,-,F0,4D,63,0,0,0,4,1,1,2,00,00,00,0,$0200,4B,303,0,
OBJECT,1431,C74A,-,F0,4D,63,0,0,0,4,1,1,2,00,00,00,1,$0201,48,303,0,
OBJECT,1431,C74A,-,F0,4D,63,0,0,0,4,1,1,2,00,00,00,2,$0202,46,303,0,
OBJECT,1431,C74A,-,F0,4D,63,0,0,0,4,1,1,2,00,00,00,3,$0203,09,303,0,
OBJECT,1431,C74A,-,F0,4D,63,0,0,0,4,1,1,2,00,00,00,61,$023D,26,303,0,
OBJECT,1431,C74A,-,F0,4D,63,0,0,0,4,1,1,2,00,00,00,62,$023E,5E,303,0,
OBJECT,1431,C74A,-,F0,4D,63,0,0,0,4,1,1,2,00,00,00,63,$023F,01,303,0,
FRAME,1431,C74A,-,F0,4D,63,0,0,0,4,1,1,2,00,00,00,,,,,303,0,
RNG,1432,C535,-,F0,4D,63,0,0,0,4,1,1,2,00,00,00,C535,,,303,0,
FRAME,1432,C74E,-,D8,3D,64,0,0,0,3,1,1,2,00,00,00,,,,,303,0,
RNG,1433,C535,-,D8,3D,64,0,0,0,3,1,1,2,00,00,00,C535,,,303,0,
FRAME,1433,C74A,-,C0,40,65,0,0,0,4,1,1,2,00,00,00,,,,,303,0,
RNG,1434,C535,-,C0,40,65,0,0,0,4,1,1,2,00,00,00,C535,,,303,0,
FRAME,1434,C74C,-,A0,60,66,0,0,0,6,1,1,2,00,00,00,,,,,303,0,
RNG,1435,C535,-,A0,60,66,0,0,0,6,1,1,2,00,00,00,C535,,,303,0,
C726,1435,C726,-,B8,47,67,0,0,0,4,1,1,2,00,00,00,C726,,,304,0,
C726,1435,C726,-,B8,47,67,0,0,0,4,1,1,2,00,00,00,C726,,,305,0,
C726,1435,C726,-,B8,47,67,0,0,0,4,1,1,2,00,00,00,C726,,,306,0,
C726,1435,C726,-,B8,47,67,0,0,0,4,1,1,2,00,00,00,C726,,,307,0,
B14F,1435,B14F,-,B8,47,67,0,0,0,4,1,1,2,00,00,00,B14F,,,307,1,
OBJECT,1435,B174,-,B8,47,67,0,0,0,4,1,1,2,00,00,00,4,$0204,26,307,1,
OBJECT,1435,B174,-,B8,47,67,0,0,0,4,1,1,2,00,00,00,5,$0205,5E,307,1,
OBJECT,1435,B174,-,B8,47,67,0,0,0,4,1,1,2,00,00,00,6,$0206,01,307,1,
OBJECT,1435,B174,-,B8,47,67,0,0,0,4,1,1,2,00,00,00,7,$0207,4B,307,1,
FRAME,1435,B174,-,B8,47,67,0,0,0,4,1,1,2,00,00,00,,,,,307,1,
B14F_DATA,1435,B174,-,B8,47,67,0,0,0,4,1,1,2,00,00,00,,,,,307,1,F0 F0 F0 8E F0 F0 F0 8E F0 F0 F0 8E F0 F0 F0 8E F0 F0 F0 8E F0 F0 F0 8E F0 F0 F0 8E F0 F0 F0 8E
RNG,1436,C535,-,B8,47,67,0,0,0,4,1,1,2,00,00,00,C535,,,307,1,
C726,1436,C726,-,88,2A,68,0,0,0,2,1,1,2,00,00,00,C726,,,308,1,
C726,1436,C726,-,88,2A,68,0,0,0,2,1,1,2,00,00,00,C726,,,309,1,
C726,1436,C726,-,88,2A,68,0,0,0,2,1,1,2,00,00,00,C726,,,310,1,
OBJECT,1436,C74C,-,88,2A,68,0,0,0,2,1,1,2,00,00,00,8,$0208,48,310,1,
OBJECT,1436,C74C,-,88,2A,68,0,0,0,2,1,1,2,00,00,00,9,$0209,46,310,1,
OBJECT,1436,C74C,-,88,2A,68,0,0,0,2,1,1,2,00,00,00,10,$020A,09,310,1,
FRAME,1436,C74C,-,88,2A,68,0,0,0,2,1,1,2,00,00,00,,,,,310,1,
RNG,1437,C535,-,88,2A,68,0,0,0,2,1,1,2,00,00,00,C535,,,310,1,
FRAME,1437,C74E,-,7D,18,69,1,1,5,1,1,1,2,00,00,00,,,,,310,1,
RNG,1438,C535,-,7D,18,69,1,1,5,1,1,1,2,00,00,00,C535,,,310,1,
FRAME,1438,C74A,-,DD,0C,6A,1,1,5,0,1,1,2,00,00,00,,,,,310,1,
RNG,1439,C535,-,DD,0C,6A,1,1,5,0,1,1,2,00,00,00,C535,,,310,1,
C726,1439,C726,-,62,0F,6B,0,2,2,0,1,1,2,00,00,00,C726,,,311,1,
C726,1439,C726,-,62,0F,6B,0,2,2,0,1,1,2,00,00,00,C726,,,312,1,
OBJECT,1439,FEFB,-,62,0F,6B,0,2,2,0,1,1,2,00,00,00,11,$020B,26,312,1,
OBJECT,1439,FEFB,-,62,0F,6B,0,2,2,0,1,1,2,00,00,00,12,$020C,5E,312,1,
FRAME,1439,FEFB,-,62,0F,6B,0,2,2,0,1,1,2,00,00,00,,,,,312,1,
RNG,1440,C535,-,62,0F,6B,0,2,2,0,1,1,2,00,00,00,C535,,,312,1,
C726,1440,C726,-,E8,BC,6C,0,0,0,3,1,1,2,00,00,00,C726,,,313,1,
C726,1440,C726,-,E8,BC,6C,0,0,0,3,1,1,2,00,00,00,C726,,,314,1,
C726,1440,C726,-,E8,BC,6C,0,0,0,3,1,1,2,00,00,00,C726,,,315,1,
C726,1440,C726,-,E8,BC,6C,0,0,0,3,1,1,2,00,00,00,C726,,,316,1,
C726,1440,C726,-,E8,BC,6C,0,0,0,3,1,1,2,00,00,00,C726,,,317,1,
OBJECT,1440,C74C,-,E8,BC,6C,0,0,0,3,1,1,2,00,00,00,13,$020D,01,317,1,
OBJECT,1440,C74C,-,E8,BC,6C,0,0,0,3,1,1,2,00,00,00,14,$020E,4B,317,1,
OBJECT,1440,C74C,-,E8,BC,6C,0,0,0,3,1,1,2,00,00,00,15,$020F,48,317,1,
OBJECT,1440,C74C,-,E8,BC,6C,0,0,0,3,1,1,2,00,00,00,16,$0210,46,317,1,
OBJECT,1440,C74C,-,E8,BC,6C,0,0,0,3,1,1,2,00,00,00,17,$0211,09,317,1,
FRAME,1440,C74C,-,E8,BC,6C,0,0,0,3,1,1,2,00,00,00,,,,,317,1,
RNG,1441,C535,-,E8,BC,6C,0,0,0,3,1,1,2,00,00,00,C535,,,317,1,
FRAME,1441,C74C,-,F2,B0,6D,0,2,2,3,1,1,2,00,00,00,,,,,317,1,
RNG,1442,C535,-,F2,B0,6D,0,2,2,3,1,1,2,00,00,00,C535,,,317,1,
FRAME,1442,C74C,-,FC,B3,6E,0,0,4,3,1,1,2,00,00,00,,,,,317,1,
RNG,1443,C535,-,FC,B3,6E,0,0,4,3,1,1,2,00,00,00,C535,,,317,1,
C726,1443,C726,-,14,7C,6F,0,0,4,7,1,1,2,00,00,00,C726,,,318,1,
OBJECT,1443,E02C,-,14,7C,6F,0,0,4,7,1,1,2,00,00,00,18,$0212,26,318,1,
FRAME,1443,E02C,-,14,7C,6F,0,0,4,7,1,1,2,00,00,00,,,,,318,1,
RNG,1444,C535,-,14,7C,6F,0,0,4,7,1,1,2,00,00,00,C535,,,318,1,
C726,1444,C726,-,79,83,70,1,1,1,0,1,1,2,00,00,00,C726,,,319,1,
C726,1444,C726,-,79,83,70,1,1,1,0,1,1,2,00,00,00,C726,,,320,1,
C726,1444,C726,-,79,83,70,1,1,1,0,1,1,2,00,00,00,C726,,,321,1,
C726,1444,C726,-,79,83,70,1,1,1,0,1,1,2,00,00,00,C726,,,322,1,
C726,1444,C726,-,79,83,70,1,1,1,0,1,1,2,00,00,00,C726,,,323,1,
C726,1444,C726,-,79,83,70,1,1,1,0,1,1,2,00,00,00,C726,,,324,1,
OBJECT,1444,C74E,-,79,83,70,1,1,1,0,1,1,2,00,00,00,19,$0213,5E,324,1,
OBJECT,1444,C74E,-,79,83,70,1,1,1,0,1,1,2,00,00,00,20,$0214,01,324,1,
OBJECT,1444,C74E,-,79,83,70,1,1,1,0,1,1,2,00,00,00,21,$0215,4B,324,1,
OBJECT,1444,C74E,-,79,83,70,1,1,1,0,1,1,2,00,00,00,22,$0216,48,324,1,
OBJECT,1444,C74E,-,79,83,70,1,1,1,0,1,1,2,00,00,00,23,$0217,46,324,1,
OBJECT,1444,C74E,-,79,83,70,1,1,1,0,1,1,2,00,00,00,24,$0218,09,324,1,
FRAME,1444,C74E,-,79,83,70,1,1,1,0,1,1,2,00,00,00,,,,,324,1,
RNG,1445,C535,-,79,83,70,1,1,1,0,1,1,2,00,00,00,C535,,,324,1,
FRAME,1445,C74A,-,FF,53,71,1,3,7,5,1,1,2,00,00,00,,,,,324,1,
RNG,1446,C535,-,FF,53,71,1,3,7,5,1,1,2,00,00,00,C535,,,324,1,
FRAME,1446,C74E,-,64,5F,72,0,0,4,5,1,1,2,00,00,00,,,,,324,1,
RNG,1447,C535,-,64,5F,72,0,0,4,5,1,1,2,00,00,00,C535,,,324,1,
C726,1447,C726,-,EA,08,73,0,2,2,0,1,1,2,00,00,00,C726,,,325,1,
OBJECT,1447,E063,-,EA,08,73,0,2,2,0,1,1,2,00,00,00,25,$0219,26,325,1,
FRAME,1447,E063,-,EA,08,73,0,2,2,0,1,1,2,00,00,00,,,,,325,1,
RNG,1448,C535,-,EA,08,73,0,2,2,0,1,1,2,00,00,00,C535,,,325,1,
C726,1448,C726,-,94,08,74,0,0,4,0,1,1,2,00,00,00,C726,,,326,1,
C726,1448,C726,-,94,08,74,0,0,4,0,1,1,2,00,00,00,C726,,,327,1,
C726,1448,C726,-,94,08,74,0,0,4,0,1,1,2,00,00,00,C726,,,328,1,
C726,1448,C726,-,94,08,74,0,0,4,0,1,1,2,00,00,00,C726,,,329,1,
C726,1448,C726,-,94,08,74,0,0,4,0,1,1,2,00,00,00,C726,,,330,1,
C726,1448,C726,-,94,08,74,0,0,4,0,1,1,2,00,00,00,C726,,,331,1,
OBJECT,1448,C74C,-,94,08,74,0,0,4,0,1,1,2,00,00,00,26,$021A,5E,331,1,
OBJECT,1448,C74C,-,94,08,74,0,0,4,0,1,1,2,00,00,00,27,$021B,01,331,1,
OBJECT,1448,C74C,-,94,08,74,0,0,4,0,1,1,2,00,00,00,28,$021C,4B,331,1,
OBJECT,1448,C74C,-,94,08,74,0,0,4,0,1,1,2,00,00,00,29,$021D,48,331,1,
OBJECT,1448,C74C,-,94,08,74,0,0,4,0,1,1,2,00,00,00,30,$021E,46,331,1,
OBJECT,1448,C74C,-,94,08,74,0,0,4,0,1,1,2,00,00,00,31,$021F,09,331,1,
FRAME,1448,C74C,-,94,08,74,0,0,4,0,1,1,2,00,00,00,,,,,331,1,
RNG,1449,C535,-,94,08,74,0,0,4,0,1,1,2,00,00,00,C535,,,331,1,
FRAME,1449,C74C,-,41,95,75,1,1,1,1,1,1,2,00,00,00,,,,,331,1,
RNG,1450,C535,-,41,95,75,1,1,1,1,1,1,2,00,00,00,C535,,,331,1,
FRAME,1450,C74C,-,4C,89,76,0,0,4,0,1,1,2,00,00,00,,,,,331,1,
RNG,1451,C535,-,4C,89,76,0,0,4,0,1,1,2,00,00,00,C535,,,331,1,
FRAME,1451,C74E,-,4F,8C,77,1,3,7,0,1,1,2,00,00,00,,,,,331,1,
RNG,1452,C535,-,4F,8C,77,1,3,7,0,1,1,2,00,00,00,C535,,,331,1,
C726,1452,C726,-,DC,31,78,0,0,4,3,1,1,2,00,00,00,C726,,,332,1,
C726,1452,C726,-,DC,31,78,0,0,4,3,1,1,2,00,00,00,C726,,,333,1,
C726,1452,C726,-,DC,31,78,0,0,4,3,1,1,2,00,00,00,C726,,,334,1,
C726,1452,C726,-,DC,31,78,0,0,4,3,1,1,2,00,00,00,C726,,,335,1,
C726,1452,C726,-,DC,31,78,0,0,4,3,1,1,2,00,00,00,C726,,,336,1,
C726,1452,C726,-,DC,31,78,0,0,4,3,1,1,2,00,00,00,C726,,,337,1,
C726,1452,C726,-,DC,31,78,0,0,4,3,1,1,2,00,00,00,C726,,,338,1,
OBJECT,1452,C731,-,DC,31,78,0,0,4,3,1,1,2,00,00,00,32,$0220,26,338,1,
OBJECT,1452,C731,-,DC,31,78,0,0,4,3,1,1,2,00,00,00,33,$0221,5E,338,1,
OBJECT,1452,C731,-,DC,31,78,0,0,4,3,1,1,2,00,00,00,34,$0222,01,338,1,
OBJECT,1452,C731,-,DC,31,78,0,0,4,3,1,1,2,00,00,00,35,$0223,4B,338,1,
OBJECT,1452,C731,-,DC,31,78,0,0,4,3,1,1,2,00,00,00,36,$0224,48,338,1,
OBJECT,1452,C731,-,DC,31,78,0,0,4,3,1,1,2,00,00,00,37,$0225,46,338,1,
OBJECT,1452,C731,-,DC,31,78,0,0,4,3,1,1,2,00,00,00,38,$0226,09,338,1,
FRAME,1452,C731,-,DC,31,78,0,0,4,3,1,1,2,00,00,00,,,,,338,1,
FRAME,1453,C74E,-,DC,31,78,0,0,4,3,0,1,2,00,00,00,,,,,338,1,
RNG,1454,C535,-,DC,31,78,0,0,4,3,1,2,2,00,00,00,C535,,,338,1,
FRAME,1454,C74E,-,8C,10,79,0,0,4,1,1,2,2,00,00,00,,,,,338,1,
RNG,1455,C535,-,8C,10,79,0,0,4,1,1,1,2,00,00,00,C535,,,338,1,
FRAME,1455,C74E,-,93,39,7A,1,3,3,3,1,1,2,00,00,00,,,,,338,1,
RNG,1456,C535,-,93,39,7A,1,3,3,3,1,1,2,00,00,00,C535,,,338,1,
C726,1456,C726,-,20,3A,7B,0,0,0,3,1,1,2,00,00,00,C726,,,339,1,
C726,1456,C726,-,20,3A,7B,0,0,0,3,1,1,2,00,00,00,C726,,,340,1,
C726,1456,C726,-,20,3A,7B,0,0,0,3,1,1,2,00,00,00,C726,,,341,1,
OBJECT,1456,C70E,-,20,3A,7B,0,0,0,3,1,1,2,00,00,00,39,$0227,26,341,1,
OBJECT,1456,C70E,-,20,3A,7B,0,0,0,3,1,1,2,00,00,00,40,$0228,5E,341,1,
OBJECT,1456,C70E,-,20,3A,7B,0,0,0,3,1,1,2,00,00,00,41,$0229,01,341,1,
FRAME,1456,C70E,-,20,3A,7B,0,0,0,3,1,1,2,00,00,00,,,,,341,1,
C726,1457,C726,-,20,3A,7B,0,0,0,3,0,1,2,00,00,00,C726,,,342,1,
C726,1457,C726,-,20,3A,7B,0,0,0,3,0,1,2,00,00,00,C726,,,343,1,
C726,1457,C726,-,20,3A,7B,0,0,0,3,0,1,2,00,00,00,C726,,,344,1,
C726,1457,C726,-,20,3A,7B,0,0,0,3,0,1,2,00,00,00,C726,,,345,1,
OBJECT,1457,C74C,-,20,3A,7B,0,0,0,3,0,1,2,00,00,00,42,$022A,4B,345,1,
OBJECT,1457,C74C,-,20,3A,7B,0,0,0,3,0,1,2,00,00,00,43,$022B,48,345,1,
OBJECT,1457,C74C,-,20,3A,7B,0,0,0,3,0,1,2,00,00,00,44,$022C,46,345,1,
OBJECT,1457,C74C,-,20,3A,7B,0,0,0,3,0,1,2,00,00,00,45,$022D,09,345,1,
FRAME,1457,C74C,-,20,3A,7B,0,0,0,3,0,1,2,00,00,00,,,,,345,1,
RNG,1458,C535,-,20,3A,7B,0,0,0,3,1,2,2,00,00,00,C535,,,345,1,
FRAME,1458,C74E,-,D4,C7,7C,0,0,4,4,1,2,2,00,00,00,,,,,345,1,
RNG,1459,C535,-,D4,C7,7C,0,0,4,4,1,1,2,00,00,00,C535,,,345,1,
FRAME,1459,C74E,-,DB,BC,7D,1,3,3,3,1,1,2,00,00,00,,,,,345,1,
RNG,1460,C535,-,DB,BC,7D,1,3,3,3,1,1,2,00,00,00,C535,,,345,1,
C726,1460,C726,-,F3,BF,7E,1,3,3,3,1,1,2,00,00,00,C726,,,346,1,
OBJECT,1460,FEF9,-,F3,BF,7E,1,3,3,3,1,1,2,00,00,00,46,$022E,26,346,1,
FRAME,1460,FEF9,-,F3,BF,7E,1,3,3,3,1,1,2,00,00,00,,,,,346,1,
RNG,1461,C535,-,F3,BF,7E,1,3,3,3,1,1,2,00,00,00,C535,,,346,1,
C726,1461,C726,-,5C,6C,7F,0,0,4,6,1,1,2,00,00,00,C726,,,347,1,
C726,1461,C726,-,5C,6C,7F,0,0,4,6,1,1,2,00,00,00,C726,,,348,1,
C726,1461,C726,-,5C,6C,7F,0,0,4,6,1,1,2,00,00,00,C726,,,349,1,
C726,1461,C726,-,5C,6C,7F,0,0,4,6,1,1,2,00,00,00,C726,,,350,1,
C726,1461,C726,-,5C,6C,7F,0,0,4,6,1,1,2,00,00,00,C726,,,351,1,
C726,1461,C726,-,5C,6C,7F,0,0,4,6,1,1,2,00,00,00,C726,,,352,1,
OBJECT,1461,C74C,-,5C,6C,7F,0,0,4,6,1,1,2,00,00,00,47,$022F,5E,352,1,
OBJECT,1461,C74C,-,5C,6C,7F,0,0,4,6,1,1,2,00,00,00,48,$0230,01,352,1,
OBJECT,1461,C74C,-,5C,6C,7F,0,0,4,6,1,1,2,00,00,00,49,$0231,4B,352,1,
OBJECT,1461,C74C,-,5C,6C,7F,0,0,4,6,1,1,2,00,00,00,50,$0232,48,352,1,
OBJECT,1461,C74C,-,5C,6C,7F,0,0,4,6,1,1,2,00,00,00,51,$0233,46,352,1,
OBJECT,1461,C74C,-,5C,6C,7F,0,0,4,6,1,1,2,00,00,00,52,$0234,09,352,1,
FRAME,1461,C74C,-,5C,6C,7F,0,0,4,6,1,1,2,00,00,00,,,,,352,1,
RNG,1462,C535,-,5C,6C,7F,0,0,4,6,1,1,2,00,00,00,C535,,,352,1,
FRAME,1462,C74C,-,64,61,80,0,0,4,6,1,1,2,00,00,00,,,,,352,1,
RNG,1463,C535,-,64,61,80,0,0,4,6,1,1,2,00,00,00,C535,,,352,1,
FRAME,1463,C74C,-,F1,64,81,1,1,1,6,1,1,2,00,00,00,,,,,352,1,
RNG,1464,C535,-,F1,64,81,1,1,1,6,1,1,2,00,00,00,C535,,,352,1,
C726,1464,C726,-,A9,54,82,1,1,1,5,1,1,2,00,00,00,C726,,,353,1,
OBJECT,1464,E034,-,A9,54,82,1,1,1,5,1,1,2,00,00,00,53,$0235,26,353,1,
FRAME,1464,E034,-,A9,54,82,1,1,1,5,1,1,2,00,00,00,,,,,353,1,
RNG,1465,C535,-,A9,54,82,1,1,1,5,1,1,2,00,00,00,C535,,,353,1,
C726,1465,C726,-,B0,57,83,0,0,0,5,1,1,2,00,00,00,C726,,,354,1,
C726,1465,C726,-,B0,57,83,0,0,0,5,1,1,2,00,00,00,C726,,,355,1,
C726,1465,C726,-,B0,57,83,0,0,0,5,1,1,2,00,00,00,C726,,,356,1,
C726,1465,C726,-,B0,57,83,0,0,0,5,1,1,2,00,00,00,C726,,,357,1,
C726,1465,C726,-,B0,57,83,0,0,0,5,1,1,2,00,00,00,C726,,,358,1,
C726,1465,C726,-,B0,57,83,0,0,0,5,1,1,2,00,00,00,C726,,,359,1,
OBJECT,1465,C74C,-,B0,57,83,0,0,0,5,1,1,2,00,00,00,54,$0236,5E,359,1,
OBJECT,1465,C74C,-,B0,57,83,0,0,0,5,1,1,2,00,00,00,55,$0237,01,359,1,
OBJECT,1465,C74C,-,B0,57,83,0,0,0,5,1,1,2,00,00,00,56,$0238,4B,359,1,
OBJECT,1465,C74C,-,B0,57,83,0,0,0,5,1,1,2,00,00,00,57,$0239,48,359,1,
OBJECT,1465,C74C,-,B0,57,83,0,0,0,5,1,1,2,00,00,00,58,$023A,46,359,1,
OBJECT,1465,C74C,-,B0,57,83,0,0,0,5,1,1,2,00,00,00,59,$023B,09,359,1,
FRAME,1465,C74C,-,B0,57,83,0,0,0,5,1,1,2,00,00,00,,,,,359,1,
RNG,1466,C535,-,B0,57,83,0,0,0,5,1,1,2,00,00,00,C535,,,359,1,
FRAME,1466,C74C,-,3D,A3,84,1,1,5,2,1,1,2,00,00,00,,,,,359,1,
RNG,1467,C535,-,3D,A3,84,1,1,5,2,1,1,2,00,00,00,C535,,,359,1,
FRAME,1467,C74C,-,F9,51,85,1,1,1,5,1,1,2,00,00,00,,,,,359,1,
RNG,1468,C535,-,F9,51,85,1,1,1,5,1,1,2,00,00,00,C535,,,359,1,
C726,1468,C726,-,00,E6,86,0,0,0,6,1,1,2,00,00,00,C726,,,360,1,
OBJECT,1468,E05F,-,00,E6,86,0,0,0,6,1,1,2,00,00,00,60,$023C,26,360,1,
FRAME,1468,E05F,-,00,E6,86,0,0,0,6,1,1,2,00,00,00,,,,,360,1,
RNG,1469,C535,-,00,E6,86,0,0,0,6,1,1,2,00,00,00,C535,,,360,1,
C726,1469,C726,-,18,88,87,0,0,0,0,1,1,2,00,00,00,C726,,,361,1,
C726,1469,C726,-,18,88,87,0,0,0,0,1,1,2,00,00,00,C726,,,362,1,
C726,1469,C726,-,18,88,87,0,0,0,0,1,1,2,00,00,00,C726,,,363,1,
C726,1469,C726,-,18,88,87,0,0,0,0,1,1,2,00,00,00,C726,,,364,1,
C726,1469,C726,-,18,88,87,0,0,0,0,1,1,2,00,00,00,C726,,,365,1,
C726,1469,C726,-,18,88,87,0,0,0,0,1,1,2,00,00,00,C726,,,366,1,
OBJECT,1469,C74A,-,18,88,87,0,0,0,0,1,1,2,00,00,00,0,$0200,48,366,1,
OBJECT,1469,C74A,-,18,88,87,0,0,0,0,1,1,2,00,00,00,1,$0201,46,366,1,
OBJECT,1469,C74A,-,18,88,87,0,0,0,0,1,1,2,00,00,00,2,$0202,09,366,1,
OBJECT,1469,C74A,-,18,88,87,0,0,0,0,1,1,2,00,00,00,61,$023D,5E,366,1,
OBJECT,1469,C74A,-,18,88,87,0,0,0,0,1,1,2,00,00,00,62,$023E,01,366,1,
OBJECT,1469,C74A,-,18,88,87,0,0,0,0,1,1,2,00,00,00,63,$023F,4B,366,1,
FRAME,1469,C74A,-,18,88,87,0,0,0,0,1,1,2,00,00,00,,,,,366,1,
RNG,1470,C535,-,18,88,87,0,0,0,0,1,1,2,00,00,00,C535,,,366,1,
FRAME,1470,C74E,-,81,88,88,1,1,1,0,1,1,2,00,00,00,,,,,366,1,
RNG,1471,C535,-,81,88,88,1,1,1,0,1,1,2,00,00,00,C535,,,366,1,
FRAME,1471,C74E,-,89,45,89,1,1,1,4,1,1,2,00,00,00,,,,,366,1,
RNG,1472,C535,-,89,45,89,1,1,1,4,1,1,2,00,00,00,C535,,,366,1,
FRAME,1472,C74E,-,16,10,8A,0,2,6,1,1,1,2,00,00,00,,,,,366,1,
RNG,1473,C535,-,16,10,8A,0,2,6,1,1,1,2,00,00,00,C535,,,366,1,
C726,1473,C726,-,D6,17,8B,0,2,6,1,1,1,2,00,00,00,C726,,,367,1,
C726,1473,C726,-,D6,17,8B,0,2,6,1,1,1,2,00,00,00,C726,,,368,1,
C726,1473,C726,-,D6,17,8B,0,2,6,1,1,1,2,00,00,00,C726,,,369,1,
C726,1473,C726,-,D6,17,8B,0,2,6,1,1,1,2,00,00,00,C726,,,370,1,
C726,1473,C726,-,D6,17,8B,0,2,6,1,1,1,2,00,00,00,C726,,,371,1,
C726,1473,C726,-,D6,17,8B,0,2,6,1,1,1,2,00,00,00,C726,,,372,1,
C726,1473,C726,-,D6,17,8B,0,2,6,1,1,1,2,00,00,00,C726,,,373,1,
OBJECT,1473,C74E,-,D6,17,8B,0,2,6,1,1,1,2,00,00,00,3,$0203,26,373,1,
OBJECT,1473,C74E,-,D6,17,8B,0,2,6,1,1,1,2,00,00,00,4,$0204,5E,373,1,
OBJECT,1473,C74E,-,D6,17,8B,0,2,6,1,1,1,2,00,00,00,5,$0205,01,373,1,
OBJECT,1473,C74E,-,D6,17,8B,0,2,6,1,1,1,2,00,00,00,6,$0206,4B,373,1,
OBJECT,1473,C74E,-,D6,17,8B,0,2,6,1,1,1,2,00,00,00,7,$0207,48,373,1,
OBJECT,1473,C74E,-,D6,17,8B,0,2,6,1,1,1,2,00,00,00,8,$0208,46,373,1,
OBJECT,1473,C74E,-,D6,17,8B,0,2,6,1,1,1,2,00,00,00,9,$0209,09,373,1,
FRAME,1473,C74E,-,D6,17,8B,0,2,6,1,1,1,2,00,00,00,,,,,373,1,
RNG,1474,C535,-,D6,17,8B,0,2,6,1,1,1,2,00,00,00,C535,,,373,1,
FRAME,1474,C74E,-,DD,2F,8C,1,1,5,2,1,1,2,00,00,00,,,,,373,1,
RNG,1475,C535,-,DD,2F,8C,1,1,5,2,1,1,2,00,00,00,C535,,,373,1,
FRAME,1475,C74A,-,6A,98,8D,0,2,2,1,1,1,2,00,00,00,,,,,373,1,
RNG,1476,C535,-,6A,98,8D,0,2,2,1,1,1,2,00,00,00,C535,,,373,1,
FRAME,1476,C74C,-,2E,9C,8E,0,2,6,1,1,1,2,00,00,00,,,,,373,1,
RNG,1477,C535,-,2E,9C,8E,0,2,6,1,1,1,2,00,00,00,C535,,,373,1,
C726,1477,C726,-,35,39,8F,1,1,5,3,1,1,2,00,00,00,C726,,,374,1,
C726,1477,C726,-,35,39,8F,1,1,5,3,1,1,2,00,00,00,C726,,,375,1,
C726,1477,C726,-,35,39,8F,1,1,5,3,1,1,2,00,00,00,C726,,,376,1,
OBJECT,1477,C0CF,-,35,39,8F,1,1,5,3,1,1,2,00,00,00,10,$020A,26,376,1,
OBJECT,1477,C0CF,-,35,39,8F,1,1,5,3,1,1,2,00,00,00,11,$020B,5E,376,1,
OBJECT,1477,C0CF,-,35,39,8F,1,1,5,3,1,1,2,00,00,00,12,$020C,01,376,1,
FRAME,1477,C0CF,-,35,39,8F,1,1,5,3,1,1,2,00,00,00,,,,,376,1,
C726,1478,C726,-,35,39,8F,1,1,5,3,0,1,2,00,00,00,C726,,,377,1,
C726,1478,C726,-,35,39,8F,1,1,5,3,0,1,2,00,00,00,C726,,,378,1,
C726,1478,C726,-,35,39,8F,1,1,5,3,0,1,2,00,00,00,C726,,,379,1,
C726,1478,C726,-,35,39,8F,1,1,5,3,0,1,2,00,00,00,C726,,,380,1,
OBJECT,1478,C74E,-,35,39,8F,1,1,5,3,0,1,2,00,00,00,13,$020D,4B,380,1,
OBJECT,1478,C74E,-,35,39,8F,1,1,5,3,0,1,2,00,00,00,14,$020E,48,380,1,
OBJECT,1478,C74E,-,35,39,8F,1,1,5,3,0,1,2,00,00,00,15,$020F,46,380,1,
OBJECT,1478,C74E,-,35,39,8F,1,1,5,3,0,1,2,00,00,00,16,$0210,09,380,1,
FRAME,1478,C74E,-,35,39,8F,1,1,5,3,0,1,2,00,00,00,,,,,380,1,
RNG,1479,C535,-,35,39,8F,1,1,5,3,1,2,2,00,00,00,C535,,,380,1,
FRAME,1479,C74E,-,D5,04,90,1,1,5,0,1,2,2,00,00,00,,,,,380,1,
RNG,1480,C535,-,D5,04,90,1,1,5,0,1,1,2,00,00,00,C535,,,380,1,
FRAME,1480,C74E,-,D5,0B,91,1,1,5,0,1,1,2,00,00,00,,,,,380,1,
RNG,1481,C535,-,D5,0B,91,1,1,5,0,1,1,2,00,00,00,C535,,,380,1,
C726,1481,C726,-,92,F3,92,0,2,2,7,1,1,2,00,00,00,C726,,,381,1,
OBJECT,1481,E03F,-,92,F3,92,0,2,2,7,1,1,2,00,00,00,17,$0211,26,381,1,
FRAME,1481,E03F,-,92,F3,92,0,2,2,7,1,1,2,00,00,00,,,,,381,1,
RNG,1482,C535,-,92,F3,92,0,2,2,7,1,1,2,00,00,00,C535,,,381,1,
C726,1482,C726,-,8E,DB,93,0,2,6,5,1,1,2,00,00,00,C726,,,382,1,
C726,1482,C726,-,8E,DB,93,0,2,6,5,1,1,2,00,00,00,C726,,,383,1,
C726,1482,C726,-,8E,DB,93,0,2,6,5,1,1,2,00,00,00,C726,,,384,1,
C726,1482,C726,-,8E,DB,93,0,2,6,5,1,1,2,00,00,00,C726,,,385,1,
C726,1482,C726,-,8E,DB,93,0,2,6,5,1,1,2,00,00,00,C726,,,386,1,
C726,1482,C726,-,8E,DB,93,0,2,6,5,1,1,2,00,00,00,C726,,,387,1,
OBJECT,1482,C74C,-,8E,DB,93,0,2,6,5,1,1,2,00,00,00,18,$0212,5E,387,1,
OBJECT,1482,C74C,-,8E,DB,93,0,2,6,5,1,1,2,00,00,00,19,$0213,01,387,1,
OBJECT,1482,C74C,-,8E,DB,93,0,2,6,5,1,1,2,00,00,00,20,$0214,4B,387,1,
OBJECT,1482,C74C,-,8E,DB,93,0,2,6,5,1,1,2,00,00,00,21,$0215,48,387,1,
OBJECT,1482,C74C,-,8E,DB,93,0,2,6,5,1,1,2,00,00,00,22,$0216,46,387,1,
OBJECT,1482,C74C,-,8E,DB,93,0,2,6,5,1,1,2,00,00,00,23,$0217,09,387,1,
FRAME,1482,C74C,-,8E,DB,93,0,2,6,5,1,1,2,00,00,00,,,,,387,1,
RNG,1483,C535,-,8E,DB,93,0,2,6,5,1,1,2,00,00,00,C535,,,387,1,
FRAME,1483,C74C,-,0F,C3,94,1,3,7,4,1,1,2,00,00,00,,,,,387,1,
RNG,1484,C535,-,0F,C3,94,1,3,7,4,1,1,2,00,00,00,C535,,,387,1,
FRAME,1484,C74C,-,DF,AB,95,1,3,7,2,1,1,2,00,00,00,,,,,387,1,
RNG,1485,C535,-,DF,AB,95,1,3,7,2,1,1,2,00,00,00,C535,,,387,1,
C726,1485,C726,-,E4,8B,96,0,0,4,0,1,1,2,00,00,00,C726,,,388,1,
OBJECT,1485,E022,-,E4,8B,96,0,0,4,0,1,1,2,00,00,00,24,$0218,26,388,1,
FRAME,1485,E022,-,E4,8B,96,0,0,4,0,1,1,2,00,00,00,,,,,388,1,
RNG,1486,C535,-,E4,8B,96,0,0,4,0,1,1,2,00,00,00,C535,,,388,1,
C726,1486,C726,-,8D,A3,97,1,1,5,2,1,1,2,00,00,00,C726,,,389,1,
C726,1486,C726,-,8D,A3,97,1,1,5,2,1,1,2,00,00,00,C726,,,390,1,
C726,1486,C726,-,8D,A3,97,1,1,5,2,1,1,2,00,00,00,C726,,,391,1,
C726,1486,C726,-,8D,A3,97,1,1,5,2,1,1,2,00,00,00,C726,,,392,1,
C726,1486,C726,-,8D,A3,97,1,1,5,2,1,1,2,00,00,00,C726,,,393,1,
C726,1486,C726,-,8D,A3,97,1,1,5,2,1,1,2,00,00,00,C726,,,394,1,
OBJECT,1486,C74E,-,8D,A3,97,1,1,5,2,1,1,2,00,00,00,25,$0219,5E,394,1,
OBJECT,1486,C74E,-,8D,A3,97,1,1,5,2,1,1,2,00,00,00,26,$021A,01,394,1,
OBJECT,1486,C74E,-,8D,A3,97,1,1,5,2,1,1,2,00,00,00,27,$021B,4B,394,1,
OBJECT,1486,C74E,-,8D,A3,97,1,1,5,2,1,1,2,00,00,00,28,$021C,48,394,1,
OBJECT,1486,C74E,-,8D,A3,97,1,1,5,2,1,1,2,00,00,00,29,$021D,46,394,1,
OBJECT,1486,C74E,-,8D,A3,97,1,1,5,2,1,1,2,00,00,00,30,$021E,09,394,1,
FRAME,1486,C74E,-,8D,A3,97,1,1,5,2,1,1,2,00,00,00,,,,,394,1,
RNG,1487,C535,-,8D,A3,97,1,1,5,2,1,1,2,00,00,00,C535,,,394,1,
FRAME,1487,C74A,-,7D,73,98,1,1,5,7,1,1,2,00,00,00,,,,,394,1,
RNG,1488,C535,-,7D,73,98,1,1,5,7,1,1,2,00,00,00,C535,,,394,1,
FRAME,1488,C74A,-,16,62,99,0,2,6,6,1,1,2,00,00,00,,,,,394,1,
RNG,1489,C535,-,16,62,99,0,2,6,6,1,1,2,00,00,00,C535,,,394,1,
C726,1489,C726,-,C6,50,9A,0,2,6,5,1,1,2,00,00,00,C726,,,395,1,
OBJECT,1489,E031,-,C6,50,9A,0,2,6,5,1,1,2,00,00,00,31,$021F,26,395,1,
FRAME,1489,E031,-,C6,50,9A,0,2,6,5,1,1,2,00,00,00,,,,,395,1,
RNG,1490,C535,-,C6,50,9A,0,2,6,5,1,1,2,00,00,00,C535,,,395,1,
C726,1490,C726,-,CD,46,9B,1,1,5,4,1,1,2,00,00,00,C726,,,396,1,
C726,1490,C726,-,CD,46,9B,1,1,5,4,1,1,2,00,00,00,C726,,,397,1,
C726,1490,C726,-,CD,46,9B,1,1,5,4,1,1,2,00,00,00,C726,,,398,1,
C726,1490,C726,-,CD,46,9B,1,1,5,4,1,1,2,00,00,00,C726,,,399,1,
C726,1490,C726,-,CD,46,9B,1,1,5,4,1,1,2,00,00,00,C726,,,400,1,
C726,1490,C726,-,CD,46,9B,1,1,5,4,1,1,2,00,00,00,C726,,,401,1,
OBJECT,1490,C74E,-,CD,46,9B,1,1,5,4,1,1,2,00,00,00,32,$0220,5E,401,1,
OBJECT,1490,C74E,-,CD,46,9B,1,1,5,4,1,1,2,00,00,00,33,$0221,01,401,1,
OBJECT,1490,C74E,-,CD,46,9B,1,1,5,4,1,1,2,00,00,00,34,$0222,4B,401,1,
OBJECT,1490,C74E,-,CD,46,9B,1,1,5,4,1,1,2,00,00,00,35,$0223,48,401,1,
OBJECT,1490,C74E,-,CD,46,9B,1,1,5,4,1,1,2,00,00,00,36,$0224,46,401,1,
OBJECT,1490,C74E,-,CD,46,9B,1,1,5,4,1,1,2,00,00,00,37,$0225,09,401,1,
FRAME,1490,C74E,-,CD,46,9B,1,1,5,4,1,1,2,00,00,00,,,,,401,1,
RNG,1491,C535,-,CD,46,9B,1,1,5,4,1,1,2,00,00,00,C535,,,401,1,
FRAME,1491,C74E,-,66,49,9C,0,2,6,4,1,1,2,00,00,00,,,,,401,1,
RNG,1492,C535,-,66,49,9C,0,2,6,4,1,1,2,00,00,00,C535,,,401,1,
FRAME,1492,C74E,-,17,F6,9D,1,3,7,7,1,1,2,00,00,00,,,,,401,1,
RNG,1493,C535,-,17,F6,9D,1,3,7,7,1,1,2,00,00,00,C535,,,401,1,
FRAME,1493,C74A,-,1E,EC,9E,0,2,6,6,1,1,2,00,00,00,,,,,401,1,
RNG,1494,C535,-,1E,EC,9E,0,2,6,6,1,1,2,00,00,00,C535,,,401,1,
C726,1494,C726,-,06,EF,9F,0,2,6,6,1,1,2,00,00,00,C726,,,402,1,
C726,1494,C726,-,06,EF,9F,0,2,6,6,1,1,2,00,00,00,C726,,,403,1,
C726,1494,C726,-,06,EF,9F,0,2,6,6,1,1,2,00,00,00,C726,,,404,1,
C726,1494,C726,-,06,EF,9F,0,2,6,6,1,1,2,00,00,00,C726,,,405,1,
C726,1494,C726,-,06,EF,9F,0,2,6,6,1,1,2,00,00,00,C726,,,406,1,
C726,1494,C726,-,06,EF,9F,0,2,6,6,1,1,2,00,00,00,C726,,,407,1,
C726,1494,C726,-,06,EF,9F,0,2,6,6,1,1,2,00,00,00,C726,,,408,1,
OBJECT,1494,C74C,-,06,EF,9F,0,2,6,6,1,1,2,00,00,00,38,$0226,26,408,1,
OBJECT,1494,C74C,-,06,EF,9F,0,2,6,6,1,1,2,00,00,00,39,$0227,5E,408,1,
OBJECT,1494,C74C,-,06,EF,9F,0,2,6,6,1,1,2,00,00,00,40,$0228,01,408,1,
OBJECT,1494,C74C,-,06,EF,9F,0,2,6,6,1,1,2,00,00,00,41,$0229,4B,408,1,
OBJECT,1494,C74C,-,06,EF,9F,0,2,6,6,1,1,2,00,00,00,42,$022A,48,408,1,
OBJECT,1494,C74C,-,06,EF,9F,0,2,6,6,1,1,2,00,00,00,43,$022B,46,408,1,
OBJECT,1494,C74C,-,06,EF,9F,0,2,6,6,1,1,2,00,00,00,44,$022C,09,408,1,
FRAME,1494,C74C,-,06,EF,9F,0,2,6,6,1,1,2,00,00,00,,,,,408,1,
RNG,1495,C535,-,06,EF,9F,0,2,6,6,1,1,2,00,00,00,C535,,,408,1,
FRAME,1495,C74E,-,CE,18,A0,0,2,6,1,1,1,2,00,00,00,,,,,408,1,
RNG,1496,C535,-,CE,18,A0,0,2,6,1,1,1,2,00,00,00,C535,,,408,1,
FRAME,1496,C74E,-,96,19,A1,0,2,6,1,1,1,2,00,00,00,,,,,408,1,
RNG,1497,C535,-,96,19,A1,0,2,6,1,1,1,2,00,00,00,C535,,,408,1,
FRAME,1497,C74E,-,5E,A6,A2,0,2,6,2,1,1,2,00,00,00,,,,,408,1,
RNG,1498,C535,-,5E,A6,A2,0,2,6,2,1,1,2,00,00,00,C535,,,408,1,
C726,1498,C726,-,26,9C,A3,0,2,6,1,1,1,2,00,00,00,C726,,,409,1,
C726,1498,C726,-,26,9C,A3,0,2,6,1,1,1,2,00,00,00,C726,,,410,1,
C726,1498,C726,-,26,9C,A3,0,2,6,1,1,1,2,00,00,00,C726,,,411,1,
OBJECT,1498,CFDB,-,26,9C,A3,0,2,6,1,1,1,2,00,00,00,45,$022D,26,411,1,
OBJECT,1498,CFDB,-,26,9C,A3,0,2,6,1,1,1,2,00,00,00,46,$022E,5E,411,1,
OBJECT,1498,CFDB,-,26,9C,A3,0,2,6,1,1,1,2,00,00,00,47,$022F,01,411,1,
FRAME,1498,CFDB,-,26,9C,A3,0,2,6,1,1,1,2,00,00,00,,,,,411,1,
RNG,1499,C535,-,26,9C,A3,0,2,6,1,1,1,2,00,00,00,C535,,,411,1,
C726,1499,C726,-,E6,9F,A4,0,2,6,1,1,1,2,00,00,00,C726,,,412,1,
C726,1499,C726,-,E6,9F,A4,0,2,6,1,1,1,2,00,00,00,C726,,,413,1,
C726,1499,C726,-,E6,9F,A4,0,2,6,1,1,1,2,00,00,00,C726,,,414,1,
C726,1499,C726,-,E6,9F,A4,0,2,6,1,1,1,2,00,00,00,C726,,,415,1,
OBJECT,1499,C74C,-,E6,9F,A4,0,2,6,1,1,1,2,00,00,00,48,$0230,4B,415,1,
OBJECT,1499,C74C,-,E6,9F,A4,0,2,6,1,1,1,2,00,00,00,49,$0231,48,415,1,
OBJECT,1499,C74C,-,E6,9F,A4,0,2,6,1,1,1,2,00,00,00,50,$0232,46,415,1,
OBJECT,1499,C74C,-,E6,9F,A4,0,2,6,1,1,1,2,00,00,00,51,$0233,09,415,1,
FRAME,1499,C74C,-,E6,9F,A4,0,2,6,1,1,1,2,00,00,00,,,,,415,1,
RNG,1500,C535,-,E6,9F,A4,0,2,6,1,1,1,2,00,00,00,C535,,,415,1,
FRAME,1500,C74C,-,FE,8F,A5,0,2,6,0,1,1,2,00,00,00,,,,,415,1,
RNG,1501,C535,-,FE,8F,A5,0,2,6,0,1,1,2,00,00,00,C535,,,415,1,
FRAME,1501,C74E,-,CE,94,A6,0,2,6,1,1,1,2,00,00,00,,,,,415,1,
RNG,1502,C535,-,CE,94,A6,0,2,6,1,1,1,2,00,00,00,C535,,,415,1,
C726,1502,C726,-,B8,36,A7,0,0,0,3,1,1,2,00,00,00,C726,,,416,1,
OBJECT,1502,FEF5,-,B8,36,A7,0,0,0,3,1,1,2,00,00,00,52,$0234,26,416,1,
FRAME,1502,FEF5,-,B8,36,A7,0,0,0,3,1,1,2,00,00,00,,,,,416,1,
RNG,1503,C535,-,B8,36,A7,0,0,0,3,1,1,2,00,00,00,C535,,,416,1,
C726,1503,C726,-,18,36,A8,0,0,0,3,1,1,2,00,00,00,C726,,,417,1,
C726,1503,C726,-,18,36,A8,0,0,0,3,1,1,2,00,00,00,C726,,,418,1,
C726,1503,C726,-,18,36,A8,0,0,0,3,1,1,2,00,00,00,C726,,,419,1,
C726,1503,C726,-,18,36,A8,0,0,0,3,1,1,2,00,00,00,C726,,,420,1,
C726,1503,C726,-,18,36,A8,0,0,0,3,1,1,2,00,00,00,C726,,,421,1,
C726,1503,C726,-,18,36,A8,0,0,0,3,1,1,2,00,00,00,C726,,,422,1,
OBJECT,1503,C74E,-,18,36,A8,0,0,0,3,1,1,2,00,00,00,53,$0235,5E,422,1,
OBJECT,1503,C74E,-,18,36,A8,0,0,0,3,1,1,2,00,00,00,54,$0236,01,422,1,
OBJECT,1503,C74E,-,18,36,A8,0,0,0,3,1,1,2,00,00,00,55,$0237,4B,422,1,
OBJECT,1503,C74E,-,18,36,A8,0,0,0,3,1,1,2,00,00,00,56,$0238,48,422,1,
OBJECT,1503,C74E,-,18,36,A8,0,0,0,3,1,1,2,00,00,00,57,$0239,46,422,1,
OBJECT,1503,C74E,-,18,36,A8,0,0,0,3,1,1,2,00,00,00,58,$023A,09,422,1,
FRAME,1503,C74E,-,18,36,A8,0,0,0,3,1,1,2,00,00,00,,,,,422,1,
RNG,1504,C535,-,18,36,A8,0,0,0,3,1,1,2,00,00,00,C535,,,422,1,
FRAME,1504,C74C,-,16,82,A9,0,2,6,0,1,1,2,00,00,00,,,,,422,1,
RNG,1505,C535,-,16,82,A9,0,2,6,0,1,1,2,00,00,00,C535,,,422,1,
FRAME,1505,C74E,-,14,1F,AA,0,0,4,1,1,1,2,00,00,00,,,,,422,1,
RNG,1506,C535,-,14,1F,AA,0,0,4,1,1,1,2,00,00,00,C535,,,422,1,
C726,1506,C726,-,12,B4,AB,0,2,2,3,1,1,2,00,00,00,C726,,,423,1,
OBJECT,1506,E05F,-,12,B4,AB,0,2,2,3,1,1,2,00,00,00,59,$023B,26,423,1,
FRAME,1506,E05F,-,12,B4,AB,0,2,2,3,1,1,2,00,00,00,,,,,423,1,
RNG,1507,C535,-,12,B4,AB,0,2,2,3,1,1,2,00,00,00,C535,,,423,1,
C726,1507,C726,-,10,56,AC,0,0,0,5,1,1,2,00,00,00,C726,,,424,1,
C726,1507,C726,-,10,56,AC,0,0,0,5,1,1,2,00,00,00,C726,,,425,1,
C726,1507,C726,-,10,56,AC,0,0,0,5,1,1,2,00,00,00,C726,,,426,1,
C726,1507,C726,-,10,56,AC,0,0,0,5,1,1,2,00,00,00,C726,,,427,1,
C726,1507,C726,-,10,56,AC,0,0,0,5,1,1,2,00,00,00,C726,,,428,1,
C726,1507,C726,-,10,56,AC,0,0,0,5,1,1,2,00,00,00,C726,,,429,1,
OBJECT,1507,C74C,-,10,56,AC,0,0,0,5,1,1,2,00,00,00,0,$0200,46,429,1,
OBJECT,1507,C74C,-,10,56,AC,0,0,0,5,1,1,2,00,00,00,1,$0201,09,429,1,
OBJECT,1507,C74C,-,10,56,AC,0,0,0,5,1,1,2,00,00,00,60,$023C,5E,429,1,
OBJECT,1507,C74C,-,10,56,AC,0,0,0,5,1,1,2,00,00,00,61,$023D,01,429,1,
OBJECT,1507,C74C,-,10,56,AC,0,0,0,5,1,1,2,00,00,00,62,$023E,4B,429,1,
OBJECT,1507,C74C,-,10,56,AC,0,0,0,5,1,1,2,00,00,00,63,$023F,48,429,1,
FRAME,1507,C74C,-,10,56,AC,0,0,0,5,1,1,2,00,00,00,,,,,429,1,
RNG,1508,C535,-,10,56,AC,0,0,0,5,1,1,2,00,00,00,C535,,,429,1,
FRAME,1508,C74C,-,0E,5C,AD,0,2,6,5,1,1,2,00,00,00,,,,,429,1,
RNG,1509,C535,-,0E,5C,AD,0,2,6,5,1,1,2,00,00,00,C535,,,429,1,
FRAME,1509,C74C,-,0C,FC,AE,0,0,4,7,1,1,2,00,00,00,,,,,429,1,
RNG,1510,C535,-,0C,FC,AE,0,0,4,7,1,1,2,00,00,00,C535,,,429,1,
C726,1510,C726,-,E1,FC,AF,1,1,1,7,1,1,2,00,00,00,C726,,,430,1,
OBJECT,1510,E05D,-,E1,FC,AF,1,1,1,7,1,1,2,00,00,00,2,$0202,26,430,1,
FRAME,1510,E05D,-,E1,FC,AF,1,1,1,7,1,1,2,00,00,00,,,,,430,1,
RNG,1511,C535,-,E1,FC,AF,1,1,1,7,1,1,2,00,00,00,C535,,,430,1,
C726,1511,C726,-,DF,B9,B0,1,3,7,3,1,1,2,00,00,00,C726,,,431,1,
C726,1511,C726,-,DF,B9,B0,1,3,7,3,1,1,2,00,00,00,C726,,,432,1,
C726,1511,C726,-,DF,B9,B0,1,3,7,3,1,1,2,00,00,00,C726,,,433,1,
C726,1511,C726,-,DF,B9,B0,1,3,7,3,1,1,2,00,00,00,C726,,,434,1,
C726,1511,C726,-,DF,B9,B0,1,3,7,3,1,1,2,00,00,00,C726,,,435,1,
C726,1511,C726,-,DF,B9,B0,1,3,7,3,1,1,2,00,00,00,C726,,,436,1,
OBJECT,1511,C74A,-,DF,B9,B0,1,3,7,3,1,1,2,00,00,00,3,$0203,5E,436,1,
OBJECT,1511,C74A,-,DF,B9,B0,1,3,7,3,1,1,2,00,00,00,4,$0204,01,436,1,
OBJECT,1511,C74A,-,DF,B9,B0,1,3,7,3,1,1,2,00,00,00,5,$0205,4B,436,1,
OBJECT,1511,C74A,-,DF,B9,B0,1,3,7,3,1,1,2,00,00,00,6,$0206,48,436,1,
OBJECT,1511,C74A,-,DF,B9,B0,1,3,7,3,1,1,2,00,00,00,7,$0207,46,436,1,
OBJECT,1511,C74A,-,DF,B9,B0,1,3,7,3,1,1,2,00,00,00,8,$0208,09,436,1,
FRAME,1511,C74A,-,DF,B9,B0,1,3,7,3,1,1,2,00,00,00,,,,,436,1,
RNG,1512,C535,-,DF,B9,B0,1,3,7,3,1,1,2,00,00,00,C535,,,436,1,
FRAME,1512,C74E,-,C4,A0,B1,0,0,4,2,1,1,2,00,00,00,,,,,436,1,
RNG,1513,C535,-,C4,A0,B1,0,0,4,2,1,1,2,00,00,00,C535,,,436,1,
FRAME,1513,C74A,-,C2,35,B2,0,2,2,3,1,1,2,00,00,00,,,,,436,1,
RNG,1514,C535,-,C2,35,B2,0,2,2,3,1,1,2,00,00,00,C535,,,436,1,
FRAME,1514,C74A,-,B7,CE,B3,1,3,7,4,1,1,2,00,00,00,,,,,436,1,
RNG,1515,C535,-,B7,CE,B3,1,3,7,4,1,1,2,00,00,00,C535,,,436,1,
C726,1515,C726,-,B5,97,B4,1,1,5,1,1,1,2,00,00,00,C726,,,437,1,
C726,1515,C726,-,B5,97,B4,1,1,5,1,1,1,2,00,00,00,C726,,,438,1,
C726,1515,C726,-,B5,97,B4,1,1,5,1,1,1,2,00,00,00,C726,,,439,1,
C726,1515,C726,-,B5,97,B4,1,1,5,1,1,1,2,00,00,00,C726,,,440,1,
C726,1515,C726,-,B5,97,B4,1,1,5,1,1,1,2,00,00,00,C726,,,441,1,
C726,1515,C726,-,B5,97,B4,1,1,5,1,1,1,2,00,00,00,C726,,,442,1,
C726,1515,C726,-,B5,97,B4,1,1,5,1,1,1,2,00,00,00,C726,,,443,1,
OBJECT,1515,C74C,-,B5,97,B4,1,1,5,1,1,1,2,00,00,00,9,$0209,26,443,1,
OBJECT,1515,C74C,-,B5,97,B4,1,1,5,1,1,1,2,00,00,00,10,$020A,5E,443,1,
OBJECT,1515,C74C,-,B5,97,B4,1,1,5,1,1,1,2,00,00,00,11,$020B,01,443,1,
OBJECT,1515,C74C,-,B5,97,B4,1,1,5,1,1,1,2,00,00,00,12,$020C,4B,443,1,
OBJECT,1515,C74C,-,B5,97,B4,1,1,5,1,1,1,2,00,00,00,13,$020D,48,443,1,
OBJECT,1515,C74C,-,B5,97,B4,1,1,5,1,1,1,2,00,00,00,14,$020E,46,443,1,
OBJECT,1515,C74C,-,B5,97,B4,1,1,5,1,1,1,2,00,00,00,15,$020F,09,443,1,
FRAME,1515,C74C,-,B5,97,B4,1,1,5,1,1,1,2,00,00,00,,,,,443,1,
RNG,1516,C535,-,B5,97,B4,1,1,5,1,1,1,2,00,00,00,C535,,,443,1,
FRAME,1516,C74C,-,89,9E,B5,1,1,1,1,1,1,2,00,00,00,,,,,443,1,
RNG,1517,C535,-,89,9E,B5,1,1,1,1,1,1,2,00,00,00,C535,,,443,1,
FRAME,1517,C74C,-,87,86,B6,1,3,7,0,1,1,2,00,00,00,,,,,443,1,
RNG,1518,C535,-,87,86,B6,1,3,7,0,1,1,2,00,00,00,C535,,,443,1,
FRAME,1518,C74E,-,6B,4E,B7,1,3,3,4,1,1,2,00,00,00,,,,,443,1,
RNG,1519,C535,-,6B,4E,B7,1,3,3,4,1,1,2,00,00,00,C535,,,443,1,
C726,1519,C726,-,69,16,B8,1,1,1,1,1,1,2,00,00,00,C726,,,444,1,
C726,1519,C726,-,69,16,B8,1,1,1,1,1,1,2,00,00,00,C726,,,445,1,
C726,1519,C726,-,69,16,B8,1,1,1,1,1,1,2,00,00,00,C726,,,446,1,
C726,1519,C726,-,69,16,B8,1,1,1,1,1,1,2,00,00,00,C726,,,447,1,
OBJECT,1519,C2DA,-,69,16,B8,1,1,1,1,1,1,2,00,00,00,16,$0210,26,447,1,
OBJECT,1519,C2DA,-,69,16,B8,1,1,1,1,1,1,2,00,00,00,17,$0211,5E,447,1,
OBJECT,1519,C2DA,-,69,16,B8,1,1,1,1,1,1,2,00,00,00,18,$0212,01,447,1,
OBJECT,1519,C2DA,-,69,16,B8,1,1,1,1,1,1,2,00,00,00,19,$0213,4B,447,1,
FRAME,1519,C2DA,-,69,16,B8,1,1,1,1,1,1,2,00,00,00,,,,,447,1,
C726,1520,C726,-,69,16,B8,1,1,1,1,0,1,2,00,00,00,C726,,,448,1,
C726,1520,C726,-,69,16,B8,1,1,1,1,0,1,2,00,00,00,C726,,,449,1,
C726,1520,C726,-,69,16,B8,1,1,1,1,0,1,2,00,00,00,C726,,,450,1,
OBJECT,1520,C74C,-,69,16,B8,1,1,1,1,0,1,2,00,00,00,20,$0214,48,450,1,
OBJECT,1520,C74C,-,69,16,B8,1,1,1,1,0,1,2,00,00,00,21,$0215,46,450,1,
OBJECT,1520,C74C,-,69,16,B8,1,1,1,1,0,1,2,00,00,00,22,$0216,09,450,1,
FRAME,1520,C74C,-,69,16,B8,1,1,1,1,0,1,2,00,00,00,,,,,450,1,
RNG,1521,C535,-,69,16,B8,1,1,1,1,1,2,2,00,00,00,C535,,,450,1,
FRAME,1521,C74A,-,5D,DE,B9,1,1,5,5,1,2,2,00,00,00,,,,,450,1,
RNG,1522,C535,-,5D,DE,B9,1,1,5,5,1,1,2,00,00,00,C535,,,450,1,
FRAME,1522,C74A,-,5B,A6,BA,1,3,3,2,1,1,2,00,00,00,,,,,450,1,
RNG,1523,C535,-,5B,A6,BA,1,3,3,2,1,1,2,00,00,00,C535,,,450,1,
C726,1523,C726,-,2E,66,BB,0,2,6,6,1,1,2,00,00,00,C726,,,451,1,
C726,1523,C726,-,2E,66,BB,0,2,6,6,1,1,2,00,00,00,C726,,,452,1,
C726,1523,C726,-,2E,66,BB,0,2,6,6,1,1,2,00,00,00,C726,,,453,1,
OBJECT,1523,C0AE,-,2E,66,BB,0,2,6,6,1,1,2,00,00,00,23,$0217,26,453,1,
OBJECT,1523,C0AE,-,2E,66,BB,0,2,6,6,1,1,2,00,00,00,24,$0218,5E,453,1,
OBJECT,1523,C0AE,-,2E,66,BB,0,2,6,6,1,1,2,00,00,00,25,$0219,01,453,1,
FRAME,1523,C0AE,-,2E,66,BB,0,2,6,6,1,1,2,00,00,00,,,,,453,1,
C726,1524,C726,-,2E,66,BB,0,2,6,6,0,1,2,00,00,00,C726,,,454,1,
C726,1524,C726,-,2E,66,BB,0,2,6,6,0,1,2,00,00,00,C726,,,455,1,
C726,1524,C726,-,2E,66,BB,0,2,6,6,0,1,2,00,00,00,C726,,,456,1,
C726,1524,C726,-,2E,66,BB,0,2,6,6,0,1,2,00,00,00,C726,,,457,1,
OBJECT,1524,C74C,-,2E,66,BB,0,2,6,6,0,1,2,00,00,00,26,$021A,4B,457,1,
OBJECT,1524,C74C,-,2E,66,BB,0,2,6,6,0,1,2,00,00,00,27,$021B,48,457,1,
OBJECT,1524,C74C,-,2E,66,BB,0,2,6,6,0,1,2,00,00,00,28,$021C,46,457,1,
OBJECT,1524,C74C,-,2E,66,BB,0,2,6,6,0,1,2,00,00,00,29,$021D,09,457,1,
FRAME,1524,C74C,-,2E,66,BB,0,2,6,6,0,1,2,00,00,00,,,,,457,1,
RNG,1525,C535,-,2E,66,BB,0,2,6,6,1,2,2,00,00,00,C535,,,457,1,
FRAME,1525,C74C,-,00,7E,BC,0,0,0,7,1,2,2,00,00,00,,,,,457,1,
RNG,1526,C535,-,00,7E,BC,0,0,0,7,1,1,2,00,00,00,C535,,,457,1,
FRAME,1526,C74A,-,E3,4E,BD,1,3,3,4,1,1,2,00,00,00,,,,,457,1,
RNG,1527,C535,-,E3,4E,BD,1,3,3,4,1,1,2,00,00,00,C535,,,457,1,
C726,1527,C726,-,C5,3F,BE,1,1,5,3,1,1,2,00,00,00,C726,,,458,1,
OBJECT,1527,E037,-,C5,3F,BE,1,1,5,3,1,1,2,00,00,00,30,$021E,26,458,1,
FRAME,1527,E037,-,C5,3F,BE,1,1,5,3,1,1,2,00,00,00,,,,,458,1,
RNG,1528,C535,-,C5,3F,BE,1,1,5,3,1,1,2,00,00,00,C535,,,458,1,
C726,1528,C726,-,B8,EC,BF,0,0,0,6,1,1,2,00,00,00,C726,,,459,1,
C726,1528,C726,-,B8,EC,BF,0,0,0,6,1,1,2,00,00,00,C726,,,460,1,
C726,1528,C726,-,B8,EC,BF,0,0,0,6,1,1,2,00,00,00,C726,,,461,1,
C726,1528,C726,-,B8,EC,BF,0,0,0,6,1,1,2,00,00,00,C726,,,462,1,
C726,1528,C726,-,B8,EC,BF,0,0,0,6,1,1,2,00,00,00,C726,,,463,1,
C726,1528,C726,-,B8,EC,BF,0,0,0,6,1,1,2,00,00,00,C726,,,464,1,
OBJECT,1528,C74E,-,B8,EC,BF,0,0,0,6,1,1,2,00,00,00,31,$021F,5E,464,1,
OBJECT,1528,C74E,-,B8,EC,BF,0,0,0,6,1,1,2,00,00,00,32,$0220,01,464,1,
OBJECT,1528,C74E,-,B8,EC,BF,0,0,0,6,1,1,2,00,00,00,33,$0221,4B,464,1,
OBJECT,1528,C74E,-,B8,EC,BF,0,0,0,6,1,1,2,00,00,00,34,$0222,48,464,1,
OBJECT,1528,C74E,-,B8,EC,BF,0,0,0,6,1,1,2,00,00,00,35,$0223,46,464,1,
OBJECT,1528,C74E,-,B8,EC,BF,0,0,0,6,1,1,2,00,00,00,36,$0224,09,464,1,
FRAME,1528,C74E,-,B8,EC,BF,0,0,0,6,1,1,2,00,00,00,,,,,464,1,
RNG,1529,C535,-,B8,EC,BF,0,0,0,6,1,1,2,00,00,00,C535,,,464,1,
FRAME,1529,C74A,-,AA,BB,C0,0,2,2,3,1,1,2,00,00,00,,,,,464,1,
RNG,1530,C535,-,AA,BB,C0,0,2,2,3,1,1,2,00,00,00,C535,,,464,1,
FRAME,1530,C74C,-,7B,C2,C1,1,3,3,4,1,1,2,00,00,00,,,,,464,1,
RNG,1531,C535,-,7B,C2,C1,1,3,3,4,1,1,2,00,00,00,C535,,,464,1,
C726,1531,C726,-,4B,8B,C2,1,3,3,0,1,1,2,00,00,00,C726,,,465,1,
OBJECT,1531,E062,-,4B,8B,C2,1,3,3,0,1,1,2,00,00,00,37,$0225,26,465,1,
FRAME,1531,E062,-,4B,8B,C2,1,3,3,0,1,1,2,00,00,00,,,,,465,1,
RNG,1532,C535,-,4B,8B,C2,1,3,3,0,1,1,2,00,00,00,C535,,,465,1,
C726,1532,C726,-,2C,7F,C3,0,0,4,7,1,1,2,00,00,00,C726,,,466,1,
C726,1532,C726,-,2C,7F,C3,0,0,4,7,1,1,2,00,00,00,C726,,,467,1,
C726,1532,C726,-,2C,7F,C3,0,0,4,7,1,1,2,00,00,00,C726,,,468,1,
C726,1532,C726,-,2C,7F,C3,0,0,4,7,1,1,2,00,00,00,C726,,,469,1,
C726,1532,C726,-,2C,7F,C3,0,0,4,7,1,1,2,00,00,00,C726,,,470,1,
C726,1532,C726,-,2C,7F,C3,0,0,4,7,1,1,2,00,00,00,C726,,,471,1,
OBJECT,1532,C74E,-,2C,7F,C3,0,0,4,7,1,1,2,00,00,00,38,$0226,5E,471,1,
OBJECT,1532,C74E,-,2C,7F,C3,0,0,4,7,1,1,2,00,00,00,39,$0227,01,471,1,
OBJECT,1532,C74E,-,2C,7F,C3,0,0,4,7,1,1,2,00,00,00,40,$0228,4B,471,1,
OBJECT,1532,C74E,-,2C,7F,C3,0,0,4,7,1,1,2,00,00,00,41,$0229,48,471,1,
OBJECT,1532,C74E,-,2C,7F,C3,0,0,4,7,1,1,2,00,00,00,42,$022A,46,471,1,
OBJECT,1532,C74E,-,2C,7F,C3,0,0,4,7,1,1,2,00,00,00,43,$022B,09,471,1,
FRAME,1532,C74E,-,2C,7F,C3,0,0,4,7,1,1,2,00,00,00,,,,,471,1,
RNG,1533,C535,-,2C,7F,C3,0,0,4,7,1,1,2,00,00,00,C535,,,471,1,
FRAME,1533,C74C,-,0C,0F,C4,0,0,4,0,1,1,2,00,00,00,,,,,471,1,
RNG,1534,C535,-,0C,0F,C4,0,0,4,0,1,1,2,00,00,00,C535,,,471,1,
FRAME,1534,C74C,-,FD,2D,C5,1,1,5,2,1,1,2,00,00,00,,,,,471,1,
RNG,1535,C535,-,FD,2D,C5,1,1,5,2,1,1,2,00,00,00,C535,,,471,1,
FRAME,1535,C74E,-,ED,CF,C6,1,1,5,4,1,1,2,00,00,00,,,,,471,1,
RNG,1536,C535,-,ED,CF,C6,1,1,5,4,1,1,2,00,00,00,C535,,,471,1,
C726,1536,C726,-,BF,97,C7,1,3,7,1,1,1,2,00,00,00,C726,,,472,1,
C726,1536,C726,-,BF,97,C7,1,3,7,1,1,1,2,00,00,00,C726,,,473,1,
C726,1536,C726,-,BF,97,C7,1,3,7,1,1,1,2,00,00,00,C726,,,474,1,
C726,1536,C726,-,BF,97,C7,1,3,7,1,1,1,2,00,00,00,C726,,,475,1,
C726,1536,C726,-,BF,97,C7,1,3,7,1,1,1,2,00,00,00,C726,,,476,1,
C726,1536,C726,-,BF,97,C7,1,3,7,1,1,1,2,00,00,00,C726,,,477,1,
C726,1536,C726,-,BF,97,C7,1,3,7,1,1,1,2,00,00,00,C726,,,478,1,
OBJECT,1536,C74C,-,BF,97,C7,1,3,7,1,1,1,2,00,00,00,44,$022C,26,478,1,
OBJECT,1536,C74C,-,BF,97,C7,1,3,7,1,1,1,2,00,00,00,45,$022D,5E,478,1,
OBJECT,1536,C74C,-,BF,97,C7,1,3,7,1,1,1,2,00,00,00,46,$022E,01,478,1,
OBJECT,1536,C74C,-,BF,97,C7,1,3,7,1,1,1,2,00,00,00,47,$022F,4B,478,1,
OBJECT,1536,C74C,-,BF,97,C7,1,3,7,1,1,1,2,00,00,00,48,$0230,48,478,1,
OBJECT,1536,C74C,-,BF,97,C7,1,3,7,1,1,1,2,00,00,00,49,$0231,46,478,1,
OBJECT,1536,C74C,-,BF,97,C7,1,3,7,1,1,1,2,00,00,00,50,$0232,09,478,1,
FRAME,1536,C74C,-,BF,97,C7,1,3,7,1,1,1,2,00,00,00,,,,,478,1,
RNG,1537,C535,-,BF,97,C7,1,3,7,1,1,1,2,00,00,00,C535,,,478,1,
FRAME,1537,C74C,-,92,37,C8,0,2,2,3,1,1,2,00,00,00,,,,,478,1,
RNG,1538,C535,-,92,37,C8,0,2,2,3,1,1,2,00,00,00,C535,,,478,1,
FRAME,1538,C74C,-,74,3D,C9,0,0,4,3,1,1,2,00,00,00,,,,,478,1,
RNG,1539,C535,-,74,3D,C9,0,0,4,3,1,1,2,00,00,00,C535,,,478,1,
FRAME,1539,C74E,-,57,5D,CA,1,3,7,5,1,1,2,00,00,00,,,,,478,1,
RNG,1540,C535,-,57,5D,CA,1,3,7,5,1,1,2,00,00,00,C535,,,478,1,
C726,1540,C726,-,49,FE,CB,1,1,1,7,1,1,2,00,00,00,C726,,,479,1,
C726,1540,C726,-,49,FE,CB,1,1,1,7,1,1,2,00,00,00,C726,,,480,1,
C726,1540,C726,-,49,FE,CB,1,1,1,7,1,1,2,00,00,00,C726,,,481,1,
C726,1540,C726,-,49,FE,CB,1,1,1,7,1,1,2,00,00,00,C726,,,482,1,
C726,1540,C726,-,49,FE,CB,1,1,1,7,1,1,2,00,00,00,C726,,,483,1,
OBJECT,1540,C30E,-,49,FE,CB,1,1,1,7,1,1,2,00,00,00,51,$0233,26,483,1,
OBJECT,1540,C30E,-,49,FE,CB,1,1,1,7,1,1,2,00,00,00,52,$0234,5E,483,1,
OBJECT,1540,C30E,-,49,FE,CB,1,1,1,7,1,1,2,00,00,00,53,$0235,01,483,1,
OBJECT,1540,C30E,-,49,FE,CB,1,1,1,7,1,1,2,00,00,00,54,$0236,4B,483,1,
OBJECT,1540,C30E,-,49,FE,CB,1,1,1,7,1,1,2,00,00,00,55,$0237,48,483,1,
FRAME,1540,C30E,-,49,FE,CB,1,1,1,7,1,1,2,00,00,00,,,,,483,1,
C726,1541,C726,-,49,FE,CB,1,1,1,7,0,1,2,00,00,00,C726,,,484,1,
C726,1541,C726,-,49,FE,CB,1,1,1,7,0,1,2,00,00,00,C726,,,485,1,
OBJECT,1541,C74A,-,49,FE,CB,1,1,1,7,0,1,2,00,00,00,56,$0238,46,485,1,
OBJECT,1541,C74A,-,49,FE,CB,1,1,1,7,0,1,2,00,00,00,57,$0239,09,485,1,
FRAME,1541,C74A,-,49,FE,CB,1,1,1,7,0,1,2,00,00,00,,,,,485,1,
RNG,1542,C535,-,49,FE,CB,1,1,1,7,1,2,2,00,00,00,C535,,,485,1,
FRAME,1542,C74A,-,3C,C4,CC,0,0,4,4,1,2,2,00,00,00,,,,,485,1,
RNG,1543,C535,-,3C,C4,CC,0,0,4,4,1,1,2,00,00,00,C535,,,485,1,
FRAME,1543,C74C,-,3A,6D,CD,0,2,2,6,1,1,2,00,00,00,,,,,485,1,
RNG,1544,C535,-,3A,6D,CD,0,2,2,6,1,1,2,00,00,00,C535,,,485,1,
C726,1544,C726,-,0E,6D,CE,0,2,6,6,1,1,2,00,00,00,C726,,,486,1,
C726,1544,C726,-,0E,6D,CE,0,2,6,6,1,1,2,00,00,00,C726,,,487,1,
C726,1544,C726,-,0E,6D,CE,0,2,6,6,1,1,2,00,00,00,C726,,,488,1,
OBJECT,1544,C0D4,-,0E,6D,CE,0,2,6,6,1,1,2,00,00,00,58,$023A,26,488,1,
OBJECT,1544,C0D4,-,0E,6D,CE,0,2,6,6,1,1,2,00,00,00,59,$023B,5E,488,1,
OBJECT,1544,C0D4,-,0E,6D,CE,0,2,6,6,1,1,2,00,00,00,60,$023C,01,488,1,
FRAME,1544,C0D4,-,0E,6D,CE,0,2,6,6,1,1,2,00,00,00,,,,,488,1,
C726,1545,C726,-,0E,6D,CE,0,2,6,6,0,1,2,00,00,00,C726,,,489,1,
C726,1545,C726,-,0E,6D,CE,0,2,6,6,0,1,2,00,00,00,C726,,,490,1,
C726,1545,C726,-,0E,6D,CE,0,2,6,6,0,1,2,00,00,00,C726,,,491,1,
C726,1545,C726,-,0E,6D,CE,0,2,6,6,0,1,2,00,00,00,C726,,,492,1,
OBJECT,1545,C74C,-,0E,6D,CE,0,2,6,6,0,1,2,00,00,00,0,$0200,09,492,1,
OBJECT,1545,C74C,-,0E,6D,CE,0,2,6,6,0,1,2,00,00,00,61,$023D,4B,492,1,
OBJECT,1545,C74C,-,0E,6D,CE,0,2,6,6,0,1,2,00,00,00,62,$023E,48,492,1,
OBJECT,1545,C74C,-,0E,6D,CE,0,2,6,6,0,1,2,00,00,00,63,$023F,46,492,1,
FRAME,1545,C74C,-,0E,6D,CE,0,2,6,6,0,1,2,00,00,00,,,,,492,1,
RNG,1546,C535,-,0E,6D,CE,0,2,6,6,1,2,2,00,00,00,C535,,,492,1,
FRAME,1546,C74C,-,0C,FA,CF,0,0,4,7,1,2,2,00,00,00,,,,,492,1,
RNG,1547,C535,-,0C,FA,CF,0,0,4,7,1,1,2,00,00,00,C535,,,492,1,
FRAME,1547,C74E,-,F0,ED,D0,0,0,0,6,1,1,2,00,00,00,,,,,492,1,
RNG,1548,C535,-,F0,ED,D0,0,0,0,6,1,1,2,00,00,00,C535,,,492,1,
C726,1548,C726,-,EE,F0,D1,0,2,6,7,1,1,2,00,00,00,C726,,,493,1,
OBJECT,1548,E061,-,EE,F0,D1,0,2,6,7,1,1,2,00,00,00,1,$0201,26,493,1,
FRAME,1548,E061,-,EE,F0,D1,0,2,6,7,1,1,2,00,00,00,,,,,493,1,
RNG,1549,C535,-,EE,F0,D1,0,2,6,7,1,1,2,00,00,00,C535,,,493,1,
C726,1549,C726,-,E2,3C,D2,0,2,2,3,1,1,2,00,00,00,C726,,,494,1,
C726,1549,C726,-,E2,3C,D2,0,2,2,3,1,1,2,00,00,00,C726,,,495,1,
C726,1549,C726,-,E2,3C,D2,0,2,2,3,1,1,2,00,00,00,C726,,,496,1,
C726,1549,C726,-,E2,3C,D2,0,2,2,3,1,1,2,00,00,00,C726,,,497,1,
C726,1549,C726,-,E2,3C,D2,0,2,2,3,1,1,2,00,00,00,C726,,,498,1,
C726,1549,C726,-,E2,3C,D2,0,2,2,3,1,1,2,00,00,00,C726,,,499,1,
OBJECT,1549,C74E,-,E2,3C,D2,0,2,2,3,1,1,2,00,00,00,2,$0202,5E,499,1,
OBJECT,1549,C74E,-,E2,3C,D2,0,2,2,3,1,1,2,00,00,00,3,$0203,01,499,1,
OBJECT,1549,C74E,-,E2,3C,D2,0,2,2,3,1,1,2,00,00,00,4,$0204,4B,499,1,
OBJECT,1549,C74E,-,E2,3C,D2,0,2,2,3,1,1,2,00,00,00,5,$0205,48,499,1,
OBJECT,1549,C74E,-,E2,3C,D2,0,2,2,3,1,1,2,00,00,00,6,$0206,46,499,1,
OBJECT,1549,C74E,-,E2,3C,D2,0,2,2,3,1,1,2,00,00,00,7,$0207,09,499,1,
FRAME,1549,C74E,-,E2,3C,D2,0,2,2,3,1,1,2,00,00,00,,,,,499,1,
RNG,1550,C535,-,E2,3C,D2,0,2,2,3,1,1,2,00,00,00,C535,,,499,1,
FRAME,1550,C74C,-,E0,14,D3,0,0,0,1,1,1,2,00,00,00,,,,,499,1,
RNG,1551,C535,-,E0,14,D3,0,0,0,1,1,1,2,00,00,00,C535,,,499,1,
FRAME,1551,C74C,-,B5,A9,D4,1,1,5,2,1,1,2,00,00,00,,,,,499,1,
RNG,1552,C535,-,B5,A9,D4,1,1,5,2,1,1,2,00,00,00,C535,,,499,1,
C726,1552,C726,-,B3,4B,D5,1,3,3,4,1,1,2,00,00,00,C726,,,500,1,
OBJECT,1552,E01F,-,B3,4B,D5,1,3,3,4,1,1,2,00,00,00,8,$0208,26,500,1,
FRAME,1552,E01F,-,B3,4B,D5,1,3,3,4,1,1,2,00,00,00,,,,,500,1,
RNG,1553,C535,-,B3,4B,D5,1,3,3,4,1,1,2,00,00,00,C535,,,500,1,
C726,1553,C726,-,98,13,D6,0,0,0,1,1,1,2,00,00,00,C726,,,501,1,
C726,1553,C726,-,98,13,D6,0,0,0,1,1,1,2,00,00,00,C726,,,502,1,
C726,1553,C726,-,98,13,D6,0,0,0,1,1,1,2,00,00,00,C726,,,503,1,
C726,1553,C726,-,98,13,D6,0,0,0,1,1,1,2,00,00,00,C726,,,504,1,
C726,1553,C726,-,98,13,D6,0,0,0,1,1,1,2,00,00,00,C726,,,505,1,
C726,1553,C726,-,98,13,D6,0,0,0,1,1,1,2,00,00,00,C726,,,506,1,
OBJECT,1553,C74C,-,98,13,D6,0,0,0,1,1,1,2,00,00,00,9,$0209,5E,506,1,
OBJECT,1553,C74C,-,98,13,D6,0,0,0,1,1,1,2,00,00,00,10,$020A,01,506,1,
OBJECT,1553,C74C,-,98,13,D6,0,0,0,1,1,1,2,00,00,00,11,$020B,4B,506,1,
OBJECT,1553,C74C,-,98,13,D6,0,0,0,1,1,1,2,00,00,00,12,$020C,48,506,1,
OBJECT,1553,C74C,-,98,13,D6,0,0,0,1,1,1,2,00,00,00,13,$020D,46,506,1,
OBJECT,1553,C74C,-,98,13,D6,0,0,0,1,1,1,2,00,00,00,14,$020E,09,506,1,
FRAME,1553,C74C,-,98,13,D6,0,0,0,1,1,1,2,00,00,00,,,,,506,1,
RNG,1554,C535,-,98,13,D6,0,0,0,1,1,1,2,00,00,00,C535,,,506,1,
FRAME,1554,C74E,-,96,B3,D7,0,2,6,3,1,1,2,00,00,00,,,,,506,1,
RNG,1555,C535,-,96,B3,D7,0,2,6,3,1,1,2,00,00,00,C535,,,506,1,
FRAME,1555,C74C,-,8B,B9,D8,1,3,3,3,1,1,2,00,00,00,,,,,506,1,
RNG,1556,C535,-,8B,B9,D8,1,3,3,3,1,1,2,00,00,00,C535,,,506,1,
FRAME,1556,C74C,-,79,D9,D9,1,1,1,5,1,1,2,00,00,00,,,,,506,1,
RNG,1557,C535,-,79,D9,D9,1,1,1,5,1,1,2,00,00,00,C535,,,506,1,
C726,1557,C726,-,7E,24,DA,0,2,6,2,1,1,2,00,00,00,C726,,,507,1,
C726,1557,C726,-,7E,24,DA,0,2,6,2,1,1,2,00,00,00,C726,,,508,1,
C726,1557,C726,-,7E,24,DA,0,2,6,2,1,1,2,00,00,00,C726,,,509,1,
C726,1557,C726,-,7E,24,DA,0,2,6,2,1,1,2,00,00,00,C726,,,510,1,
C726,1557,C726,-,7E,24,DA,0,2,6,2,1,1,2,00,00,00,C726,,,511,1,
C726,1557,C726,-,7E,24,DA,0,2,6,2,1,1,2,00,00,00,C726,,,512,1,
C726,1557,C726,-,7E,24,DA,0,2,6,2,1,1,2,00,00,00,C726,,,513,1,
OBJECT,1557,C74C,-,7E,24,DA,0,2,6,2,1,1,2,00,00,00,15,$020F,26,513,1,
OBJECT,1557,C74C,-,7E,24,DA,0,2,6,2,1,1,2,00,00,00,16,$0210,5E,513,1,
OBJECT,1557,C74C,-,7E,24,DA,0,2,6,2,1,1,2,00,00,00,17,$0211,01,513,1,
OBJECT,1557,C74C,-,7E,24,DA,0,2,6,2,1,1,2,00,00,00,18,$0212,4B,513,1,
OBJECT,1557,C74C,-,7E,24,DA,0,2,6,2,1,1,2,00,00,00,19,$0213,48,513,1,
OBJECT,1557,C74C,-,7E,24,DA,0,2,6,2,1,1,2,00,00,00,20,$0214,46,513,1,
OBJECT,1557,C74C,-,7E,24,DA,0,2,6,2,1,1,2,00,00,00,21,$0215,09,513,1,
FRAME,1557,C74C,-,7E,24,DA,0,2,6,2,1,1,2,00,00,00,,,,,513,1,
RNG,1558,C535,-,7E,24,DA,0,2,6,2,1,1,2,00,00,00,C535,,,513,1,
FRAME,1558,C74C,-,81,1E,DB,1,1,1,1,1,1,2,00,00,00,,,,,513,1,
RNG,1559,C535,-,81,1E,DB,1,1,1,1,1,1,2,00,00,00,C535,,,513,1,
FRAME,1559,C74C,-,2E,C7,DC,0,2,6,4,1,1,2,00,00,00,,,,,513,1,
RNG,1560,C535,-,2E,C7,DC,0,2,6,4,1,1,2,00,00,00,C535,,,513,1,
FRAME,1560,C74C,-,33,C7,DD,1,3,3,4,1,1,2,00,00,00,,,,,513,1,
RNG,1561,C535,-,33,C7,DD,1,3,3,4,1,1,2,00,00,00,C535,,,513,1,
C726,1561,C726,-,36,54,DE,0,2,6,5,1,1,2,00,00,00,C726,,,514,1,
C726,1561,C726,-,36,54,DE,0,2,6,5,1,1,2,00,00,00,C726,,,515,1,
C726,1561,C726,-,36,54,DE,0,2,6,5,1,1,2,00,00,00,C726,,,516,1,
C726,1561,C726,-,36,54,DE,0,2,6,5,1,1,2,00,00,00,C726,,,517,1,
C726,1561,C726,-,36,54,DE,0,2,6,5,1,1,2,00,00,00,C726,,,518,1,
OBJECT,1561,B2A5,-,36,54,DE,0,2,6,5,1,1,2,00,00,00,22,$0216,26,518,1,
OBJECT,1561,B2A5,-,36,54,DE,0,2,6,5,1,1,2,00,00,00,23,$0217,5E,518,1,
OBJECT,1561,B2A5,-,36,54,DE,0,2,6,5,1,1,2,00,00,00,24,$0218,01,518,1,
OBJECT,1561,B2A5,-,36,54,DE,0,2,6,5,1,1,2,00,00,00,25,$0219,4B,518,1,
OBJECT,1561,B2A5,-,36,54,DE,0,2,6,5,1,1,2,00,00,00,26,$021A,48,518,1,
FRAME,1561,B2A5,-,36,54,DE,0,2,6,5,1,1,2,00,00,00,,,,,518,1,
RNG,1562,C535,-,36,54,DE,0,2,6,5,1,1,2,00,00,00,C535,,,518,1,
C726,1562,C726,-,FF,47,DF,1,3,7,4,1,1,2,00,00,00,C726,,,519,1,
C726,1562,C726,-,FF,47,DF,1,3,7,4,1,1,2,00,00,00,C726,,,520,1,
OBJECT,1562,C74C,-,FF,47,DF,1,3,7,4,1,1,2,00,00,00,27,$021B,46,520,1,
OBJECT,1562,C74C,-,FF,47,DF,1,3,7,4,1,1,2,00,00,00,28,$021C,09,520,1,
FRAME,1562,C74C,-,FF,47,DF,1,3,7,4,1,1,2,00,00,00,,,,,520,1,
RNG,1563,C535,-,FF,47,DF,1,3,7,4,1,1,2,00,00,00,C535,,,520,1,
FRAME,1563,C74C,-,01,4A,E0,1,1,1,4,1,1,2,00,00,00,,,,,520,1,
RNG,1564,C535,-,01,4A,E0,1,1,1,4,1,1,2,00,00,00,C535,,,520,1,
FRAME,1564,C74C,-,D1,96,E1,1,1,1,1,1,1,2,00,00,00,,,,,520,1,
RNG,1565,C535,-,D1,96,E1,1,1,1,1,1,1,2,00,00,00,C535,,,520,1,
C726,1565,C726,-,EF,6E,E2,1,3,7,6,1,1,2,00,00,00,C726,,,521,1,
C726,1565,C726,-,EF,6E,E2,1,3,7,6,1,1,2,00,00,00,C726,,,522,1,
C726,1565,C726,-,EF,6E,E2,1,3,7,6,1,1,2,00,00,00,C726,,,523,1,
OBJECT,1565,C0C0,-,EF,6E,E2,1,3,7,6,1,1,2,00,00,00,29,$021D,26,523,1,
OBJECT,1565,C0C0,-,EF,6E,E2,1,3,7,6,1,1,2,00,00,00,30,$021E,5E,523,1,
OBJECT,1565,C0C0,-,EF,6E,E2,1,3,7,6,1,1,2,00,00,00,31,$021F,01,523,1,
FRAME,1565,C0C0,-,EF,6E,E2,1,3,7,6,1,1,2,00,00,00,,,,,523,1,
C726,1566,C726,-,EF,6E,E2,1,3,7,6,0,1,2,00,00,00,C726,,,524,1,
C726,1566,C726,-,EF,6E,E2,1,3,7,6,0,1,2,00,00,00,C726,,,525,1,
C726,1566,C726,-,EF,6E,E2,1,3,7,6,0,1,2,00,00,00,C726,,,526,1,
C726,1566,C726,-,EF,6E,E2,1,3,7,6,0,1,2,00,00,00,C726,,,527,1,
OBJECT,1566,C74A,-,EF,6E,E2,1,3,7,6,0,1,2,00,00,00,32,$0220,4B,527,1,
OBJECT,1566,C74A,-,EF,6E,E2,1,3,7,6,0,1,2,00,00,00,33,$0221,48,527,1,
OBJECT,1566,C74A,-,EF,6E,E2,1,3,7,6,0,1,2,00,00,00,34,$0222,46,527,1,
OBJECT,1566,C74A,-,EF,6E,E2,1,3,7,6,0,1,2,00,00,00,35,$0223,09,527,1,
FRAME,1566,C74A,-,EF,6E,E2,1,3,7,6,0,1,2,00,00,00,,,,,527,1,
RNG,1567,C535,-,EF,6E,E2,1,3,7,6,1,2,2,00,00,00,C535,,,527,1,
FRAME,1567,C74A,-,98,03,E3,0,0,0,0,1,2,2,00,00,00,,,,,527,1,
RNG,1568,C535,-,98,03,E3,0,0,0,0,1,1,2,00,00,00,C535,,,527,1,
FRAME,1568,C74A,-,98,AC,E4,0,0,0,2,1,1,2,00,00,00,,,,,527,1,
RNG,1569,C535,-,98,AC,E4,0,0,0,2,1,1,2,00,00,00,C535,,,527,1,
C726,1569,C726,-,25,E1,E5,1,1,5,6,1,1,2,00,00,00,C726,,,528,1,
OBJECT,1569,E05F,-,25,E1,E5,1,1,5,6,1,1,2,00,00,00,36,$0224,26,528,1,
FRAME,1569,E05F,-,25,E1,E5,1,1,5,6,1,1,2,00,00,00,,,,,528,1,
RNG,1570,C535,-,25,E1,E5,1,1,5,6,1,1,2,00,00,00,C535,,,528,1,
C726,1570,C726,-,2A,01,E6,0,2,2,0,1,1,2,00,00,00,C726,,,529,1,
C726,1570,C726,-,2A,01,E6,0,2,2,0,1,1,2,00,00,00,C726,,,530,1,
C726,1570,C726,-,2A,01,E6,0,2,2,0,1,1,2,00,00,00,C726,,,531,1,
C726,1570,C726,-,2A,01,E6,0,2,2,0,1,1,2,00,00,00,C726,,,532,1,
C726,1570,C726,-,2A,01,E6,0,2,2,0,1,1,2,00,00,00,C726,,,533,1,
C726,1570,C726,-,2A,01,E6,0,2,2,0,1,1,2,00,00,00,C726,,,534,1,
OBJECT,1570,C74C,-,2A,01,E6,0,2,2,0,1,1,2,00,00,00,37,$0225,5E,534,1,
OBJECT,1570,C74C,-,2A,01,E6,0,2,2,0,1,1,2,00,00,00,38,$0226,01,534,1,
OBJECT,1570,C74C,-,2A,01,E6,0,2,2,0,1,1,2,00,00,00,39,$0227,4B,534,1,
OBJECT,1570,C74C,-,2A,01,E6,0,2,2,0,1,1,2,00,00,00,40,$0228,48,534,1,
OBJECT,1570,C74C,-,2A,01,E6,0,2,2,0,1,1,2,00,00,00,41,$0229,46,534,1,
OBJECT,1570,C74C,-,2A,01,E6,0,2,2,0,1,1,2,00,00,00,42,$022A,09,534,1,
FRAME,1570,C74C,-,2A,01,E6,0,2,2,0,1,1,2,00,00,00,,,,,534,1,
RNG,1571,C535,-,2A,01,E6,0,2,2,0,1,1,2,00,00,00,C535,,,534,1,
FRAME,1571,C74E,-,2D,27,E7,1,1,5,2,1,1,2,00,00,00,,,,,534,1,
RNG,1572,C535,-,2D,27,E7,1,1,5,2,1,1,2,00,00,00,C535,,,534,1,
FRAME,1572,C74E,-,DA,EE,E8,0,2,2,6,1,1,2,00,00,00,,,,,534,1,
RNG,1573,C535,-,DA,EE,E8,0,2,2,6,1,1,2,00,00,00,C535,,,534,1,
C726,1573,C726,-,DD,97,E9,1,1,5,1,1,1,2,00,00,00,C726,,,535,1,
OBJECT,1573,E03D,-,DD,97,E9,1,1,5,1,1,1,2,00,00,00,43,$022B,26,535,1,
FRAME,1573,E03D,-,DD,97,E9,1,1,5,1,1,1,2,00,00,00,,,,,535,1,
RNG,1574,C535,-,DD,97,E9,1,1,5,1,1,1,2,00,00,00,C535,,,535,1,
C726,1574,C726,-,E0,97,EA,0,0,0,1,1,1,2,00,00,00,C726,,,536,1,
C726,1574,C726,-,E0,97,EA,0,0,0,1,1,1,2,00,00,00,C726,,,537,1,
C726,1574,C726,-,E0,97,EA,0,0,0,1,1,1,2,00,00,00,C726,,,538,1,
C726,1574,C726,-,E0,97,EA,0,0,0,1,1,1,2,00,00,00,C726,,,539,1,
C726,1574,C726,-,E0,97,EA,0,0,0,1,1,1,2,00,00,00,C726,,,540,1,
C726,1574,C726,-,E0,97,EA,0,0,0,1,1,1,2,00,00,00,C726,,,541,1,
OBJECT,1574,C74A,-,E0,97,EA,0,0,0,1,1,1,2,00,00,00,44,$022C,5E,541,1,
OBJECT,1574,C74A,-,E0,97,EA,0,0,0,1,1,1,2,00,00,00,45,$022D,01,541,1,
OBJECT,1574,C74A,-,E0,97,EA,0,0,0,1,1,1,2,00,00,00,46,$022E,4B,541,1,
OBJECT,1574,C74A,-,E0,97,EA,0,0,0,1,1,1,2,00,00,00,47,$022F,48,541,1,
OBJECT,1574,C74A,-,E0,97,EA,0,0,0,1,1,1,2,00,00,00,48,$0230,46,541,1,
OBJECT,1574,C74A,-,E0,97,EA,0,0,0,1,1,1,2,00,00,00,49,$0231,09,541,1,
FRAME,1574,C74A,-,E0,97,EA,0,0,0,1,1,1,2,00,00,00,,,,,541,1,
RNG,1575,C535,-,E0,97,EA,0,0,0,1,1,1,2,00,00,00,C535,,,541,1,
FRAME,1575,C74A,-,B0,1C,EB,0,0,0,1,1,1,2,00,00,00,,,,,541,1,
RNG,1576,C535,-,B0,1C,EB,0,0,0,1,1,1,2,00,00,00,C535,,,541,1,
FRAME,1576,C74E,-,B3,E9,EC,1,3,3,6,1,1,2,00,00,00,,,,,541,1,
RNG,1577,C535,-,B3,E9,EC,1,3,3,6,1,1,2,00,00,00,C535,,,541,1,
C726,1577,C726,-,FF,6E,ED,1,3,7,6,1,1,2,00,00,00,C726,,,542,1,
OBJECT,1577,E047,-,FF,6E,ED,1,3,7,6,1,1,2,00,00,00,50,$0232,26,542,1,
FRAME,1577,E047,-,FF,6E,ED,1,3,7,6,1,1,2,00,00,00,,,,,542,1,
RNG,1578,C535,-,FF,6E,ED,1,3,7,6,1,1,2,00,00,00,C535,,,542,1,
C726,1578,C726,-,C5,3C,EE,1,1,5,3,1,1,2,00,00,00,C726,,,543,1,
C726,1578,C726,-,C5,3C,EE,1,1,5,3,1,1,2,00,00,00,C726,,,544,1,
C726,1578,C726,-,C5,3C,EE,1,1,5,3,1,1,2,00,00,00,C726,,,545,1,
C726,1578,C726,-,C5,3C,EE,1,1,5,3,1,1,2,00,00,00,C726,,,546,1,
C726,1578,C726,-,C5,3C,EE,1,1,5,3,1,1,2,00,00,00,C726,,,547,1,
C726,1578,C726,-,C5,3C,EE,1,1,5,3,1,1,2,00,00,00,C726,,,548,1,
OBJECT,1578,C74A,-,C5,3C,EE,1,1,5,3,1,1,2,00,00,00,51,$0233,5E,548,1,
OBJECT,1578,C74A,-,C5,3C,EE,1,1,5,3,1,1,2,00,00,00,52,$0234,01,548,1,
OBJECT,1578,C74A,-,C5,3C,EE,1,1,5,3,1,1,2,00,00,00,53,$0235,4B,548,1,
OBJECT,1578,C74A,-,C5,3C,EE,1,1,5,3,1,1,2,00,00,00,54,$0236,48,548,1,
OBJECT,1578,C74A,-,C5,3C,EE,1,1,5,3,1,1,2,00,00,00,55,$0237,46,548,1,
OBJECT,1578,C74A,-,C5,3C,EE,1,1,5,3,1,1,2,00,00,00,56,$0238,09,548,1,
FRAME,1578,C74A,-,C5,3C,EE,1,1,5,3,1,1,2,00,00,00,,,,,548,1,
RNG,1579,C535,-,C5,3C,EE,1,1,5,3,1,1,2,00,00,00,C535,,,548,1,
FRAME,1579,C74E,-,47,C1,EF,1,3,7,4,1,1,2,00,00,00,,,,,548,1,
RNG,1580,C535,-,47,C1,EF,1,3,7,4,1,1,2,00,00,00,C535,,,548,1,
FRAME,1580,C74E,-,10,90,F0,0,0,0,1,1,1,2,00,00,00,,,,,548,1,
RNG,1581,C535,-,10,90,F0,0,0,0,1,1,1,2,00,00,00,C535,,,548,1,
FRAME,1581,C74C,-,11,15,F1,1,1,1,1,1,1,2,00,00,00,,,,,548,1,
RNG,1582,C535,-,11,15,F1,1,1,1,1,1,1,2,00,00,00,C535,,,548,1,
C726,1582,C726,-,E1,E5,F2,1,1,1,6,1,1,2,00,00,00,C726,,,549,1,
C726,1582,C726,-,E1,E5,F2,1,1,1,6,1,1,2,00,00,00,C726,,,550,1,
C726,1582,C726,-,E1,E5,F2,1,1,1,6,1,1,2,00,00,00,C726,,,551,1,
C726,1582,C726,-,E1,E5,F2,1,1,1,6,1,1,2,00,00,00,C726,,,552,1,
C726,1582,C726,-,E1,E5,F2,1,1,1,6,1,1,2,00,00,00,C726,,,553,1,
C726,1582,C726,-,E1,E5,F2,1,1,1,6,1,1,2,00,00,00,C726,,,554,1,
C726,1582,C726,-,E1,E5,F2,1,1,1,6,1,1,2,00,00,00,C726,,,555,1,
C726,1582,C726,-,E1,E5,F2,1,1,1,6,1,1,2,00,00,00,C726,,,556,1,
OBJECT,1582,C746,-,E1,E5,F2,1,1,1,6,1,1,2,00,00,00,0,$0200,09,556,1,
OBJECT,1582,C746,-,E1,E5,F2,1,1,1,6,1,1,2,00,00,00,57,$0239,26,556,1,
OBJECT,1582,C746,-,E1,E5,F2,1,1,1,6,1,1,2,00,00,00,58,$023A,5E,556,1,
OBJECT,1582,C746,-,E1,E5,F2,1,1,1,6,1,1,2,00,00,00,59,$023B,45,556,1,
OBJECT,1582,C746,-,E1,E5,F2,1,1,1,6,1,1,2,00,00,00,60,$023C,01,556,1,
OBJECT,1582,C746,-,E1,E5,F2,1,1,1,6,1,1,2,00,00,00,61,$023D,4B,556,1,
OBJECT,1582,C746,-,E1,E5,F2,1,1,1,6,1,1,2,00,00,00,62,$023E,48,556,1,
OBJECT,1582,C746,-,E1,E5,F2,1,1,1,6,1,1,2,00,00,00,63,$023F,46,556,1,
FRAME,1582,C746,-,E1,E5,F2,1,1,1,6,1,1,2,00,00,00,,,,,556,1,
RNG,1583,C535,-,E1,E5,F2,1,1,1,6,1,1,2,00,00,00,C535,,,556,1,
FRAME,1583,C74E,-,E4,6A,F3,0,0,4,6,1,1,2,00,00,00,,,,,556,1,
RNG,1584,C535,-,E4,6A,F3,0,0,4,6,1,1,2,00,00,00,C535,,,556,1,
FRAME,1584,C74E,-,30,3B,F4,0,0,0,3,1,1,2,00,00,00,,,,,556,1,
RNG,1585,C535,-,30,3B,F4,0,0,0,3,1,1,2,00,00,00,C535,,,556,1,
FRAME,1585,C74A,-,5E,C0,F5,0,2,6,4,1,1,2,00,00,00,,,,,556,1,
RNG,1586,C535,-,5E,C0,F5,0,2,6,4,1,1,2,00,00,00,C535,,,556,1,
C726,1586,C726,-,E1,92,F6,1,1,1,1,1,1,2,00,00,00,C726,,,557,1,
C726,1586,C726,-,E1,92,F6,1,1,1,1,1,1,2,00,00,00,C726,,,558,1,
C726,1586,C726,-,E1,92,F6,1,1,1,1,1,1,2,00,00,00,C726,,,559,1,
C726,1586,C726,-,E1,92,F6,1,1,1,1,1,1,2,00,00,00,C726,,,560,1,
C726,1586,C726,-,E1,92,F6,1,1,1,1,1,1,2,00,00,00,C726,,,561,1,
OBJECT,1586,C300,-,E1,92,F6,1,1,1,1,1,1,2,00,00,00,1,$0201,26,561,1,
OBJECT,1586,C300,-,E1,92,F6,1,1,1,1,1,1,2,00,00,00,2,$0202,5E,561,1,
OBJECT,1586,C300,-,E1,92,F6,1,1,1,1,1,1,2,00,00,00,3,$0203,45,561,1,
OBJECT,1586,C300,-,E1,92,F6,1,1,1,1,1,1,2,00,00,00,4,$0204,01,561,1,
OBJECT,1586,C300,-,E1,92,F6,1,1,1,1,1,1,2,00,00,00,5,$0205,4B,561,1,
FRAME,1586,C300,-,E1,92,F6,1,1,1,1,1,1,2,00,00,00,,,,,561,1,
C726,1587,C726,-,E1,92,F6,1,1,1,1,0,1,2,00,00,00,C726,,,562,1,
C726,1587,C726,-,E1,92,F6,1,1,1,1,0,1,2,00,00,00,C726,,,563,1,
C726,1587,C726,-,E1,92,F6,1,1,1,1,0,1,2,00,00,00,C726,,,564,1,
OBJECT,1587,C74A,-,E1,92,F6,1,1,1,1,0,1,2,00,00,00,6,$0206,48,564,1,
OBJECT,1587,C74A,-,E1,92,F6,1,1,1,1,0,1,2,00,00,00,7,$0207,46,564,1,
OBJECT,1587,C74A,-,E1,92,F6,1,1,1,1,0,1,2,00,00,00,8,$0208,09,564,1,
FRAME,1587,C74A,-,E1,92,F6,1,1,1,1,0,1,2,00,00,00,,,,,564,1,
RNG,1588,C535,-,E1,92,F6,1,1,1,1,1,2,2,00,00,00,C535,,,564,1,
FRAME,1588,C74E,-,AA,F2,F7,0,2,2,7,1,2,2,00,00,00,,,,,564,1,
RNG,1589,C535,-,AA,F2,F7,0,2,2,7,1,1,2,00,00,00,C535,,,564,1,
FRAME,1589,C74A,-,AC,35,F8,0,0,4,3,1,1,2,00,00,00,,,,,564,1,
RNG,1590,C535,-,AC,35,F8,0,0,4,3,1,1,2,00,00,00,C535,,,564,1,
C726,1590,C726,-,7C,79,F9,0,0,4,7,1,1,2,00,00,00,C726,,,565,1,
C726,1590,C726,-,7C,79,F9,0,0,4,7,1,1,2,00,00,00,C726,,,566,1,
C726,1590,C726,-,7C,79,F9,0,0,4,7,1,1,2,00,00,00,C726,,,567,1,
C726,1590,C726,-,7C,79,F9,0,0,4,7,1,1,2,00,00,00,C726,,,568,1,
OBJECT,1590,C0F0,-,7C,79,F9,0,0,4,7,1,1,2,00,00,00,9,$0209,26,568,1,
OBJECT,1590,C0F0,-,7C,79,F9,0,0,4,7,1,1,2,00,00,00,10,$020A,5E,568,1,
OBJECT,1590,C0F0,-,7C,79,F9,0,0,4,7,1,1,2,00,00,00,11,$020B,45,568,1,
OBJECT,1590,C0F0,-,7C,79,F9,0,0,4,7,1,1,2,00,00,00,12,$020C,01,568,1,
FRAME,1590,C0F0,-,7C,79,F9,0,0,4,7,1,1,2,00,00,00,,,,,568,1,
C726,1591,C726,-,7C,79,F9,0,0,4,7,0,1,2,00,00,00,C726,,,569,1,
C726,1591,C726,-,7C,79,F9,0,0,4,7,0,1,2,00,00,00,C726,,,570,1,
C726,1591,C726,-,7C,79,F9,0,0,4,7,0,1,2,00,00,00,C726,,,571,1,
C726,1591,C726,-,7C,79,F9,0,0,4,7,0,1,2,00,00,00,C726,,,572,1,
OBJECT,1591,C74A,-,7C,79,F9,0,0,4,7,0,1,2,00,00,00,13,$020D,4B,572,1,
OBJECT,1591,C74A,-,7C,79,F9,0,0,4,7,0,1,2,00,00,00,14,$020E,48,572,1,
OBJECT,1591,C74A,-,7C,79,F9,0,0,4,7,0,1,2,00,00,00,15,$020F,46,572,1,
OBJECT,1591,C74A,-,7C,79,F9,0,0,4,7,0,1,2,00,00,00,16,$0210,09,572,1,
FRAME,1591,C74A,-,7C,79,F9,0,0,4,7,0,1,2,00,00,00,,,,,572,1,
RNG,1592,C535,-,7C,79,F9,0,0,4,7,1,2,2,00,00,00,C535,,,572,1,
FRAME,1592,C74A,-,7F,CC,FA,1,3,7,4,1,2,2,00,00,00,,,,,572,1,
RNG,1593,C535,-,7F,CC,FA,1,3,7,4,1,1,2,00,00,00,C535,,,572,1,
FRAME,1593,C74E,-,CB,20,FB,1,3,3,2,1,1,2,00,00,00,,,,,572,1,
RNG,1594,C535,-,CB,20,FB,1,3,3,2,1,1,2,00,00,00,C535,,,572,1,
C726,1594,C726,-,2D,83,FC,1,1,5,0,1,1,2,00,00,00,C726,,,573,1,
C726,1594,C726,-,2D,83,FC,1,1,5,0,1,1,2,00,00,00,C726,,,574,1,
OBJECT,1594,C311,-,2D,83,FC,1,1,5,0,1,1,2,00,00,00,17,$0211,26,574,1,
OBJECT,1594,C311,-,2D,83,FC,1,1,5,0,1,1,2,00,00,00,18,$0212,5E,574,1,
FRAME,1594,C311,-,2D,83,FC,1,1,5,0,1,1,2,00,00,00,,,,,574,1,
RNG,1595,C535,-,2D,83,FC,1,1,5,0,1,1,2,00,00,00,C535,,,574,1,
C726,1595,C726,-,B0,E7,FD,0,0,0,6,1,1,2,00,00,00,C726,,,575,1,
C726,1595,C726,-,B0,E7,FD,0,0,0,6,1,1,2,00,00,00,C726,,,576,1,
C726,1595,C726,-,B0,E7,FD,0,0,0,6,1,1,2,00,00,00,C726,,,577,1,
C726,1595,C726,-,B0,E7,FD,0,0,0,6,1,1,2,00,00,00,C726,,,578,1,
C726,1595,C726,-,B0,E7,FD,0,0,0,6,1,1,2,00,00,00,C726,,,579,1,
C726,1595,C726,-,B0,E7,FD,0,0,0,6,1,1,2,00,00,00,C726,,,580,1,
OBJECT,1595,C74A,-,B0,E7,FD,0,0,0,6,1,1,2,00,00,00,19,$0213,45,580,1,
OBJECT,1595,C74A,-,B0,E7,FD,0,0,0,6,1,1,2,00,00,00,20,$0214,01,580,1,
OBJECT,1595,C74A,-,B0,E7,FD,0,0,0,6,1,1,2,00,00,00,21,$0215,4B,580,1,
OBJECT,1595,C74A,-,B0,E7,FD,0,0,0,6,1,1,2,00,00,00,22,$0216,48,580,1,
OBJECT,1595,C74A,-,B0,E7,FD,0,0,0,6,1,1,2,00,00,00,23,$0217,46,580,1,
OBJECT,1595,C74A,-,B0,E7,FD,0,0,0,6,1,1,2,00,00,00,24,$0218,09,580,1,
FRAME,1595,C74A,-,B0,E7,FD,0,0,0,6,1,1,2,00,00,00,,,,,580,1,
RNG,1596,C535,-,B0,E7,FD,0,0,0,6,1,1,2,00,00,00,C535,,,580,1,
FRAME,1596,C74A,-,FC,2C,FE,0,0,4,2,1,1,2,00,00,00,,,,,580,1,
RNG,1597,C535,-,FC,2C,FE,0,0,4,2,1,1,2,00,00,00,C535,,,580,1,
FRAME,1597,C74C,-,E2,72,FF,0,2,2,7,1,1,2,00,00,00,,,,,580,1,
RNG,1598,C535,-,E2,72,FF,0,2,2,7,1,1,2,00,00,00,C535,,,580,1,
C726,1598,C726,-,65,C7,00,1,1,5,4,1,1,2,00,00,00,C726,,,581,1,
OBJECT,1598,E047,-,65,C7,00,1,1,5,4,1,1,2,00,00,00,25,$0219,26,581,1,
FRAME,1598,E047,-,65,C7,00,1,1,5,4,1,1,2,00,00,00,,,,,581,1,
RNG,1599,C535,-,65,C7,00,1,1,5,4,1,1,2,00,00,00,C535,,,581,1,
C726,1599,C726,-,35,54,01,1,1,5,5,1,1,2,00,00,00,C726,,,582,1,
C726,1599,C726,-,35,54,01,1,1,5,5,1,1,2,00,00,00,C726,,,583,1,
C726,1599,C726,-,35,54,01,1,1,5,5,1,1,2,00,00,00,C726,,,584,1,
C726,1599,C726,-,35,54,01,1,1,5,5,1,1,2,00,00,00,C726,,,585,1,
C726,1599,C726,-,35,54,01,1,1,5,5,1,1,2,00,00,00,C726,,,586,1,
C726,1599,C726,-,35,54,01,1,1,5,5,1,1,2,00,00,00,C726,,,587,1,
C726,1599,C726,-,35,54,01,1,1,5,5,1,1,2,00,00,00,C726,,,588,1,
OBJECT,1599,C74C,-,35,54,01,1,1,5,5,1,1,2,00,00,00,26,$021A,5E,588,1,
OBJECT,1599,C74C,-,35,54,01,1,1,5,5,1,1,2,00,00,00,27,$021B,45,588,1,
OBJECT,1599,C74C,-,35,54,01,1,1,5,5,1,1,2,00,00,00,28,$021C,01,588,1,
OBJECT,1599,C74C,-,35,54,01,1,1,5,5,1,1,2,00,00,00,29,$021D,4B,588,1,
OBJECT,1599,C74C,-,35,54,01,1,1,5,5,1,1,2,00,00,00,30,$021E,48,588,1,
OBJECT,1599,C74C,-,35,54,01,1,1,5,5,1,1,2,00,00,00,31,$021F,46,588,1,
OBJECT,1599,C74C,-,35,54,01,1,1,5,5,1,1,2,00,00,00,32,$0220,09,588,1,
FRAME,1599,C74C,-,35,54,01,1,1,5,5,1,1,2,00,00,00,,,,,588,1,
RNG,1600,C535,-,35,54,01,1,1,5,5,1,1,2,00,00,00,C535,,,588,1,
FRAME,1600,C74C,-,10,27,02,0,0,0,2,1,1,2,00,00,00,,,,,588,1,
RNG,1601,C535,-,10,27,02,0,0,0,2,1,1,2,00,00,00,C535,,,588,1,
FRAME,1601,C74E,-,BD,2E,03,1,1,5,2,1,1,2,00,00,00,,,,,588,1,
RNG,1602,C535,-,BD,2E,03,1,1,5,2,1,1,2,00,00,00,C535,,,588,1,
C726,1602,C726,-,E8,BB,04,0,0,0,3,1,1,2,00,00,00,C726,,,589,1,
OBJECT,1602,E022,-,E8,BB,04,0,0,0,3,1,1,2,00,00,00,33,$0221,26,589,1,
FRAME,1602,E022,-,E8,BB,04,0,0,0,3,1,1,2,00,00,00,,,,,589,1,
RNG,1603,C535,-,E8,BB,04,0,0,0,3,1,1,2,00,00,00,C535,,,589,1,
C726,1603,C726,-,EF,96,05,1,3,7,1,1,1,2,00,00,00,C726,,,590,1,
C726,1603,C726,-,EF,96,05,1,3,7,1,1,1,2,00,00,00,C726,,,591,1,
C726,1603,C726,-,EF,96,05,1,3,7,1,1,1,2,00,00,00,C726,,,592,1,
C726,1603,C726,-,EF,96,05,1,3,7,1,1,1,2,00,00,00,C726,,,593,1,
C726,1603,C726,-,EF,96,05,1,3,7,1,1,1,2,00,00,00,C726,,,594,1,
C726,1603,C726,-,EF,96,05,1,3,7,1,1,1,2,00,00,00,C726,,,595,1,
C726,1603,C726,-,EF,96,05,1,3,7,1,1,1,2,00,00,00,C726,,,596,1,
OBJECT,1603,C74C,-,EF,96,05,1,3,7,1,1,1,2,00,00,00,34,$0222,5E,596,1,
OBJECT,1603,C74C,-,EF,96,05,1,3,7,1,1,1,2,00,00,00,35,$0223,45,596,1,
OBJECT,1603,C74C,-,EF,96,05,1,3,7,1,1,1,2,00,00,00,36,$0224,01,596,1,
OBJECT,1603,C74C,-,EF,96,05,1,3,7,1,1,1,2,00,00,00,37,$0225,4B,596,1,
OBJECT,1603,C74C,-,EF,96,05,1,3,7,1,1,1,2,00,00,00,38,$0226,48,596,1,
OBJECT,1603,C74C,-,EF,96,05,1,3,7,1,1,1,2,00,00,00,39,$0227,46,596,1,
OBJECT,1603,C74C,-,EF,96,05,1,3,7,1,1,1,2,00,00,00,40,$0228,09,596,1,
FRAME,1603,C74C,-,EF,96,05,1,3,7,1,1,1,2,00,00,00,,,,,596,1,
RNG,1604,C535,-,EF,96,05,1,3,7,1,1,1,2,00,00,00,C535,,,596,1,
FRAME,1604,C74C,-,BC,9D,06,0,0,4,1,1,1,2,00,00,00,,,,,596,1,
RNG,1605,C535,-,BC,9D,06,0,0,4,1,1,1,2,00,00,00,C535,,,596,1,
FRAME,1605,C74E,-,3F,B5,07,1,3,7,3,1,1,2,00,00,00,,,,,596,1,
RNG,1606,C535,-,3F,B5,07,1,3,7,3,1,1,2,00,00,00,C535,,,596,1,
C726,1606,C726,-,46,1E,08,0,2,6,1,1,1,2,00,00,00,C726,,,597,1,
OBJECT,1606,E065,-,46,1E,08,0,2,6,1,1,1,2,00,00,00,41,$0229,26,597,1,
FRAME,1606,E065,-,46,1E,08,0,2,6,1,1,1,2,00,00,00,,,,,597,1,
RNG,1607,C535,-,46,1E,08,0,2,6,1,1,1,2,00,00,00,C535,,,597,1,
C726,1607,C726,-,D6,26,09,0,2,6,2,1,1,2,00,00,00,C726,,,598,1,
C726,1607,C726,-,D6,26,09,0,2,6,2,1,1,2,00,00,00,C726,,,599,1,
C726,1607,C726,-,D6,26,09,0,2,6,2,1,1,2,00,00,00,C726,,,600,1,
C726,1607,C726,-,D6,26,09,0,2,6,2,1,1,2,00,00,00,C726,,,601,1,
C726,1607,C726,-,D6,26,09,0,2,6,2,1,1,2,00,00,00,C726,,,602,1,
C726,1607,C726,-,D6,26,09,0,2,6,2,1,1,2,00,00,00,C726,,,603,1,
C726,1607,C726,-,D6,26,09,0,2,6,2,1,1,2,00,00,00,C726,,,604,1,
OBJECT,1607,C74C,-,D6,26,09,0,2,6,2,1,1,2,00,00,00,42,$022A,5E,604,1,
OBJECT,1607,C74C,-,D6,26,09,0,2,6,2,1,1,2,00,00,00,43,$022B,45,604,1,
OBJECT,1607,C74C,-,D6,26,09,0,2,6,2,1,1,2,00,00,00,44,$022C,01,604,1,
OBJECT,1607,C74C,-,D6,26,09,0,2,6,2,1,1,2,00,00,00,45,$022D,4B,604,1,
OBJECT,1607,C74C,-,D6,26,09,0,2,6,2,1,1,2,00,00,00,46,$022E,48,604,1,
OBJECT,1607,C74C,-,D6,26,09,0,2,6,2,1,1,2,00,00,00,47,$022F,46,604,1,
OBJECT,1607,C74C,-,D6,26,09,0,2,6,2,1,1,2,00,00,00,48,$0230,09,604,1,
FRAME,1607,C74C,-,D6,26,09,0,2,6,2,1,1,2,00,00,00,,,,,604,1,
RNG,1608,C535,-,D6,26,09,0,2,6,2,1,1,2,00,00,00,C535,,,604,1,
FRAME,1608,C74C,-,DD,B3,0A,1,1,5,3,1,1,2,00,00,00,,,,,604,1,
RNG,1609,C535,-,DD,B3,0A,1,1,5,3,1,1,2,00,00,00,C535,,,604,1,
FRAME,1609,C74A,-,82,82,0B,0,2,2,0,1,1,2,00,00,00,,,,,604,1,
RNG,1610,C535,-,82,82,0B,0,2,2,0,1,1,2,00,00,00,C535,,,604,1,
C726,1610,C726,-,61,89,0C,1,1,1,0,1,1,2,00,00,00,C726,,,605,1,
OBJECT,1610,E065,-,61,89,0C,1,1,1,0,1,1,2,00,00,00,49,$0231,26,605,1,
FRAME,1610,E065,-,61,89,0C,1,1,1,0,1,1,2,00,00,00,,,,,605,1,
RNG,1611,C535,-,61,89,0C,1,1,1,0,1,1,2,00,00,00,C535,,,605,1,
C726,1611,C726,-,8A,16,0D,0,2,2,1,1,1,2,00,00,00,C726,,,606,1,
C726,1611,C726,-,8A,16,0D,0,2,2,1,1,1,2,00,00,00,C726,,,607,1,
C726,1611,C726,-,8A,16,0D,0,2,2,1,1,1,2,00,00,00,C726,,,608,1,
C726,1611,C726,-,8A,16,0D,0,2,2,1,1,1,2,00,00,00,C726,,,609,1,
C726,1611,C726,-,8A,16,0D,0,2,2,1,1,1,2,00,00,00,C726,,,610,1,
C726,1611,C726,-,8A,16,0D,0,2,2,1,1,1,2,00,00,00,C726,,,611,1,
C726,1611,C726,-,8A,16,0D,0,2,2,1,1,1,2,00,00,00,C726,,,612,1,
OBJECT,1611,C74C,-,8A,16,0D,0,2,2,1,1,1,2,00,00,00,50,$0232,5E,612,1,
OBJECT,1611,C74C,-,8A,16,0D,0,2,2,1,1,1,2,00,00,00,51,$0233,45,612,1,
OBJECT,1611,C74C,-,8A,16,0D,0,2,2,1,1,1,2,00,00,00,52,$0234,01,612,1,
OBJECT,1611,C74C,-,8A,16,0D,0,2,2,1,1,1,2,00,00,00,53,$0235,4B,612,1,
OBJECT,1611,C74C,-,8A,16,0D,0,2,2,1,1,1,2,00,00,00,54,$0236,48,612,1,
OBJECT,1611,C74C,-,8A,16,0D,0,2,2,1,1,1,2,00,00,00,55,$0237,46,612,1,
OBJECT,1611,C74C,-,8A,16,0D,0,2,2,1,1,1,2,00,00,00,56,$0238,09,612,1,
FRAME,1611,C74C,-,8A,16,0D,0,2,2,1,1,1,2,00,00,00,,,,,612,1,
RNG,1612,C535,-,8A,16,0D,0,2,2,1,1,1,2,00,00,00,C535,,,612,1,
FRAME,1612,C74C,-,91,ED,0E,1,1,1,6,1,1,2,00,00,00,,,,,612,1,
RNG,1613,C535,-,91,ED,0E,1,1,1,6,1,1,2,00,00,00,C535,,,612,1,
FRAME,1613,C74A,-,DD,F4,0F,1,1,5,7,1,1,2,00,00,00,,,,,612,1,
RNG,1614,C535,-,DD,F4,0F,1,1,5,7,1,1,2,00,00,00,C535,,,612,1,
FRAME,1614,C74C,-,49,81,10,1,1,1,0,1,1,2,00,00,00,,,,,612,1,
RNG,1615,C535,-,49,81,10,1,1,1,0,1,1,2,00,00,00,C535,,,612,1,
C726,1615,C726,-,CA,60,11,0,2,2,6,1,1,2,00,00,00,C726,,,613,1,
C726,1615,C726,-,CA,60,11,0,2,2,6,1,1,2,00,00,00,C726,,,614,1,
C726,1615,C726,-,CA,60,11,0,2,2,6,1,1,2,00,00,00,C726,,,615,1,
C726,1615,C726,-,CA,60,11,0,2,2,6,1,1,2,00,00,00,C726,,,616,1,
C726,1615,C726,-,CA,60,11,0,2,2,6,1,1,2,00,00,00,C726,,,617,1,
C726,1615,C726,-,CA,60,11,0,2,2,6,1,1,2,00,00,00,C726,,,618,1,
C726,1615,C726,-,CA,60,11,0,2,2,6,1,1,2,00,00,00,C726,,,619,1,
C726,1615,C726,-,CA,60,11,0,2,2,6,1,1,2,00,00,00,C726,,,620,1,
OBJECT,1615,C74C,-,CA,60,11,0,2,2,6,1,1,2,00,00,00,0,$0200,09,620,1,
OBJECT,1615,C74C,-,CA,60,11,0,2,2,6,1,1,2,00,00,00,57,$0239,26,620,1,
OBJECT,1615,C74C,-,CA,60,11,0,2,2,6,1,1,2,00,00,00,58,$023A,5E,620,1,
OBJECT,1615,C74C,-,CA,60,11,0,2,2,6,1,1,2,00,00,00,59,$023B,45,620,1,
OBJECT,1615,C74C,-,CA,60,11,0,2,2,6,1,1,2,00,00,00,60,$023C,01,620,1,
OBJECT,1615,C74C,-,CA,60,11,0,2,2,6,1,1,2,00,00,00,61,$023D,4B,620,1,
OBJECT,1615,C74C,-,CA,60,11,0,2,2,6,1,1,2,00,00,00,62,$023E,48,620,1,
OBJECT,1615,C74C,-,CA,60,11,0,2,2,6,1,1,2,00,00,00,63,$023F,46,620,1,
FRAME,1615,C74C,-,CA,60,11,0,2,2,6,1,1,2,00,00,00,,,,,620,1,
RNG,1616,C535,-,CA,60,11,0,2,2,6,1,1,2,00,00,00,C535,,,620,1,
FRAME,1616,C74C,-,6F,67,12,1,3,7,6,1,1,2,00,00,00,,,,,620,1,
RNG,1617,C535,-,6F,67,12,1,3,7,6,1,1,2,00,00,00,C535,,,620,1,
FRAME,1617,C74C,-,4E,10,13,0,2,6,1,1,1,2,00,00,00,,,,,620,1,
RNG,1618,C535,-,4E,10,13,0,2,6,1,1,1,2,00,00,00,C535,,,620,1,
FRAME,1618,C74C,-,77,10,14,1,3,7,1,1,1,2,00,00,00,,,,,620,1,
RNG,1619,C535,-,77,10,14,1,3,7,1,1,1,2,00,00,00,C535,,,620,1,
C726,1619,C726,-,7E,9D,15,0,2,6,1,1,1,2,00,00,00,C726,,,621,1,
C726,1619,C726,-,7E,9D,15,0,2,6,1,1,1,2,00,00,00,C726,,,622,1,
C726,1619,C726,-,7E,9D,15,0,2,6,1,1,1,2,00,00,01,C726,,,623,1,
C726,1619,C726,-,7E,9D,15,0,2,6,1,1,1,2,00,00,01,C726,,,624,1,
C726,1619,C726,-,7E,9D,15,0,2,6,1,1,1,2,00,00,01,C726,,,625,1,
OBJECT,1619,C2EB,-,7E,9D,15,0,2,6,1,1,1,2,00,00,01,1,$0201,26,625,1,
OBJECT,1619,C2EB,-,7E,9D,15,0,2,6,1,1,1,2,00,00,01,2,$0202,5E,625,1,
OBJECT,1619,C2EB,-,7E,9D,15,0,2,6,1,1,1,2,00,00,01,3,$0203,45,625,1,
OBJECT,1619,C2EB,-,7E,9D,15,0,2,6,1,1,1,2,00,00,01,4,$0204,01,625,1,
OBJECT,1619,C2EB,-,7E,9D,15,0,2,6,1,1,1,2,00,00,01,5,$0205,4B,625,1,
COUNTER,1619,C2EB,-,7E,9D,15,0,2,6,1,1,1,2,00,00,01,048B:00>01,,,625,1,
FRAME,1619,C2EB,-,7E,9D,15,0,2,6,1,1,1,2,00,00,01,,,,,625,1,
C726,1620,C726,-,7E,9D,15,0,2,6,1,0,1,2,00,00,01,C726,,,626,1,
C726,1620,C726,-,7E,9D,15,0,2,6,1,0,1,2,00,00,01,C726,,,627,1,
C726,1620,C726,-,7E,9D,15,0,2,6,1,0,1,2,00,00,01,C726,,,628,1,
OBJECT,1620,C74A,-,7E,9D,15,0,2,6,1,0,1,2,00,00,01,6,$0206,48,628,1,
OBJECT,1620,C74A,-,7E,9D,15,0,2,6,1,0,1,2,00,00,01,7,$0207,46,628,1,
OBJECT,1620,C74A,-,7E,9D,15,0,2,6,1,0,1,2,00,00,01,8,$0208,09,628,1,
FRAME,1620,C74A,-,7E,9D,15,0,2,6,1,0,1,2,00,00,01,,,,,628,1,
RNG,1621,C535,-,7E,9D,15,0,2,6,1,1,2,2,00,00,01,C535,,,628,1,
FRAME,1621,C74A,-,B6,91,16,0,2,6,1,1,2,2,00,00,01,,,,,628,1,
RNG,1622,C535,-,B6,91,16,0,2,6,1,1,1,2,00,00,01,C535,,,628,1,
FRAME,1622,C74A,-,9F,94,17,1,3,7,1,1,1,2,00,00,01,,,,,628,1,
RNG,1623,C535,-,9F,94,17,1,3,7,1,1,1,2,00,00,01,C535,,,628,1,
C726,1623,C726,-,A8,21,18,0,0,0,2,1,1,2,00,00,01,C726,,,629,1,
C726,1623,C726,-,A8,21,18,0,0,0,2,1,1,2,00,00,01,C726,,,630,1,
OBJECT,1623,C739,-,A8,21,18,0,0,0,2,1,1,2,00,00,01,9,$0209,26,630,1,
OBJECT,1623,C739,-,A8,21,18,0,0,0,2,1,1,2,00,00,01,10,$020A,5E,630,1,
FRAME,1623,C739,-,A8,21,18,0,0,0,2,1,1,2,00,00,01,,,,,630,1,
RNG,1624,C535,-,A8,21,18,0,0,0,2,1,1,2,00,00,01,C535,,,630,1,
C726,1624,C726,-,2D,16,19,1,1,5,1,1,1,2,00,00,01,C726,,,631,1,
C726,1624,C726,-,2D,16,19,1,1,5,1,1,1,2,00,00,01,C726,,,632,1,
C726,1624,C726,-,2D,16,19,1,1,5,1,1,1,2,00,00,01,C726,,,633,1,
C726,1624,C726,-,2D,16,19,1,1,5,1,1,1,2,00,00,01,C726,,,634,1,
C726,1624,C726,-,2D,16,19,1,1,5,1,1,1,2,00,00,01,C726,,,635,1,
C726,1624,C726,-,2D,16,19,1,1,5,1,1,1,2,00,00,01,C726,,,636,1,
OBJECT,1624,C74A,-,2D,16,19,1,1,5,1,1,1,2,00,00,01,11,$020B,45,636,1,
OBJECT,1624,C74A,-,2D,16,19,1,1,5,1,1,1,2,00,00,01,12,$020C,01,636,1,
OBJECT,1624,C74A,-,2D,16,19,1,1,5,1,1,1,2,00,00,01,13,$020D,4B,636,1,
OBJECT,1624,C74A,-,2D,16,19,1,1,5,1,1,1,2,00,00,01,14,$020E,48,636,1,
OBJECT,1624,C74A,-,2D,16,19,1,1,5,1,1,1,2,00,00,01,15,$020F,46,636,1,
OBJECT,1624,C74A,-,2D,16,19,1,1,5,1,1,1,2,00,00,01,16,$0210,09,636,1,
FRAME,1624,C74A,-,2D,16,19,1,1,5,1,1,1,2,00,00,01,,,,,636,1,
RNG,1625,C535,-,2D,16,19,1,1,5,1,1,1,2,00,00,01,C535,,,636,1,
FRAME,1625,C74C,-,B4,19,1A,0,0,4,1,1,1,2,00,00,01,,,,,636,1,
RNG,1626,C535,-,B4,19,1A,0,0,4,1,1,1,2,00,00,01,C535,,,636,1,
FRAME,1626,C74E,-,56,A6,1B,0,2,6,2,1,1,2,00,00,01,,,,,636,1,
RNG,1627,C535,-,56,A6,1B,0,2,6,2,1,1,2,00,00,01,C535,,,636,1,
C726,1627,C726,-,56,9C,1C,0,2,6,1,1,1,2,00,00,01,C726,,,637,1,
OBJECT,1627,E034,-,56,9C,1C,0,2,6,1,1,1,2,00,00,01,17,$0211,26,637,1,
FRAME,1627,E034,-,56,9C,1C,0,2,6,1,1,1,2,00,00,01,,,,,637,1,
RNG,1628,C535,-,56,9C,1C,0,2,6,1,1,1,2,00,00,01,C535,,,637,1,
C726,1628,C726,-,FF,9F,1D,1,3,7,1,1,1,2,00,00,01,C726,,,638,1,
C726,1628,C726,-,FF,9F,1D,1,3,7,1,1,1,2,00,00,01,C726,,,639,1,
C726,1628,C726,-,FF,9F,1D,1,3,7,1,1,1,2,00,00,01,C726,,,640,1,
C726,1628,C726,-,FF,9F,1D,1,3,7,1,1,1,2,00,00,01,C726,,,641,1,
C726,1628,C726,-,FF,9F,1D,1,3,7,1,1,1,2,00,00,01,C726,,,642,1,
C726,1628,C726,-,FF,9F,1D,1,3,7,1,1,1,2,00,00,01,C726,,,643,1,
C726,1628,C726,-,FF,9F,1D,1,3,7,1,1,1,2,00,00,01,C726,,,644,1,
OBJECT,1628,C74A,-,FF,9F,1D,1,3,7,1,1,1,2,00,00,01,18,$0212,5E,644,1,
OBJECT,1628,C74A,-,FF,9F,1D,1,3,7,1,1,1,2,00,00,01,19,$0213,45,644,1,
OBJECT,1628,C74A,-,FF,9F,1D,1,3,7,1,1,1,2,00,00,01,20,$0214,01,644,1,
OBJECT,1628,C74A,-,FF,9F,1D,1,3,7,1,1,1,2,00,00,01,21,$0215,4B,644,1,
OBJECT,1628,C74A,-,FF,9F,1D,1,3,7,1,1,1,2,00,00,01,22,$0216,48,644,1,
OBJECT,1628,C74A,-,FF,9F,1D,1,3,7,1,1,1,2,00,00,01,23,$0217,46,644,1,
OBJECT,1628,C74A,-,FF,9F,1D,1,3,7,1,1,1,2,00,00,01,24,$0218,09,644,1,
FRAME,1628,C74A,-,FF,9F,1D,1,3,7,1,1,1,2,00,00,01,,,,,644,1,
RNG,1629,C535,-,FF,9F,1D,1,3,7,1,1,1,2,00,00,01,C535,,,644,1,
FRAME,1629,C74A,-,05,2C,1E,1,1,5,2,1,1,2,00,00,01,,,,,644,1,
RNG,1630,C535,-,05,2C,1E,1,1,5,2,1,1,2,00,00,01,C535,,,644,1,
FRAME,1630,C74A,-,8A,23,1F,0,2,2,2,1,1,2,00,00,01,,,,,644,1,
RNG,1631,C535,-,8A,23,1F,0,2,2,2,1,1,2,00,00,01,C535,,,644,1,
FRAME,1631,FF19,-,12,26,20,0,2,2,2,1,1,2,00,00,01,,,,,644,1,
RNG,1632,C535,-,12,26,20,0,2,2,2,1,1,2,00,00,01,C535,,,644,1,
C726,1632,C726,-,B2,14,21,0,2,2,1,1,1,2,00,00,01,C726,,,645,1,
C726,1632,C726,-,B2,14,21,0,2,2,1,1,1,2,00,00,01,C726,,,646,1,
C726,1632,C726,-,B2,14,21,0,2,2,1,1,1,2,00,00,01,C726,,,647,1,
C726,1632,C726,-,B2,14,21,0,2,2,1,1,1,2,00,00,01,C726,,,648,1,
C726,1632,C726,-,B2,14,21,0,2,2,1,1,1,2,00,00,01,C726,,,649,1,
C726,1632,C726,-,B2,14,21,0,2,2,1,1,1,2,00,00,01,C726,,,650,1,
OBJECT,1632,B313,-,B2,14,21,0,2,2,1,1,1,2,00,00,01,25,$0219,26,650,1,
OBJECT,1632,B313,-,B2,14,21,0,2,2,1,1,1,2,00,00,01,26,$021A,5E,650,1,
OBJECT,1632,B313,-,B2,14,21,0,2,2,1,1,1,2,00,00,01,27,$021B,45,650,1,
OBJECT,1632,B313,-,B2,14,21,0,2,2,1,1,1,2,00,00,01,28,$021C,01,650,1,
OBJECT,1632,B313,-,B2,14,21,0,2,2,1,1,1,2,00,00,01,29,$021D,4B,650,1,
OBJECT,1632,B313,-,B2,14,21,0,2,2,1,1,1,2,00,00,01,30,$021E,48,650,1,
FRAME,1632,B313,-,B2,14,21,0,2,2,1,1,1,2,00,00,01,,,,,650,1,
RNG,1633,C535,-,B2,14,21,0,2,2,1,1,1,2,00,00,01,C535,,,650,1,
C726,1633,C726,-,B2,07,22,0,2,2,0,1,1,2,00,00,01,C726,,,651,1,
C726,1633,C726,-,B2,07,22,0,2,2,0,1,1,2,00,00,01,C726,,,652,1,
OBJECT,1633,C74A,-,B2,07,22,0,2,2,0,1,1,2,00,00,01,31,$021F,46,652,1,
OBJECT,1633,C74A,-,B2,07,22,0,2,2,0,1,1,2,00,00,01,32,$0220,09,652,1,
FRAME,1633,C74A,-,B2,07,22,0,2,2,0,1,1,2,00,00,01,,,,,652,1,
RNG,1634,C535,-,B2,07,22,0,2,2,0,1,1,2,00,00,01,C535,,,652,1,
FRAME,1634,C74A,-,38,0A,23,0,0,0,0,1,1,2,00,00,01,,,,,652,1,
RNG,1635,C535,-,38,0A,23,0,0,0,0,1,1,2,00,00,01,C535,,,652,1,
FRAME,1635,C74C,-,C1,56,24,1,1,1,5,1,1,2,00,00,01,,,,,652,1,
RNG,1636,C535,-,C1,56,24,1,1,1,5,1,1,2,00,00,01,C535,,,652,1,
C726,1636,C726,-,45,29,25,1,1,5,2,1,1,2,00,00,01,C726,,,653,1,
C726,1636,C726,-,45,29,25,1,1,5,2,1,1,2,00,00,01,C726,,,654,1,
C726,1636,C726,-,45,29,25,1,1,5,2,1,1,2,00,00,01,C726,,,655,1,
C726,1636,C726,-,45,29,25,1,1,5,2,1,1,2,00,00,01,C726,,,656,1,
OBJECT,1636,C1A4,-,45,29,25,1,1,5,2,1,1,2,00,00,01,33,$0221,26,656,1,
OBJECT,1636,C1A4,-,45,29,25,1,1,5,2,1,1,2,00,00,01,34,$0222,5E,656,1,
OBJECT,1636,C1A4,-,45,29,25,1,1,5,2,1,1,2,00,00,01,35,$0223,45,656,1,
OBJECT,1636,C1A4,-,45,29,25,1,1,5,2,1,1,2,00,00,01,36,$0224,01,656,1,
FRAME,1636,C1A4,-,45,29,25,1,1,5,2,1,1,2,00,00,01,,,,,656,1,
C726,1637,C726,-,45,29,25,1,1,5,2,0,1,2,00,00,01,C726,,,657,1,
C726,1637,C726,-,45,29,25,1,1,5,2,0,1,2,00,00,01,C726,,,658,1,
C726,1637,C726,-,45,29,25,1,1,5,2,0,1,2,00,00,01,C726,,,659,1,
C726,1637,C726,-,45,29,25,1,1,5,2,0,1,2,00,00,01,C726,,,660,1,
OBJECT,1637,C74E,-,45,29,25,1,1,5,2,0,1,2,00,00,01,37,$0225,4B,660,1,
OBJECT,1637,C74E,-,45,29,25,1,1,5,2,0,1,2,00,00,01,38,$0226,48,660,1,
OBJECT,1637,C74E,-,45,29,25,1,1,5,2,0,1,2,00,00,01,39,$0227,46,660,1,
OBJECT,1637,C74E,-,45,29,25,1,1,5,2,0,1,2,00,00,01,40,$0228,09,660,1,
FRAME,1637,C74E,-,45,29,25,1,1,5,2,0,1,2,00,00,01,,,,,660,1,
RNG,1638,C535,-,45,29,25,1,1,5,2,1,2,2,00,00,01,C535,,,660,1,
FRAME,1638,C74A,-,CF,BE,26,1,3,7,3,1,2,2,00,00,01,,,,,660,1,
RNG,1639,C535,-,CF,BE,26,1,3,7,3,1,1,2,00,00,01,C535,,,660,1,
FRAME,1639,C74C,-,88,63,27,0,0,0,6,1,1,2,00,00,01,,,,,660,1,
RNG,1640,C535,-,88,63,27,0,0,0,6,1,1,2,00,00,01,C535,,,660,1,
C726,1640,C726,-,09,30,28,1,1,1,3,1,1,2,00,00,01,C726,,,661,1,
OBJECT,1640,E05F,-,09,30,28,1,1,1,3,1,1,2,00,00,01,41,$0229,26,661,1,
FRAME,1640,E05F,-,09,30,28,1,1,1,3,1,1,2,00,00,01,,,,,661,1,
RNG,1641,C535,-,09,30,28,1,1,1,3,1,1,2,00,00,01,C535,,,661,1,
C726,1641,C726,-,10,35,29,0,0,0,3,1,1,2,00,00,01,C726,,,662,1,
C726,1641,C726,-,10,35,29,0,0,0,3,1,1,2,00,00,01,C726,,,663,1,
C726,1641,C726,-,10,35,29,0,0,0,3,1,1,2,00,00,01,C726,,,664,1,
C726,1641,C726,-,10,35,29,0,0,0,3,1,1,2,00,00,01,C726,,,665,1,
C726,1641,C726,-,10,35,29,0,0,0,3,1,1,2,00,00,01,C726,,,666,1,
C726,1641,C726,-,10,35,29,0,0,0,3,1,1,2,00,00,01,C726,,,667,1,
C726,1641,C726,-,10,35,29,0,0,0,3,1,1,2,00,00,01,C726,,,668,1,
OBJECT,1641,C74E,-,10,35,29,0,0,0,3,1,1,2,00,00,01,42,$022A,5E,668,1,
OBJECT,1641,C74E,-,10,35,29,0,0,0,3,1,1,2,00,00,01,43,$022B,45,668,1,
OBJECT,1641,C74E,-,10,35,29,0,0,0,3,1,1,2,00,00,01,44,$022C,01,668,1,
OBJECT,1641,C74E,-,10,35,29,0,0,0,3,1,1,2,00,00,01,45,$022D,4B,668,1,
OBJECT,1641,C74E,-,10,35,29,0,0,0,3,1,1,2,00,00,01,46,$022E,48,668,1,
OBJECT,1641,C74E,-,10,35,29,0,0,0,3,1,1,2,00,00,01,47,$022F,46,668,1,
OBJECT,1641,C74E,-,10,35,29,0,0,0,3,1,1,2,00,00,01,48,$0230,09,668,1,
FRAME,1641,C74E,-,10,35,29,0,0,0,3,1,1,2,00,00,01,,,,,668,1,
RNG,1642,C535,-,10,35,29,0,0,0,3,1,1,2,00,00,01,C535,,,668,1,
FRAME,1642,C74E,-,D9,03,2A,1,1,1,0,1,1,2,00,00,01,,,,,668,1,
RNG,1643,C535,-,D9,03,2A,1,1,1,0,1,1,2,00,00,01,C535,,,668,1,
FRAME,1643,C74A,-,1B,08,2B,1,3,3,0,1,1,2,00,00,01,,,,,668,1,
RNG,1644,C535,-,1B,08,2B,1,3,3,0,1,1,2,00,00,01,C535,,,668,1,
C726,1644,C726,-,EB,D7,2C,1,3,3,5,1,1,2,00,00,01,C726,,,669,1,
OBJECT,1644,E031,-,EB,D7,2C,1,3,3,5,1,1,2,00,00,01,49,$0231,26,669,1,
FRAME,1644,E031,-,EB,D7,2C,1,3,3,5,1,1,2,00,00,01,,,,,669,1,
RNG,1645,C535,-,EB,D7,2C,1,3,3,5,1,1,2,00,00,01,C535,,,669,1,
C726,1645,C726,-,0C,DC,2D,0,0,4,5,1,1,2,00,00,01,C726,,,670,1,
C726,1645,C726,-,0C,DC,2D,0,0,4,5,1,1,2,00,00,01,C726,,,671,1,
C726,1645,C726,-,0C,DC,2D,0,0,4,5,1,1,2,00,00,01,C726,,,672,1,
C726,1645,C726,-,0C,DC,2D,0,0,4,5,1,1,2,00,00,01,C726,,,673,1,
C726,1645,C726,-,0C,DC,2D,0,0,4,5,1,1,2,00,00,01,C726,,,674,1,
C726,1645,C726,-,0C,DC,2D,0,0,4,5,1,1,2,00,00,01,C726,,,675,1,
C726,1645,C726,-,0C,DC,2D,0,0,4,5,1,1,2,00,00,01,C726,,,676,1,
OBJECT,1645,C74E,-,0C,DC,2D,0,0,4,5,1,1,2,00,00,01,50,$0232,5E,676,1,
OBJECT,1645,C74E,-,0C,DC,2D,0,0,4,5,1,1,2,00,00,01,51,$0233,45,676,1,
OBJECT,1645,C74E,-,0C,DC,2D,0,0,4,5,1,1,2,00,00,01,52,$0234,01,676,1,
OBJECT,1645,C74E,-,0C,DC,2D,0,0,4,5,1,1,2,00,00,01,53,$0235,4B,676,1,
OBJECT,1645,C74E,-,0C,DC,2D,0,0,4,5,1,1,2,00,00,01,54,$0236,48,676,1,
OBJECT,1645,C74E,-,0C,DC,2D,0,0,4,5,1,1,2,00,00,01,55,$0237,46,676,1,
OBJECT,1645,C74E,-,0C,DC,2D,0,0,4,5,1,1,2,00,00,01,56,$0238,09,676,1,
FRAME,1645,C74E,-,0C,DC,2D,0,0,4,5,1,1,2,00,00,01,,,,,676,1,
RNG,1646,C535,-,0C,DC,2D,0,0,4,5,1,1,2,00,00,01,C535,,,676,1,
FRAME,1646,C74E,-,B5,AC,2E,1,1,5,2,1,1,2,00,00,01,,,,,676,1,
RNG,1647,C535,-,B5,AC,2E,1,1,5,2,1,1,2,00,00,01,C535,,,676,1,
FRAME,1647,C74E,-,B6,D8,2F,0,2,6,5,1,1,2,00,00,01,,,,,676,1,
RNG,1648,C535,-,B6,D8,2F,0,2,6,5,1,1,2,00,00,01,C535,,,676,1,
C726,1648,C726,-,53,B1,30,1,3,3,3,1,1,2,00,00,01,C726,,,677,1,
FRAME,1648,C72C,-,53,B1,30,1,3,3,3,1,1,2,00,00,01,,,,,677,1,
C726,1649,C726,-,53,B1,30,1,3,3,3,0,1,2,00,00,01,C726,,,678,1,
C726,1649,C726,-,53,B1,30,1,3,3,3,0,1,2,00,00,01,C726,,,679,1,
C726,1649,C726,-,53,B1,30,1,3,3,3,0,1,2,00,00,01,C726,,,680,1,
C726,1649,C726,-,53,B1,30,1,3,3,3,0,1,2,00,00,01,C726,,,681,1,
C726,1649,C726,-,53,B1,30,1,3,3,3,0,1,2,00,00,01,C726,,,682,1,
C726,1649,C726,-,53,B1,30,1,3,3,3,0,1,2,00,00,01,C726,,,683,1,
OBJECT,1649,C72A,-,53,B1,30,1,3,3,3,0,1,2,00,00,01,57,$0239,26,683,1,
OBJECT,1649,C72A,-,53,B1,30,1,3,3,3,0,1,2,00,00,01,58,$023A,5E,683,1,
OBJECT,1649,C72A,-,53,B1,30,1,3,3,3,0,1,2,00,00,01,59,$023B,45,683,1,
OBJECT,1649,C72A,-,53,B1,30,1,3,3,3,0,1,2,00,00,01,60,$023C,01,683,1,
OBJECT,1649,C72A,-,53,B1,30,1,3,3,3,0,1,2,00,00,01,61,$023D,4B,683,1,
OBJECT,1649,C72A,-,53,B1,30,1,3,3,3,0,1,2,00,00,01,62,$023E,48,683,1,
FRAME,1649,C72A,-,53,B1,30,1,3,3,3,0,1,2,00,00,01,,,,,683,1,
C726,1650,C726,-,53,B1,30,1,3,3,3,0,1,2,00,00,01,C726,,,684,1,
OBJECT,1650,C74E,-,53,B1,30,1,3,3,3,0,1,2,00,00,01,0,$0200,09,684,1,
OBJECT,1650,C74E,-,53,B1,30,1,3,3,3,0,1,2,00,00,01,63,$023F,46,684,1,
FRAME,1650,C74E,-,53,B1,30,1,3,3,3,0,1,2,00,00,01,,,,,684,1,
RNG,1651,C535,-,53,B1,30,1,3,3,3,1,3,3,00,00,01,C535,,,684,1,
FRAME,1651,C74E,-,88,B0,31,0,0,0,3,1,3,3,00,00,01,,,,,684,1,
RNG,1652,C535,-,88,B0,31,0,0,0,3,1,1,3,00,00,01,C535,,,684,1,
FRAME,1652,C74E,-,8B,A0,32,1,3,3,2,1,1,3,00,00,01,,,,,684,1,
RNG,1653,C535,-,8B,A0,32,1,3,3,2,1,1,3,00,00,01,C535,,,684,1,
C726,1653,C726,-,30,CD,33,0,0,0,4,1,1,3,00,00,01,C726,,,685,1,
C726,1653,C726,-,30,CD,33,0,0,0,4,1,1,3,00,00,01,C726,,,686,1,
C726,1653,C726,-,30,CD,33,0,0,0,4,1,1,3,00,00,01,C726,,,687,1,
C726,1653,C726,-,30,CD,33,0,0,0,4,1,1,3,00,00,01,C726,,,688,1,
OBJECT,1653,FF0B,-,30,CD,33,0,0,0,4,1,1,3,00,00,01,1,$0201,26,688,1,
OBJECT,1653,FF0B,-,30,CD,33,0,0,0,4,1,1,3,00,00,01,2,$0202,5E,688,1,
OBJECT,1653,FF0B,-,30,CD,33,0,0,0,4,1,1,3,00,00,01,3,$0203,45,688,1,
OBJECT,1653,FF0B,-,30,CD,33,0,0,0,4,1,1,3,00,00,01,4,$0204,01,688,1,
FRAME,1653,FF0B,-,30,CD,33,0,0,0,4,1,1,3,00,00,01,,,,,688,1,
C726,1654,C726,-,30,CD,33,0,0,0,4,0,1,3,00,00,01,C726,,,689,1,
C726,1654,C726,-,30,CD,33,0,0,0,4,0,1,3,00,00,01,C726,,,690,1,
C726,1654,C726,-,30,CD,33,0,0,0,4,0,1,3,00,00,01,C726,,,691,1,
C726,1654,C726,-,30,CD,33,0,0,0,4,0,1,3,00,00,01,C726,,,692,1,
OBJECT,1654,C74A,-,30,CD,33,0,0,0,4,0,1,3,00,00,01,5,$0205,4B,692,1,
OBJECT,1654,C74A,-,30,CD,33,0,0,0,4,0,1,3,00,00,01,6,$0206,48,692,1,
OBJECT,1654,C74A,-,30,CD,33,0,0,0,4,0,1,3,00,00,01,7,$0207,46,692,1,
OBJECT,1654,C74A,-,30,CD,33,0,0,0,4,0,1,3,00,00,01,8,$0208,09,692,1,
FRAME,1654,C74A,-,30,CD,33,0,0,0,4,0,1,3,00,00,01,,,,,692,1,
RNG,1655,C535,-,30,CD,33,0,0,0,4,1,2,3,00,00,01,C535,,,692,1,
FRAME,1655,C74C,-,B7,6F,34,1,3,7,6,1,2,3,00,00,01,,,,,692,1,
RNG,1656,C535,-,B7,6F,34,1,3,7,6,1,1,3,00,00,01,C535,,,692,1,
FRAME,1656,C74C,-,9D,6F,35,1,1,5,6,1,1,3,00,00,01,,,,,692,1,
RNG,1657,C535,-,9D,6F,35,1,1,5,6,1,1,3,00,00,01,C535,,,692,1,
C726,1657,C726,-,24,2C,36,0,0,4,2,1,1,3,00,00,01,C726,,,693,1,
OBJECT,1657,E03F,-,24,2C,36,0,0,4,2,1,1,3,00,00,01,9,$0209,26,693,1,
FRAME,1657,E03F,-,24,2C,36,0,0,4,2,1,1,3,00,00,01,,,,,693,1,
RNG,1658,C535,-,24,2C,36,0,0,4,2,1,1,3,00,00,01,C535,,,693,1,
C726,1658,C726,-,C1,F7,37,1,1,1,7,1,1,3,00,00,01,C726,,,694,1,
C726,1658,C726,-,C1,F7,37,1,1,1,7,1,1,3,00,00,01,C726,,,695,1,
C726,1658,C726,-,C1,F7,37,1,1,1,7,1,1,3,00,00,01,C726,,,696,1,
C726,1658,C726,-,C1,F7,37,1,1,1,7,1,1,3,00,00,01,C726,,,697,1,
C726,1658,C726,-,C1,F7,37,1,1,1,7,1,1,3,00,00,01,C726,,,698,1,
C726,1658,C726,-,C1,F7,37,1,1,1,7,1,1,3,00,00,01,C726,,,699,1,
C726,1658,C726,-,C1,F7,37,1,1,1,7,1,1,3,00,00,01,C726,,,700,1,
OBJECT,1658,C74E,-,C1,F7,37,1,1,1,7,1,1,3,00,00,01,10,$020A,5E,700,1,
OBJECT,1658,C74E,-,C1,F7,37,1,1,1,7,1,1,3,00,00,01,11,$020B,45,700,1,
OBJECT,1658,C74E,-,C1,F7,37,1,1,1,7,1,1,3,00,00,01,12,$020C,01,700,1,
OBJECT,1658,C74E,-,C1,F7,37,1,1,1,7,1,1,3,00,00,01,13,$020D,4B,700,1,
OBJECT,1658,C74E,-,C1,F7,37,1,1,1,7,1,1,3,00,00,01,14,$020E,48,700,1,
OBJECT,1658,C74E,-,C1,F7,37,1,1,1,7,1,1,3,00,00,01,15,$020F,46,700,1,
OBJECT,1658,C74E,-,C1,F7,37,1,1,1,7,1,1,3,00,00,01,16,$0210,09,700,1,
FRAME,1658,C74E,-,C1,F7,37,1,1,1,7,1,1,3,00,00,01,,,,,700,1,
RNG,1659,C535,-,C1,F7,37,1,1,1,7,1,1,3,00,00,01,C535,,,700,1,
FRAME,1659,C74A,-,FE,FE,38,0,2,6,7,1,1,3,00,00,01,,,,,700,1,
RNG,1660,C535,-,FE,FE,38,0,2,6,7,1,1,3,00,00,01,C535,,,700,1,
FRAME,1660,C74C,-,01,36,39,1,1,1,3,1,1,3,00,00,01,,,,,700,1,
RNG,1661,C535,-,01,36,39,1,1,1,3,1,1,3,00,00,01,C535,,,700,1,
FRAME,1661,EFB7,-,A6,1F,3A,0,2,6,1,1,1,3,00,00,01,,,,,700,1,
RNG,1662,C535,-,A6,1F,3A,0,2,6,1,1,1,3,00,00,01,C535,,,700,1,
C726,1662,C726,-,2E,2F,3B,0,2,6,2,1,1,3,00,00,01,C726,,,701,1,
C726,1662,C726,-,2E,2F,3B,0,2,6,2,1,1,3,00,00,01,C726,,,702,1,
C726,1662,C726,-,2E,2F,3B,0,2,6,2,1,1,3,00,00,01,C726,,,703,1,
C726,1662,C726,-,2E,2F,3B,0,2,6,2,1,1,3,00,00,01,C726,,,704,1,
C726,1662,C726,-,2E,2F,3B,0,2,6,2,1,1,3,00,00,01,C726,,,705,1,
C726,1662,C726,-,2E,2F,3B,0,2,6,2,1,1,3,00,00,01,C726,,,706,1,
C726,1662,C726,-,2E,2F,3B,0,2,6,2,1,1,3,00,00,01,C726,,,707,1,
C726,1662,C726,-,2E,2F,3B,0,2,6,2,1,1,3,00,00,01,C726,,,708,1,
OBJECT,1662,C74C,-,2E,2F,3B,0,2,6,2,1,1,3,00,00,01,17,$0211,26,708,1,
OBJECT,1662,C74C,-,2E,2F,3B,0,2,6,2,1,1,3,00,00,01,18,$0212,5E,708,1,
OBJECT,1662,C74C,-,2E,2F,3B,0,2,6,2,1,1,3,00,00,01,19,$0213,45,708,1,
OBJECT,1662,C74C,-,2E,2F,3B,0,2,6,2,1,1,3,00,00,01,20,$0214,01,708,1,
OBJECT,1662,C74C,-,2E,2F,3B,0,2,6,2,1,1,3,00,00,01,21,$0215,4B,708,1,
OBJECT,1662,C74C,-,2E,2F,3B,0,2,6,2,1,1,3,00,00,01,22,$0216,48,708,1,
OBJECT,1662,C74C,-,2E,2F,3B,0,2,6,2,1,1,3,00,00,01,23,$0217,46,708,1,
OBJECT,1662,C74C,-,2E,2F,3B,0,2,6,2,1,1,3,00,00,01,24,$0218,09,708,1,
FRAME,1662,C74C,-,2E,2F,3B,0,2,6,2,1,1,3,00,00,01,,,,,708,1,
RNG,1663,C535,-,2E,2F,3B,0,2,6,2,1,1,3,00,00,01,C535,,,708,1,
FRAME,1663,C74E,-,14,CC,3C,0,0,4,4,1,1,3,00,00,01,,,,,708,1,
RNG,1664,C535,-,14,CC,3C,0,0,4,4,1,1,3,00,00,01,C535,,,708,1,
FRAME,1664,C74C,-,9C,97,3D,0,0,4,1,1,1,3,00,00,01,,,,,708,1,
RNG,1665,C535,-,9C,97,3D,0,0,4,1,1,1,3,00,00,01,C535,,,708,1,
FRAME,1665,C74C,-,82,9E,3E,0,2,2,1,1,1,3,00,00,01,,,,,708,1,
RNG,1666,C535,-,82,9E,3E,0,2,2,1,1,1,3,00,00,01,C535,,,708,1,
C726,1666,C726,-,0A,86,3F,0,2,2,0,1,1,3,00,00,01,C726,,,709,1,
C726,1666,C726,-,0A,86,3F,0,2,2,0,1,1,3,00,00,01,C726,,,710,1,
C726,1666,C726,-,0A,86,3F,0,2,2,0,1,1,3,00,00,01,C726,,,711,1,
C726,1666,C726,-,0A,86,3F,0,2,2,0,1,1,3,00,00,01,C726,,,712,1,
C726,1666,C726,-,0A,86,3F,0,2,2,0,1,1,3,00,00,01,C726,,,713,1,
C726,1666,C726,-,0A,86,3F,0,2,2,0,1,1,3,00,00,01,C726,,,714,1,
C726,1666,C726,-,0A,86,3F,0,2,2,0,1,1,3,00,00,01,C726,,,715,1,
C726,1666,C726,-,0A,86,3F,0,2,2,0,1,1,3,00,00,01,C726,,,716,1,
OBJECT,1666,C74C,-,0A,86,3F,0,2,2,0,1,1,3,00,00,01,25,$0219,26,716,1,
OBJECT,1666,C74C,-,0A,86,3F,0,2,2,0,1,1,3,00,00,01,26,$021A,5E,716,1,
OBJECT,1666,C74C,-,0A,86,3F,0,2,2,0,1,1,3,00,00,01,27,$021B,45,716,1,
OBJECT,1666,C74C,-,0A,86,3F,0,2,2,0,1,1,3,00,00,01,28,$021C,01,716,1,
OBJECT,1666,C74C,-,0A,86,3F,0,2,2,0,1,1,3,00,00,01,29,$021D,4B,716,1,
OBJECT,1666,C74C,-,0A,86,3F,0,2,2,0,1,1,3,00,00,01,30,$021E,48,716,1,
OBJECT,1666,C74C,-,0A,86,3F,0,2,2,0,1,1,3,00,00,01,31,$021F,46,716,1,
OBJECT,1666,C74C,-,0A,86,3F,0,2,2,0,1,1,3,00,00,01,32,$0220,09,716,1,
FRAME,1666,C74C,-,0A,86,3F,0,2,2,0,1,1,3,00,00,01,,,,,716,1,
RNG,1667,C535,-,0A,86,3F,0,2,2,0,1,1,3,00,00,01,C535,,,716,1,
FRAME,1667,C74C,-,A7,6E,40,1,3,7,6,1,1,3,00,00,01,,,,,716,1,
RNG,1668,C535,-,A7,6E,40,1,3,7,6,1,1,3,00,00,01,C535,,,716,1,
FRAME,1668,C74A,-,EC,56,41,0,0,4,5,1,1,3,00,00,01,,,,,716,1,
RNG,1669,C535,-,EC,56,41,0,0,4,5,1,1,3,00,00,01,C535,,,716,1,
FRAME,1669,C74E,-,EF,3E,42,1,3,7,3,1,1,3,00,00,01,,,,,716,1,
RNG,1670,C535,-,EF,3E,42,1,3,7,3,1,1,3,00,00,01,C535,,,716,1,
C726,1670,C726,-,98,1E,43,0,0,0,1,1,1,3,00,00,01,C726,,,717,1,
C726,1670,C726,-,98,1E,43,0,0,0,1,1,1,3,00,00,01,C726,,,718,1,
C726,1670,C726,-,98,1E,43,0,0,0,1,1,1,3,00,00,01,C726,,,719,1,
C726,1670,C726,-,98,1E,43,0,0,0,1,1,1,3,00,00,01,C726,,,720,1,
C726,1670,C726,-,98,1E,43,0,0,0,1,1,1,3,00,00,01,C726,,,721,1,
C726,1670,C726,-,98,1E,43,0,0,0,1,1,1,3,00,00,01,C726,,,722,1,
C726,1670,C726,-,98,1E,43,0,0,0,1,1,1,3,00,00,01,C726,,,723,1,
C726,1670,C726,-,98,1E,43,0,0,0,1,1,1,3,00,00,01,C726,,,724,1,
OBJECT,1670,C74A,-,98,1E,43,0,0,0,1,1,1,3,00,00,01,33,$0221,26,724,1,
OBJECT,1670,C74A,-,98,1E,43,0,0,0,1,1,1,3,00,00,01,34,$0222,5E,724,1,
OBJECT,1670,C74A,-,98,1E,43,0,0,0,1,1,1,3,00,00,01,35,$0223,45,724,1,
OBJECT,1670,C74A,-,98,1E,43,0,0,0,1,1,1,3,00,00,01,36,$0224,01,724,1,
OBJECT,1670,C74A,-,98,1E,43,0,0,0,1,1,1,3,00,00,01,37,$0225,4B,724,1,
OBJECT,1670,C74A,-,98,1E,43,0,0,0,1,1,1,3,00,00,01,38,$0226,48,724,1,
OBJECT,1670,C74A,-,98,1E,43,0,0,0,1,1,1,3,00,00,01,39,$0227,46,724,1,
OBJECT,1670,C74A,-,98,1E,43,0,0,0,1,1,1,3,00,00,01,40,$0228,09,724,1,
FRAME,1670,C74A,-,98,1E,43,0,0,0,1,1,1,3,00,00,01,,,,,724,1,
RNG,1671,C535,-,98,1E,43,0,0,0,1,1,1,3,00,00,01,C535,,,724,1,
FRAME,1671,C74A,-,98,36,44,0,0,0,3,1,1,3,00,00,01,,,,,724,1,
RNG,1672,C535,-,98,36,44,0,0,0,3,1,1,3,00,00,01,C535,,,724,1,
FRAME,1672,C74A,-,2D,06,45,1,1,5,0,1,1,3,00,00,01,,,,,724,1,
RNG,1673,C535,-,2D,06,45,1,1,5,0,1,1,3,00,00,01,C535,,,724,1,
FRAME,1673,C2F6,-,E8,F5,46,0,0,0,7,1,1,3,00,00,01,,,,,724,1,
C726,1674,C726,-,E8,F5,46,0,0,0,7,0,1,3,00,00,01,C726,,,725,1,
C726,1674,C726,-,E8,F5,46,0,0,0,7,0,1,3,00,00,01,C726,,,726,1,
C726,1674,C726,-,E8,F5,46,0,0,0,7,0,1,3,00,00,01,C726,,,727,1,
C726,1674,C726,-,E8,F5,46,0,0,0,7,0,1,3,00,00,01,C726,,,728,1,
C726,1674,C726,-,E8,F5,46,0,0,0,7,0,1,3,00,00,01,C726,,,729,1,
C726,1674,C726,-,E8,F5,46,0,0,0,7,0,1,3,00,00,01,C726,,,730,1,
C726,1674,C726,-,E8,F5,46,0,0,0,7,0,1,3,00,00,01,C726,,,731,1,
C726,1674,C726,-,E8,F5,46,0,0,0,7,0,1,3,00,00,01,C726,,,732,1,
OBJECT,1674,C74C,-,E8,F5,46,0,0,0,7,0,1,3,00,00,01,41,$0229,26,732,1,
OBJECT,1674,C74C,-,E8,F5,46,0,0,0,7,0,1,3,00,00,01,42,$022A,5E,732,1,
OBJECT,1674,C74C,-,E8,F5,46,0,0,0,7,0,1,3,00,00,01,43,$022B,45,732,1,
OBJECT,1674,C74C,-,E8,F5,46,0,0,0,7,0,1,3,00,00,01,44,$022C,01,732,1,
OBJECT,1674,C74C,-,E8,F5,46,0,0,0,7,0,1,3,00,00,01,45,$022D,4B,732,1,
OBJECT,1674,C74C,-,E8,F5,46,0,0,0,7,0,1,3,00,00,01,46,$022E,48,732,1,
OBJECT,1674,C74C,-,E8,F5,46,0,0,0,7,0,1,3,00,00,01,47,$022F,46,732,1,
OBJECT,1674,C74C,-,E8,F5,46,0,0,0,7,0,1,3,00,00,01,48,$0230,09,732,1,
FRAME,1674,C74C,-,E8,F5,46,0,0,0,7,0,1,3,00,00,01,,,,,732,1,
RNG,1675,C535,-,E8,F5,46,0,0,0,7,1,2,3,00,00,01,C535,,,732,1,
FRAME,1675,C74E,-,8D,E3,47,1,1,5,6,1,2,3,00,00,01,,,,,732,1,
RNG,1676,C535,-,8D,E3,47,1,1,5,6,1,1,3,00,00,01,C535,,,732,1,
FRAME,1676,C74E,-,16,DA,48,0,2,6,5,1,1,3,00,00,01,,,,,732,1,
RNG,1677,C535,-,16,DA,48,0,2,6,5,1,1,3,00,00,01,C535,,,732,1,
FRAME,1677,C726,-,2E,DD,49,0,2,6,5,1,1,3,00,00,01,,,,,732,1,
C726,1678,C726,-,2E,DD,49,0,2,6,5,0,1,3,00,00,01,C726,,,733,1,
RNG,1678,C535,-,2E,DD,49,0,2,6,5,1,1,3,00,00,01,C535,,,733,1,
C726,1678,C726,-,97,86,4A,1,3,7,0,1,1,3,00,00,01,C726,,,734,1,
C726,1678,C726,-,97,86,4A,1,3,7,0,1,1,3,00,00,01,C726,,,735,1,
C726,1678,C726,-,97,86,4A,1,3,7,0,1,1,3,00,00,01,C726,,,736,1,
C726,1678,C726,-,97,86,4A,1,3,7,0,1,1,3,00,00,01,C726,,,737,1,
C726,1678,C726,-,97,86,4A,1,3,7,0,1,1,3,00,00,01,C726,,,738,1,
C726,1678,C726,-,97,86,4A,1,3,7,0,1,1,3,00,00,01,C726,,,739,1,
C726,1678,C726,-,97,86,4A,1,3,7,0,1,1,3,00,00,01,C726,,,740,1,
OBJECT,1678,C74C,-,97,86,4A,1,3,7,0,1,1,3,00,00,01,49,$0231,26,740,1,
OBJECT,1678,C74C,-,97,86,4A,1,3,7,0,1,1,3,00,00,01,50,$0232,5E,740,1,
OBJECT,1678,C74C,-,97,86,4A,1,3,7,0,1,1,3,00,00,01,51,$0233,45,740,1,
OBJECT,1678,C74C,-,97,86,4A,1,3,7,0,1,1,3,00,00,01,52,$0234,01,740,1,
OBJECT,1678,C74C,-,97,86,4A,1,3,7,0,1,1,3,00,00,01,53,$0235,4B,740,1,
OBJECT,1678,C74C,-,97,86,4A,1,3,7,0,1,1,3,00,00,01,54,$0236,48,740,1,
OBJECT,1678,C74C,-,97,86,4A,1,3,7,0,1,1,3,00,00,01,55,$0237,46,740,1,
OBJECT,1678,C74C,-,97,86,4A,1,3,7,0,1,1,3,00,00,01,56,$0238,09,740,1,
FRAME,1678,C74C,-,97,86,4A,1,3,7,0,1,1,3,00,00,01,,,,,740,1,
RNG,1679,C535,-,97,86,4A,1,3,7,0,1,1,3,00,00,01,C535,,,740,1,
FRAME,1679,C74A,-,A7,B6,4B,1,3,7,3,1,1,3,00,00,01,,,,,740,1,
RNG,1680,C535,-,A7,B6,4B,1,3,7,3,1,1,3,00,00,01,C535,,,740,1,
FRAME,1680,C74C,-,C7,43,4C,1,3,7,4,1,1,3,00,00,01,,,,,740,1,
RNG,1681,C535,-,C7,43,4C,1,3,7,4,1,1,3,00,00,01,C535,,,740,1,
C726,1681,C726,-,ED,83,4D,1,1,5,0,1,1,3,00,00,01,C726,,,741,1,
C726,1681,C726,-,ED,83,4D,1,1,5,0,1,1,3,00,00,01,C726,,,742,1,
OBJECT,1681,C3BD,-,ED,83,4D,1,1,5,0,1,1,3,00,00,01,57,$0239,26,742,1,
OBJECT,1681,C3BD,-,ED,83,4D,1,1,5,0,1,1,3,00,00,01,58,$023A,5E,742,1,
FRAME,1681,C3BD,-,ED,83,4D,1,1,5,0,1,1,3,00,00,01,,,,,742,1,
C726,1682,C726,-,ED,83,4D,1,1,5,0,0,1,3,00,00,01,C726,,,743,1,
C726,1682,C726,-,ED,83,4D,1,1,5,0,0,1,3,00,00,01,C726,,,744,1,
C726,1682,C726,-,ED,83,4D,1,1,5,0,0,1,3,00,00,01,C726,,,745,1,
C726,1682,C726,-,ED,83,4D,1,1,5,0,0,1,3,00,00,01,C726,,,746,1,
C726,1682,C726,-,ED,83,4D,1,1,5,0,0,1,3,00,00,01,C726,,,747,1,
C726,1682,C726,-,ED,83,4D,1,1,5,0,0,1,3,00,00,01,C726,,,748,1,
OBJECT,1682,C74E,-,ED,83,4D,1,1,5,0,0,1,3,00,00,01,0,$0200,09,748,1,
OBJECT,1682,C74E,-,ED,83,4D,1,1,5,0,0,1,3,00,00,01,59,$023B,45,748,1,
OBJECT,1682,C74E,-,ED,83,4D,1,1,5,0,0,1,3,00,00,01,60,$023C,01,748,1,
OBJECT,1682,C74E,-,ED,83,4D,1,1,5,0,0,1,3,00,00,01,61,$023D,4B,748,1,
OBJECT,1682,C74E,-,ED,83,4D,1,1,5,0,0,1,3,00,00,01,62,$023E,48,748,1,
OBJECT,1682,C74E,-,ED,83,4D,1,1,5,0,0,1,3,00,00,01,63,$023F,46,748,1,
FRAME,1682,C74E,-,ED,83,4D,1,1,5,0,0,1,3,00,00,01,,,,,748,1,
RNG,1683,C535,-,ED,83,4D,1,1,5,0,1,2,3,00,00,01,C535,,,748,1,
FRAME,1683,C74C,-,B4,89,4E,0,0,4,0,1,2,3,00,00,01,,,,,748,1,
RNG,1684,C535,-,B4,89,4E,0,0,4,0,1,1,3,00,00,01,C535,,,748,1,
FRAME,1684,C74A,-,58,36,4F,0,0,0,3,1,1,3,00,00,01,,,,,748,1,
RNG,1685,C535,-,58,36,4F,0,0,0,3,1,1,3,00,00,01,C535,,,748,1,
C726,1685,C726,-,E2,2D,50,0,2,2,2,1,1,3,00,00,01,C726,,,749,1,
C726,1685,C726,-,E2,2D,50,0,2,2,2,1,1,3,00,00,01,C726,,,750,1,
C726,1685,C726,-,E2,2D,50,0,2,2,2,1,1,3,00,00,01,C726,,,751,1,
C726,1685,C726,-,E2,2D,50,0,2,2,2,1,1,3,00,00,01,C726,,,752,1,
OBJECT,1685,C1A4,-,E2,2D,50,0,2,2,2,1,1,3,00,00,01,1,$0201,26,752,1,
OBJECT,1685,C1A4,-,E2,2D,50,0,2,2,2,1,1,3,00,00,01,2,$0202,5E,752,1,
OBJECT,1685,C1A4,-,E2,2D,50,0,2,2,2,1,1,3,00,00,01,3,$0203,45,752,1,
OBJECT,1685,C1A4,-,E2,2D,50,0,2,2,2,1,1,3,00,00,01,4,$0204,01,752,1,
FRAME,1685,C1A4,-,E2,2D,50,0,2,2,2,1,1,3,00,00,01,,,,,752,1,
C726,1686,C726,-,E2,2D,50,0,2,2,2,0,1,3,00,00,01,C726,,,753,1,
C726,1686,C726,-,E2,2D,50,0,2,2,2,0,1,3,00,00,01,C726,,,754,1,
C726,1686,C726,-,E2,2D,50,0,2,2,2,0,1,3,00,00,01,C726,,,755,1,
C726,1686,C726,-,E2,2D,50,0,2,2,2,0,1,3,00,00,01,C726,,,756,1,
OBJECT,1686,C74E,-,E2,2D,50,0,2,2,2,0,1,3,00,00,01,5,$0205,4B,756,1,
OBJECT,1686,C74E,-,E2,2D,50,0,2,2,2,0,1,3,00,00,01,6,$0206,48,756,1,
OBJECT,1686,C74E,-,E2,2D,50,0,2,2,2,0,1,3,00,00,01,7,$0207,46,756,1,
OBJECT,1686,C74E,-,E2,2D,50,0,2,2,2,0,1,3,00,00,01,8,$0208,09,756,1,
FRAME,1686,C74E,-,E2,2D,50,0,2,2,2,0,1,3,00,00,01,,,,,756,1,
RNG,1687,C535,-,E2,2D,50,0,2,2,2,1,2,3,00,00,01,C535,,,756,1,
FRAME,1687,C74C,-,AA,30,51,0,2,2,3,1,2,3,00,00,01,,,,,756,1,
RNG,1688,C535,-,AA,30,51,0,2,2,3,1,1,3,00,00,01,C535,,,756,1,
FRAME,1688,C74E,-,72,F9,52,0,2,2,7,1,1,3,00,00,01,,,,,756,1,
RNG,1689,C535,-,72,F9,52,0,2,2,7,1,1,3,00,00,01,C535,,,756,1,
C726,1689,C726,-,3A,FB,53,0,2,2,7,1,1,3,00,00,01,C726,,,757,1,
C726,1689,C726,-,3A,FB,53,0,2,2,7,1,1,3,00,00,01,C726,,,758,1,
C726,1689,C726,-,3A,FB,53,0,2,2,7,1,1,3,00,00,01,C726,,,759,1,
C726,1689,C726,-,3A,FB,53,0,2,2,7,1,1,3,00,00,01,C726,,,760,1,
C726,1689,C726,-,3A,FB,53,0,2,2,7,1,1,3,00,00,01,C726,,,761,1,
OBJECT,1689,B24E,-,3A,FB,53,0,2,2,7,1,1,3,00,00,01,9,$0209,26,761,1,
OBJECT,1689,B24E,-,3A,FB,53,0,2,2,7,1,1,3,00,00,01,10,$020A,5E,761,1,
OBJECT,1689,B24E,-,3A,FB,53,0,2,2,7,1,1,3,00,00,01,11,$020B,45,761,1,
OBJECT,1689,B24E,-,3A,FB,53,0,2,2,7,1,1,3,00,00,01,12,$020C,01,761,1,
OBJECT,1689,B24E,-,3A,FB,53,0,2,2,7,1,1,3,00,00,01,13,$020D,4B,761,1,
FRAME,1689,B24E,-,3A,FB,53,0,2,2,7,1,1,3,00,00,01,,,,,761,1,
RNG,1690,C535,-,3A,FB,53,0,2,2,7,1,1,3,00,00,01,C535,,,761,1,
C726,1690,C726,-,02,CB,54,0,2,2,4,1,1,3,00,00,01,C726,,,762,1,
C726,1690,C726,-,02,CB,54,0,2,2,4,1,1,3,00,00,01,C726,,,763,1,
C726,1690,C726,-,02,CB,54,0,2,2,4,1,1,3,00,00,01,C726,,,764,1,
OBJECT,1690,C74C,-,02,CB,54,0,2,2,4,1,1,3,00,00,01,14,$020E,48,764,1,
OBJECT,1690,C74C,-,02,CB,54,0,2,2,4,1,1,3,00,00,01,15,$020F,46,764,1,
OBJECT,1690,C74C,-,02,CB,54,0,2,2,4,1,1,3,00,00,01,16,$0210,09,764,1,
FRAME,1690,C74C,-,02,CB,54,0,2,2,4,1,1,3,00,00,01,,,,,764,1,
RNG,1691,C535,-,02,CB,54,0,2,2,4,1,1,3,00,00,01,C535,,,764,1,
FRAME,1691,C74E,-,A8,DE,55,0,0,0,5,1,1,3,00,00,01,,,,,764,1,
RNG,1692,C535,-,A8,DE,55,0,0,0,5,1,1,3,00,00,01,C535,,,764,1,
FRAME,1692,C74A,-,31,FE,56,1,1,1,7,1,1,3,00,00,01,,,,,764,1,
RNG,1693,C535,-,31,FE,56,1,1,1,7,1,1,3,00,00,01,C535,,,764,1,
C726,1693,C726,-,19,7B,57,1,1,1,7,1,1,3,00,00,01,C726,,,765,1,
C726,1693,C726,-,19,7B,57,1,1,1,7,1,1,3,00,00,01,C726,,,766,1,
C726,1693,C726,-,19,7B,57,1,1,1,7,1,1,3,00,00,01,C726,,,767,1,
C726,1693,C726,-,19,7B,57,1,1,1,7,1,1,3,00,00,01,C726,,,768,1,
C726,1693,C726,-,19,7B,57,1,1,1,7,1,1,3,00,00,01,C726,,,769,1,
C726,1693,C726,-,19,7B,57,1,1,1,7,1,1,3,00,00,01,C726,,,770,1,
C726,1693,C726,-,19,7B,57,1,1,1,7,1,1,3,00,00,01,C726,,,771,1,
C726,1693,C726,-,19,7B,57,1,1,1,7,1,1,3,00,00,01,C726,,,772,1,
OBJECT,1693,C74A,-,19,7B,57,1,1,1,7,1,1,3,00,00,01,17,$0211,26,772,1,
OBJECT,1693,C74A,-,19,7B,57,1,1,1,7,1,1,3,00,00,01,18,$0212,5E,772,1,
OBJECT,1693,C74A,-,19,7B,57,1,1,1,7,1,1,3,00,00,01,19,$0213,45,772,1,
OBJECT,1693,C74A,-,19,7B,57,1,1,1,7,1,1,3,00,00,01,20,$0214,01,772,1,
OBJECT,1693,C74A,-,19,7B,57,1,1,1,7,1,1,3,00,00,01,21,$0215,4B,772,1,
OBJECT,1693,C74A,-,19,7B,57,1,1,1,7,1,1,3,00,00,01,22,$0216,48,772,1,
OBJECT,1693,C74A,-,19,7B,57,1,1,1,7,1,1,3,00,00,01,23,$0217,46,772,1,
OBJECT,1693,C74A,-,19,7B,57,1,1,1,7,1,1,3,00,00,01,24,$0218,09,772,1,
FRAME,1693,C74A,-,19,7B,57,1,1,1,7,1,1,3,00,00,01,,,,,772,1,
RNG,1694,C535,-,19,7B,57,1,1,1,7,1,1,3,00,00,01,C535,,,772,1,
FRAME,1694,C74A,-,F9,5F,58,1,1,1,5,1,1,3,00,00,01,,,,,772,1,
RNG,1695,C535,-,F9,5F,58,1,1,1,5,1,1,3,00,00,01,C535,,,772,1,
FRAME,1695,C74C,-,FC,01,59,0,0,4,0,1,1,3,00,00,01,,,,,772,1,
RNG,1696,C535,-,FC,01,59,0,0,4,0,1,1,3,00,00,01,C535,,,772,1,
FRAME,1696,C74C,-,CC,59,5A,0,0,4,5,1,1,3,00,00,01,,,,,772,1,
RNG,1697,C535,-,CC,59,5A,0,0,4,5,1,1,3,00,00,01,C535,,,772,1,
C726,1697,C726,-,93,79,5B,1,3,3,7,1,1,3,00,00,01,C726,,,773,1,
C726,1697,C726,-,93,79,5B,1,3,3,7,1,1,3,00,00,01,C726,,,774,1,
C726,1697,C726,-,93,79,5B,1,3,3,7,1,1,3,00,00,01,C726,,,775,1,
C726,1697,C726,-,93,79,5B,1,3,3,7,1,1,3,00,00,01,C726,,,776,1,
C726,1697,C726,-,93,79,5B,1,3,3,7,1,1,3,00,00,01,C726,,,777,1,
C726,1697,C726,-,93,79,5B,1,3,3,7,1,1,3,00,00,01,C726,,,778,1,
C726,1697,C726,-,93,79,5B,1,3,3,7,1,1,3,00,00,01,C726,,,779,1,
C726,1697,C726,-,93,79,5B,1,3,3,7,1,1,3,00,00,01,C726,,,780,1,
OBJECT,1697,C74C,-,93,79,5B,1,3,3,7,1,1,3,00,00,01,25,$0219,26,780,1,
OBJECT,1697,C74C,-,93,79,5B,1,3,3,7,1,1,3,00,00,01,26,$021A,5E,780,1,
OBJECT,1697,C74C,-,93,79,5B,1,3,3,7,1,1,3,00,00,01,27,$021B,45,780,1,
OBJECT,1697,C74C,-,93,79,5B,1,3,3,7,1,1,3,00,00,01,28,$021C,01,780,1,
OBJECT,1697,C74C,-,93,79,5B,1,3,3,7,1,1,3,00,00,01,29,$021D,4B,780,1,
OBJECT,1697,C74C,-,93,79,5B,1,3,3,7,1,1,3,00,00,01,30,$021E,48,780,1,
OBJECT,1697,C74C,-,93,79,5B,1,3,3,7,1,1,3,00,00,01,31,$021F,46,780,1,
OBJECT,1697,C74C,-,93,79,5B,1,3,3,7,1,1,3,00,00,01,32,$0220,09,780,1,
FRAME,1697,C74C,-,93,79,5B,1,3,3,7,1,1,3,00,00,01,,,,,780,1,
RNG,1698,C535,-,93,79,5B,1,3,3,7,1,1,3,00,00,01,C535,,,780,1,
FRAME,1698,C74A,-,F3,97,5C,1,3,3,1,1,1,3,00,00,01,,,,,780,1,
RNG,1699,C535,-,F3,97,5C,1,3,3,1,1,1,3,00,00,01,C535,,,780,1,
FRAME,1699,C74C,-,95,79,5D,1,1,5,7,1,1,3,00,00,01,,,,,780,1,
RNG,1700,C535,-,95,79,5D,1,1,5,7,1,1,3,00,00,01,C535,,,780,1,
FRAME,1700,C74C,-,95,C5,5E,1,1,5,4,1,1,3,00,00,01,,,,,780,1,
RNG,1701,C535,-,95,C5,5E,1,1,5,4,1,1,3,00,00,01,C535,,,780,1,
C726,1701,C726,-,32,89,5F,0,2,2,0,1,1,3,00,00,01,C726,,,781,1,
C726,1701,C726,-,32,89,5F,0,2,2,0,1,1,3,00,00,01,C726,,,782,1,
C726,1701,C726,-,32,89,5F,0,2,2,0,1,1,3,00,00,01,C726,,,783,1,
C726,1701,C726,-,32,89,5F,0,2,2,0,1,1,3,00,00,01,C726,,,784,1,
C726,1701,C726,-,32,89,5F,0,2,2,0,1,1,3,00,00,01,C726,,,785,1,
C726,1701,C726,-,32,89,5F,0,2,2,0,1,1,3,00,00,01,C726,,,786,1,
C726,1701,C726,-,32,89,5F,0,2,2,0,1,1,3,00,00,01,C726,,,787,1,
C726,1701,C726,-,32,89,5F,0,2,2,0,1,1,3,00,00,01,C726,,,788,1,
OBJECT,1701,C74E,-,32,89,5F,0,2,2,0,1,1,3,00,00,01,33,$0221,26,788,1,
OBJECT,1701,C74E,-,32,89,5F,0,2,2,0,1,1,3,00,00,01,34,$0222,5E,788,1,
OBJECT,1701,C74E,-,32,89,5F,0,2,2,0,1,1,3,00,00,01,35,$0223,45,788,1,
OBJECT,1701,C74E,-,32,89,5F,0,2,2,0,1,1,3,00,00,01,36,$0224,01,788,1,
OBJECT,1701,C74E,-,32,89,5F,0,2,2,0,1,1,3,00,00,01,37,$0225,4B,788,1,
OBJECT,1701,C74E,-,32,89,5F,0,2,2,0,1,1,3,00,00,01,38,$0226,48,788,1,
OBJECT,1701,C74E,-,32,89,5F,0,2,2,0,1,1,3,00,00,01,39,$0227,46,788,1,
OBJECT,1701,C74E,-,32,89,5F,0,2,2,0,1,1,3,00,00,01,40,$0228,09,788,1,
FRAME,1701,C74E,-,32,89,5F,0,2,2,0,1,1,3,00,00,01,,,,,788,1,
RNG,1702,C535,-,32,89,5F,0,2,2,0,1,1,3,00,00,01,C535,,,788,1,
FRAME,1702,C74A,-,E4,1E,60,0,0,4,1,1,1,3,00,00,01,,,,,788,1,
RNG,1703,C535,-,E4,1E,60,0,0,4,1,1,1,3,00,00,01,C535,,,788,1,
FRAME,1703,C74C,-,EB,4A,61,1,3,3,4,1,1,3,00,00,01,,,,,788,1,
RNG,1704,C535,-,EB,4A,61,1,3,3,4,1,1,3,00,00,01,C535,,,788,1,
C726,1704,C726,-,D3,22,62,1,3,3,2,1,1,3,00,00,01,C726,,,789,1,
C726,1704,C726,-,D3,22,62,1,3,3,2,1,1,3,00,00,01,C726,,,790,1,
OBJECT,1704,B24F,-,D3,22,62,1,3,3,2,1,1,3,00,00,01,41,$0229,26,790,1,
OBJECT,1704,B24F,-,D3,22,62,1,3,3,2,1,1,3,00,00,01,42,$022A,5E,790,1,
FRAME,1704,B24F,-,D3,22,62,1,3,3,2,1,1,3,00,00,01,,,,,790,1,
RNG,1705,C535,-,D3,22,62,1,3,3,2,1,1,3,00,00,01,C535,,,790,1,
C726,1705,C726,-,BB,21,63,1,3,3,2,1,1,3,00,00,01,C726,,,791,1,
C726,1705,C726,-,BB,21,63,1,3,3,2,1,1,3,00,00,01,C726,,,792,1,
C726,1705,C726,-,BB,21,63,1,3,3,2,1,1,3,00,00,01,C726,,,793,1,
C726,1705,C726,-,BB,21,63,1,3,3,2,1,1,3,00,00,01,C726,,,794,1,
C726,1705,C726,-,BB,21,63,1,3,3,2,1,1,3,00,00,01,C726,,,795,1,
C726,1705,C726,-,BB,21,63,1,3,3,2,1,1,3,00,00,01,C726,,,796,1,
OBJECT,1705,C74C,-,BB,21,63,1,3,3,2,1,1,3,00,00,01,43,$022B,45,796,1,
OBJECT,1705,C74C,-,BB,21,63,1,3,3,2,1,1,3,00,00,01,44,$022C,01,796,1,
OBJECT,1705,C74C,-,BB,21,63,1,3,3,2,1,1,3,00,00,01,45,$022D,4B,796,1,
OBJECT,1705,C74C,-,BB,21,63,1,3,3,2,1,1,3,00,00,01,46,$022E,48,796,1,
OBJECT,1705,C74C,-,BB,21,63,1,3,3,2,1,1,3,00,00,01,47,$022F,46,796,1,
OBJECT,1705,C74C,-,BB,21,63,1,3,3,2,1,1,3,00,00,01,48,$0230,09,796,1,
FRAME,1705,C74C,-,BB,21,63,1,3,3,2,1,1,3,00,00,01,,,,,796,1,
RNG,1706,C535,-,BB,21,63,1,3,3,2,1,1,3,00,00,01,C535,,,796,1,
FRAME,1706,C74A,-,A3,11,64,1,3,3,1,1,1,3,00,00,01,,,,,796,1,
RNG,1707,C535,-,A3,11,64,1,3,3,1,1,1,3,00,00,01,C535,,,796,1,
FRAME,1707,C74C,-,8B,14,65,1,3,3,1,1,1,3,00,00,01,,,,,796,1,
RNG,1708,C535,-,8B,14,65,1,3,3,1,1,1,3,00,00,01,C535,,,796,1,
C726,1708,C726,-,6B,34,66,1,3,3,3,1,1,3,00,00,01,C726,,,797,1,
C726,1708,C726,-,6B,34,66,1,3,3,3,1,1,3,00,00,01,C726,,,798,1,
C726,1708,C726,-,6B,34,66,1,3,3,3,1,1,3,00,00,01,C726,,,799,1,
C726,1708,C726,-,6B,34,66,1,3,3,3,1,1,3,00,00,01,C726,,,800,1,
C726,1708,C726,-,6B,34,66,1,3,3,3,1,1,3,00,00,01,C726,,,801,1,
OBJECT,1708,B255,-,6B,34,66,1,3,3,3,1,1,3,00,00,01,49,$0231,26,801,1,
OBJECT,1708,B255,-,6B,34,66,1,3,3,3,1,1,3,00,00,01,50,$0232,5E,801,1,
OBJECT,1708,B255,-,6B,34,66,1,3,3,3,1,1,3,00,00,01,51,$0233,45,801,1,
OBJECT,1708,B255,-,6B,34,66,1,3,3,3,1,1,3,00,00,01,52,$0234,01,801,1,
OBJECT,1708,B255,-,6B,34,66,1,3,3,3,1,1,3,00,00,01,53,$0235,4B,801,1,
FRAME,1708,B255,-,6B,34,66,1,3,3,3,1,1,3,00,00,01,,,,,801,1,
RNG,1709,C535,-,6B,34,66,1,3,3,3,1,1,3,00,00,01,C535,,,801,1,
C726,1709,C726,-,83,1B,67,1,3,3,1,1,1,3,00,00,01,C726,,,802,1,
C726,1709,C726,-,83,1B,67,1,3,3,1,1,1,3,00,00,01,C726,,,803,1,
C726,1709,C726,-,83,1B,67,1,3,3,1,1,1,3,00,00,01,C726,,,804,1,
OBJECT,1709,C74A,-,83,1B,67,1,3,3,1,1,1,3,00,00,01,54,$0236,48,804,1,
OBJECT,1709,C74A,-,83,1B,67,1,3,3,1,1,1,3,00,00,01,55,$0237,46,804,1,
OBJECT,1709,C74A,-,83,1B,67,1,3,3,1,1,1,3,00,00,01,56,$0238,09,804,1,
FRAME,1709,C74A,-,83,1B,67,1,3,3,1,1,1,3,00,00,01,,,,,804,1,
RNG,1710,C535,-,83,1B,67,1,3,3,1,1,1,3,00,00,01,C535,,,804,1,
FRAME,1710,C74A,-,53,FE,68,1,3,3,7,1,1,3,00,00,01,,,,,804,1,
RNG,1711,C535,-,53,FE,68,1,3,3,7,1,1,3,00,00,01,C535,,,804,1,
FRAME,1711,C74C,-,48,EC,69,0,0,0,6,1,1,3,00,00,01,,,,,804,1,
RNG,1712,C535,-,48,EC,69,0,0,0,6,1,1,3,00,00,01,C535,,,804,1,
C726,1712,C726,-,A8,E0,6A,0,0,0,6,1,1,3,00,00,01,C726,,,805,1,
C726,1712,C726,-,A8,E0,6A,0,0,0,6,1,1,3,00,00,01,C726,,,806,1,
C726,1712,C726,-,A8,E0,6A,0,0,0,6,1,1,3,00,00,01,C726,,,807,1,
C726,1712,C726,-,A8,E0,6A,0,0,0,6,1,1,3,00,00,01,C726,,,808,1,
C726,1712,C726,-,A8,E0,6A,0,0,0,6,1,1,3,00,00,01,C726,,,809,1,
C726,1712,C726,-,A8,E0,6A,0,0,0,6,1,1,3,00,00,01,C726,,,810,1,
C726,1712,C726,-,A8,E0,6A,0,0,0,6,1,1,3,00,00,01,C726,,,811,1,
OBJECT,1712,C74E,-,A8,E0,6A,0,0,0,6,1,1,3,00,00,01,57,$0239,26,811,1,
OBJECT,1712,C74E,-,A8,E0,6A,0,0,0,6,1,1,3,00,00,01,58,$023A,5E,811,1,
OBJECT,1712,C74E,-,A8,E0,6A,0,0,0,6,1,1,3,00,00,01,59,$023B,45,811,1,
OBJECT,1712,C74E,-,A8,E0,6A,0,0,0,6,1,1,3,00,00,01,60,$023C,01,811,1,
OBJECT,1712,C74E,-,A8,E0,6A,0,0,0,6,1,1,3,00,00,01,61,$023D,4B,811,1,
OBJECT,1712,C74E,-,A8,E0,6A,0,0,0,6,1,1,3,00,00,01,62,$023E,48,811,1,
OBJECT,1712,C74E,-,A8,E0,6A,0,0,0,6,1,1,3,00,00,01,63,$023F,09,811,1,
FRAME,1712,C74E,-,A8,E0,6A,0,0,0,6,1,1,3,00,00,01,,,,,811,1,
RNG,1713,C535,-,A8,E0,6A,0,0,0,6,1,1,3,00,00,01,C535,,,811,1,
FRAME,1713,C74A,-,2D,E3,6B,1,1,5,6,1,1,3,00,00,01,,,,,811,1,
RNG,1714,C535,-,2D,E3,6B,1,1,5,6,1,1,3,00,00,01,C535,,,811,1,
FRAME,1714,C74C,-,B3,90,6C,1,3,3,1,1,1,3,00,00,01,,,,,811,1,
RNG,1715,C535,-,B3,90,6C,1,3,3,1,1,1,3,00,00,01,C535,,,811,1,
FRAME,1715,C74C,-,BD,84,6D,1,1,5,0,1,1,3,00,00,01,,,,,811,1,
RNG,1716,C535,-,BD,84,6D,1,1,5,0,1,1,3,00,00,01,C535,,,811,1,
C726,1716,C726,-,C7,87,6E,1,3,7,0,1,1,3,00,00,01,C726,,,812,1,
C726,1716,C726,-,C7,87,6E,1,3,7,0,1,1,3,00,00,01,C726,,,813,1,
C726,1716,C726,-,C7,87,6E,1,3,7,0,1,1,3,00,00,01,C726,,,814,1,
C726,1716,C726,-,C7,87,6E,1,3,7,0,1,1,3,00,00,01,C726,,,815,1,
C726,1716,C726,-,C7,87,6E,1,3,7,0,1,1,3,00,00,01,C726,,,816,1,
C726,1716,C726,-,C7,87,6E,1,3,7,0,1,1,3,00,00,01,C726,,,817,1,
C726,1716,C726,-,C7,87,6E,1,3,7,0,1,1,3,00,00,01,C726,,,818,1,
OBJECT,1716,C74A,-,C7,87,6E,1,3,7,0,1,1,3,00,00,01,0,$0200,26,818,1,
OBJECT,1716,C74A,-,C7,87,6E,1,3,7,0,1,1,3,00,00,01,1,$0201,5E,818,1,
OBJECT,1716,C74A,-,C7,87,6E,1,3,7,0,1,1,3,00,00,01,2,$0202,45,818,1,
OBJECT,1716,C74A,-,C7,87,6E,1,3,7,0,1,1,3,00,00,01,3,$0203,01,818,1,
OBJECT,1716,C74A,-,C7,87,6E,1,3,7,0,1,1,3,00,00,01,4,$0204,4B,818,1,
OBJECT,1716,C74A,-,C7,87,6E,1,3,7,0,1,1,3,00,00,01,5,$0205,48,818,1,
OBJECT,1716,C74A,-,C7,87,6E,1,3,7,0,1,1,3,00,00,01,6,$0206,09,818,1,
FRAME,1716,C74A,-,C7,87,6E,1,3,7,0,1,1,3,00,00,01,,,,,818,1,
RNG,1717,C535,-,C7,87,6E,1,3,7,0,1,1,3,00,00,01,C535,,,818,1,
FRAME,1717,C74C,-,DF,50,6F,1,3,7,5,1,1,3,00,00,01,,,,,818,1,
RNG,1718,C535,-,DF,50,6F,1,3,7,5,1,1,3,00,00,01,C535,,,818,1,
FRAME,1718,C74C,-,44,57,70,0,0,4,5,1,1,3,00,00,01,,,,,818,1,
RNG,1719,C535,-,44,57,70,0,0,4,5,1,1,3,00,00,01,C535,,,818,1,
FRAME,1719,C74E,-,CA,27,71,0,2,2,2,1,1,3,00,00,01,,,,,818,1,
RNG,1720,C535,-,CA,27,71,0,2,2,2,1,1,3,00,00,01,C535,,,818,1,
C726,1720,C726,-,2F,33,72,1,3,7,3,1,1,3,00,00,01,C726,,,819,1,
C726,1720,C726,-,2F,33,72,1,3,7,3,1,1,3,00,00,01,C726,,,820,1,
C726,1720,C726,-,2F,33,72,1,3,7,3,1,1,3,00,00,01,C726,,,821,1,
C726,1720,C726,-,2F,33,72,1,3,7,3,1,1,3,00,00,01,C726,,,822,1,
C726,1720,C726,-,2F,33,72,1,3,7,3,1,1,3,00,00,01,C726,,,823,1,
C726,1720,C726,-,2F,33,72,1,3,7,3,1,1,3,00,00,01,C726,,,824,1,
C726,1720,C726,-,2F,33,72,1,3,7,3,1,1,3,00,00,01,C726,,,825,1,
OBJECT,1720,C74E,-,2F,33,72,1,3,7,3,1,1,3,00,00,01,7,$0207,26,825,1,
OBJECT,1720,C74E,-,2F,33,72,1,3,7,3,1,1,3,00,00,01,8,$0208,5E,825,1,
OBJECT,1720,C74E,-,2F,33,72,1,3,7,3,1,1,3,00,00,01,9,$0209,45,825,1,
OBJECT,1720,C74E,-,2F,33,72,1,3,7,3,1,1,3,00,00,01,10,$020A,01,825,1,
OBJECT,1720,C74E,-,2F,33,72,1,3,7,3,1,1,3,00,00,01,11,$020B,4B,825,1,
OBJECT,1720,C74E,-,2F,33,72,1,3,7,3,1,1,3,00,00,01,12,$020C,48,825,1,
OBJECT,1720,C74E,-,2F,33,72,1,3,7,3,1,1,3,00,00,01,13,$020D,09,825,1,
FRAME,1720,C74E,-,2F,33,72,1,3,7,3,1,1,3,00,00,01,,,,,825,1,
RNG,1721,C535,-,2F,33,72,1,3,7,3,1,1,3,00,00,01,C535,,,825,1,
FRAME,1721,C74A,-,B5,DC,73,1,1,5,5,1,1,3,00,00,01,,,,,825,1,
RNG,1722,C535,-,B5,DC,73,1,1,5,5,1,1,3,00,00,01,C535,,,825,1,
FRAME,1722,C74C,-,5F,DC,74,1,3,7,5,1,1,3,00,00,01,,,,,825,1,
RNG,1723,C535,-,5F,DC,74,1,3,7,5,1,1,3,00,00,01,C535,,,825,1,
FRAME,1723,C74A,-,0C,69,75,0,0,4,6,1,1,3,00,00,01,,,,,825,1,
RNG,1724,C535,-,0C,69,75,0,0,4,6,1,1,3,00,00,01,C535,,,825,1,
C726,1724,C726,-,17,5D,76,1,3,7,5,1,1,3,00,00,01,C726,,,826,1,
C726,1724,C726,-,17,5D,76,1,3,7,5,1,1,3,00,00,01,C726,,,827,1,
C726,1724,C726,-,17,5D,76,1,3,7,5,1,1,3,00,00,01,C726,,,828,1,
C726,1724,C726,-,17,5D,76,1,3,7,5,1,1,3,00,00,01,C726,,,829,1,
C726,1724,C726,-,17,5D,76,1,3,7,5,1,1,3,00,00,01,C726,,,830,1,
C726,1724,C726,-,17,5D,76,1,3,7,5,1,1,3,00,00,01,C726,,,831,1,
C726,1724,C726,-,17,5D,76,1,3,7,5,1,1,3,00,00,01,C726,,,832,1,
OBJECT,1724,C74C,-,17,5D,76,1,3,7,5,1,1,3,00,00,01,14,$020E,26,832,1,
OBJECT,1724,C74C,-,17,5D,76,1,3,7,5,1,1,3,00,00,01,15,$020F,5E,832,1,
OBJECT,1724,C74C,-,17,5D,76,1,3,7,5,1,1,3,00,00,01,16,$0210,45,832,1,
OBJECT,1724,C74C,-,17,5D,76,1,3,7,5,1,1,3,00,00,01,17,$0211,01,832,1,
OBJECT,1724,C74C,-,17,5D,76,1,3,7,5,1,1,3,00,00,01,18,$0212,4B,832,1,
OBJECT,1724,C74C,-,17,5D,76,1,3,7,5,1,1,3,00,00,01,19,$0213,48,832,1,
OBJECT,1724,C74C,-,17,5D,76,1,3,7,5,1,1,3,00,00,01,20,$0214,09,832,1,
FRAME,1724,C74C,-,17,5D,76,1,3,7,5,1,1,3,00,00,01,,,,,832,1,
RNG,1725,C535,-,17,5D,76,1,3,7,5,1,1,3,00,00,01,C535,,,832,1,
FRAME,1725,C74E,-,1A,60,77,0,2,2,6,1,1,3,00,00,01,,,,,832,1,
RNG,1726,C535,-,1A,60,77,0,2,2,6,1,1,3,00,00,01,C535,,,832,1,
FRAME,1726,C74A,-,A7,05,78,1,3,7,0,1,1,3,00,00,01,,,,,832,1,
RNG,1727,C535,-,A7,05,78,1,3,7,0,1,1,3,00,00,01,C535,,,832,1,
C726,1727,C726,-,57,E4,79,1,3,7,6,1,1,3,00,00,01,C726,,,833,1,
C726,1727,C726,-,57,E4,79,1,3,7,6,1,1,3,00,00,01,C726,,,834,1,
OBJECT,1727,FB57,-,57,E4,79,1,3,7,6,1,1,3,00,00,01,21,$0215,26,834,1,
OBJECT,1727,FB57,-,57,E4,79,1,3,7,6,1,1,3,00,00,01,22,$0216,5E,834,1,
FRAME,1727,FB57,-,57,E4,79,1,3,7,6,1,1,3,00,00,01,,,,,834,1,
RNG,1728,C535,-,57,E4,79,1,3,7,6,1,1,3,00,00,01,C535,,,834,1,
C726,1728,C726,-,5E,0D,7A,0,2,6,0,1,1,3,00,00,01,C726,,,835,1,
C726,1728,C726,-,5E,0D,7A,0,2,6,0,1,1,3,00,00,01,C726,,,836,1,
C726,1728,C726,-,5E,0D,7A,0,2,6,0,1,1,3,00,00,01,C726,,,837,1,
C726,1728,C726,-,5E,0D,7A,0,2,6,0,1,1,3,00,00,01,C726,,,838,1,
C726,1728,C726,-,5E,0D,7A,0,2,6,0,1,1,3,00,00,01,C726,,,839,1,
OBJECT,1728,C74E,-,5E,0D,7A,0,2,6,0,1,1,3,00,00,01,23,$0217,45,839,1,
OBJECT,1728,C74E,-,5E,0D,7A,0,2,6,0,1,1,3,00,00,01,24,$0218,01,839,1,
OBJECT,1728,C74E,-,5E,0D,7A,0,2,6,0,1,1,3,00,00,01,25,$0219,4B,839,1,
OBJECT,1728,C74E,-,5E,0D,7A,0,2,6,0,1,1,3,00,00,01,26,$021A,48,839,1,
OBJECT,1728,C74E,-,5E,0D,7A,0,2,6,0,1,1,3,00,00,01,27,$021B,09,839,1,
FRAME,1728,C74E,-,5E,0D,7A,0,2,6,0,1,1,3,00,00,01,,,,,839,1,
RNG,1729,C535,-,5E,0D,7A,0,2,6,0,1,1,3,00,00,01,C535,,,839,1,
FRAME,1729,C74C,-,EB,0E,7B,1,3,3,0,1,1,3,00,00,01,,,,,839,1,
RNG,1730,C535,-,EB,0E,7B,1,3,3,0,1,1,3,00,00,01,C535,,,839,1,
FRAME,1730,C74C,-,9F,9B,7C,1,3,7,1,1,1,3,00,00,01,,,,,839,1,
RNG,1731,C535,-,9F,9B,7C,1,3,7,1,1,1,3,00,00,01,C535,,,839,1,
C726,1731,C726,-,A6,90,7D,0,2,6,1,1,1,3,00,00,01,C726,,,840,1,
C726,1731,C726,-,A6,90,7D,0,2,6,1,1,1,3,00,00,01,C726,,,841,1,
C726,1731,C726,-,A6,90,7D,0,2,6,1,1,1,3,00,00,01,C726,,,842,1,
C726,1731,C726,-,A6,90,7D,0,2,6,1,1,1,3,00,00,01,C726,,,843,1,
OBJECT,1731,C160,-,A6,90,7D,0,2,6,1,1,1,3,00,00,01,28,$021C,26,843,1,
OBJECT,1731,C160,-,A6,90,7D,0,2,6,1,1,1,3,00,00,01,29,$021D,5E,843,1,
OBJECT,1731,C160,-,A6,90,7D,0,2,6,1,1,1,3,00,00,01,30,$021E,45,843,1,
OBJECT,1731,C160,-,A6,90,7D,0,2,6,1,1,1,3,00,00,01,31,$021F,01,843,1,
FRAME,1731,C160,-,A6,90,7D,0,2,6,1,1,1,3,00,00,01,,,,,843,1,
C726,1732,C726,-,A6,90,7D,0,2,6,1,0,1,3,00,00,01,C726,,,844,1,
C726,1732,C726,-,A6,90,7D,0,2,6,1,0,1,3,00,00,01,C726,,,845,1,
OBJECT,1732,C74C,-,A6,90,7D,0,2,6,1,0,1,3,00,00,01,32,$0220,4B,845,1,
OBJECT,1732,C74C,-,A6,90,7D,0,2,6,1,0,1,3,00,00,01,33,$0221,09,845,1,
FRAME,1732,C74C,-,A6,90,7D,0,2,6,1,0,1,3,00,00,01,,,,,845,1,
RNG,1733,C535,-,A6,90,7D,0,2,6,1,1,2,3,00,00,01,C535,,,845,1,
FRAME,1733,C74E,-,BE,93,7E,0,2,6,1,1,2,3,00,00,01,,,,,845,1,
RNG,1734,C535,-,BE,93,7E,0,2,6,1,1,1,3,00,00,01,C535,,,845,1,
FRAME,1734,C74A,-,27,40,7F,1,3,7,4,1,1,3,00,00,01,,,,,845,1,
RNG,1735,C535,-,27,40,7F,1,3,7,4,1,1,3,00,00,01,C535,,,845,1,
C726,1735,C726,-,2F,35,80,1,3,7,3,1,1,3,00,00,01,C726,,,846,1,
OBJECT,1735,E05F,-,2F,35,80,1,3,7,3,1,1,3,00,00,01,34,$0222,26,846,1,
FRAME,1735,E05F,-,2F,35,80,1,3,7,3,1,1,3,00,00,01,,,,,846,1,
RNG,1736,C535,-,2F,35,80,1,3,7,3,1,1,3,00,00,01,C535,,,846,1,
C726,1736,C726,-,BC,38,81,0,0,4,3,1,1,3,00,00,01,C726,,,847,1,
C726,1736,C726,-,BC,38,81,0,0,4,3,1,1,3,00,00,01,C726,,,848,1,
C726,1736,C726,-,BC,38,81,0,0,4,3,1,1,3,00,00,01,C726,,,849,1,
C726,1736,C726,-,BC,38,81,0,0,4,3,1,1,3,00,00,01,C726,,,850,1,
C726,1736,C726,-,BC,38,81,0,0,4,3,1,1,3,00,00,01,C726,,,851,1,
OBJECT,1736,C74E,-,BC,38,81,0,0,4,3,1,1,3,00,00,01,35,$0223,5E,851,1,
OBJECT,1736,C74E,-,BC,38,81,0,0,4,3,1,1,3,00,00,01,36,$0224,45,851,1,
OBJECT,1736,C74E,-,BC,38,81,0,0,4,3,1,1,3,00,00,01,37,$0225,01,851,1,
OBJECT,1736,C74E,-,BC,38,81,0,0,4,3,1,1,3,00,00,01,38,$0226,4B,851,1,
OBJECT,1736,C74E,-,BC,38,81,0,0,4,3,1,1,3,00,00,01,39,$0227,09,851,1,
FRAME,1736,C74E,-,BC,38,81,0,0,4,3,1,1,3,00,00,01,,,,,851,1,
RNG,1737,C535,-,BC,38,81,0,0,4,3,1,1,3,00,00,01,C535,,,851,1,
FRAME,1737,C74E,-,74,28,82,0,0,4,2,1,1,3,00,00,01,,,,,851,1,
RNG,1738,C535,-,74,28,82,0,0,4,2,1,1,3,00,00,01,C535,,,851,1,
FRAME,1738,C74C,-,7B,2B,83,1,3,3,2,1,1,3,00,00,01,,,,,851,1,
RNG,1739,C535,-,7B,2B,83,1,3,3,2,1,1,3,00,00,01,C535,,,851,1,
FRAME,1739,C74E,-,08,77,84,0,0,0,7,1,1,3,00,00,01,,,,,851,1,
RNG,1740,C535,-,08,77,84,0,0,0,7,1,1,3,00,00,01,C535,,,851,1,
C726,1740,C726,-,C4,25,85,0,0,4,2,1,1,3,00,00,01,C726,,,852,1,
C726,1740,C726,-,C4,25,85,0,0,4,2,1,1,3,00,00,01,C726,,,853,1,
C726,1740,C726,-,C4,25,85,0,0,4,2,1,1,3,00,00,01,C726,,,854,1,
C726,1740,C726,-,C4,25,85,0,0,4,2,1,1,3,00,00,01,C726,,,855,1,
C726,1740,C726,-,C4,25,85,0,0,4,2,1,1,3,00,00,01,C726,,,856,1,
C726,1740,C726,-,C4,25,85,0,0,4,2,1,1,3,00,00,01,C726,,,857,1,
OBJECT,1740,C74E,-,C4,25,85,0,0,4,2,1,1,3,00,00,01,40,$0228,26,857,1,
OBJECT,1740,C74E,-,C4,25,85,0,0,4,2,1,1,3,00,00,01,41,$0229,5E,857,1,
OBJECT,1740,C74E,-,C4,25,85,0,0,4,2,1,1,3,00,00,01,42,$022A,45,857,1,
OBJECT,1740,C74E,-,C4,25,85,0,0,4,2,1,1,3,00,00,01,43,$022B,01,857,1,
OBJECT,1740,C74E,-,C4,25,85,0,0,4,2,1,1,3,00,00,01,44,$022C,4B,857,1,
OBJECT,1740,C74E,-,C4,25,85,0,0,4,2,1,1,3,00,00,01,45,$022D,09,857,1,
FRAME,1740,C74E,-,C4,25,85,0,0,4,2,1,1,3,00,00,01,,,,,857,1,
RNG,1741,C535,-,C4,25,85,0,0,4,2,1,1,3,00,00,01,C535,,,857,1,
FRAME,1741,C74A,-,CB,BA,86,1,3,3,3,1,1,3,00,00,01,,,,,857,1,
RNG,1742,C535,-,CB,BA,86,1,3,3,3,1,1,3,00,00,01,C535,,,857,1,
FRAME,1742,C74E,-,E3,5C,87,1,3,3,5,1,1,3,00,00,01,,,,,857,1,
RNG,1743,C535,-,E3,5C,87,1,3,3,5,1,1,3,00,00,01,C535,,,857,1,
FRAME,1743,C74A,-,4C,5C,88,0,0,4,5,1,1,3,00,00,01,,,,,857,1,
RNG,1744,C535,-,4C,5C,88,0,0,4,5,1,1,3,00,00,01,C535,,,857,1,
C726,1744,C726,-,54,19,89,0,0,4,1,1,1,3,00,00,01,C726,,,858,1,
C726,1744,C726,-,54,19,89,0,0,4,1,1,1,3,00,00,01,C726,,,859,1,
C726,1744,C726,-,54,19,89,0,0,4,1,1,1,3,00,00,01,C726,,,860,1,
C726,1744,C726,-,54,19,89,0,0,4,1,1,1,3,00,00,01,C726,,,861,1,
OBJECT,1744,D0B4,-,54,19,89,0,0,4,1,1,1,3,00,00,01,46,$022E,26,861,1,
OBJECT,1744,D0B4,-,54,19,89,0,0,4,1,1,1,3,00,00,01,47,$022F,5E,861,1,
OBJECT,1744,D0B4,-,54,19,89,0,0,4,1,1,1,3,00,00,01,48,$0230,45,861,1,
OBJECT,1744,D0B4,-,54,19,89,0,0,4,1,1,1,3,00,00,01,49,$0231,01,861,1,
FRAME,1744,D0B4,-,54,19,89,0,0,4,1,1,1,3,00,00,01,,,,,861,1,
RNG,1745,C535,-,54,19,89,0,0,4,1,1,1,3,00,00,01,C535,,,861,1,
C726,1745,C726,-,E1,E4,8A,1,1,1,6,1,1,3,00,00,01,C726,,,862,1,
C726,1745,C726,-,E1,E4,8A,1,1,1,6,1,1,3,00,00,01,C726,,,863,1,
OBJECT,1745,C74E,-,E1,E4,8A,1,1,1,6,1,1,3,00,00,01,50,$0232,4B,863,1,
OBJECT,1745,C74E,-,E1,E4,8A,1,1,1,6,1,1,3,00,00,01,51,$0233,09,863,1,
FRAME,1745,C74E,-,E1,E4,8A,1,1,1,6,1,1,3,00,00,01,,,,,863,1,
RNG,1746,C535,-,E1,E4,8A,1,1,1,6,1,1,3,00,00,01,C535,,,863,1,
FRAME,1746,C74C,-,A1,EB,8B,1,1,1,6,1,1,3,00,00,01,,,,,863,1,
RNG,1747,C535,-,A1,EB,8B,1,1,1,6,1,1,3,00,00,01,C535,,,863,1,
FRAME,1747,C74C,-,A8,03,8C,0,0,0,0,1,1,3,00,00,01,,,,,863,1,
RNG,1748,C535,-,A8,03,8C,0,0,0,0,1,1,3,00,00,01,C535,,,863,1,
C726,1748,C726,-,35,6C,8D,1,1,5,6,1,1,3,00,00,01,C726,,,864,1,
OBJECT,1748,E05F,-,35,6C,8D,1,1,5,6,1,1,3,00,00,01,52,$0234,26,864,1,
FRAME,1748,E05F,-,35,6C,8D,1,1,5,6,1,1,3,00,00,01,,,,,864,1,
RNG,1749,C535,-,35,6C,8D,1,1,5,6,1,1,3,00,00,01,C535,,,864,1,
C726,1749,C726,-,F9,70,8E,1,1,1,7,1,1,3,00,00,01,C726,,,865,1,
C726,1749,C726,-,F9,70,8E,1,1,1,7,1,1,3,00,00,01,C726,,,866,1,
C726,1749,C726,-,F9,70,8E,1,1,1,7,1,1,3,00,00,01,C726,,,867,1,
C726,1749,C726,-,F9,70,8E,1,1,1,7,1,1,3,00,00,01,C726,,,868,1,
C726,1749,C726,-,F9,70,8E,1,1,1,7,1,1,3,00,00,01,C726,,,869,1,
OBJECT,1749,C74E,-,F9,70,8E,1,1,1,7,1,1,3,00,00,01,53,$0235,5E,869,1,
OBJECT,1749,C74E,-,F9,70,8E,1,1,1,7,1,1,3,00,00,01,54,$0236,45,869,1,
OBJECT,1749,C74E,-,F9,70,8E,1,1,1,7,1,1,3,00,00,01,55,$0237,01,869,1,
OBJECT,1749,C74E,-,F9,70,8E,1,1,1,7,1,1,3,00,00,01,56,$0238,4B,869,1,
OBJECT,1749,C74E,-,F9,70,8E,1,1,1,7,1,1,3,00,00,01,57,$0239,09,869,1,
FRAME,1749,C74E,-,F9,70,8E,1,1,1,7,1,1,3,00,00,01,,,,,869,1,
RNG,1750,C535,-,F9,70,8E,1,1,1,7,1,1,3,00,00,01,C535,,,869,1,
FRAME,1750,C74C,-,00,0D,8F,0,0,0,0,1,1,3,00,00,01,,,,,869,1,
RNG,1751,C535,-,00,0D,8F,0,0,0,0,1,1,3,00,00,01,C535,,,869,1,
FRAME,1751,C74E,-,A0,D8,90,0,0,0,5,1,1,3,00,00,01,,,,,869,1,
RNG,1752,C535,-,A0,D8,90,0,0,0,5,1,1,3,00,00,01,C535,,,869,1,
C726,1752,C726,-,A0,DF,91,0,0,0,5,1,1,3,00,00,01,C726,,,870,1,
OBJECT,1752,E062,-,A0,DF,91,0,0,0,5,1,1,3,00,00,01,58,$023A,26,870,1,
FRAME,1752,E062,-,A0,DF,91,0,0,0,5,1,1,3,00,00,01,,,,,870,1,
RNG,1753,C535,-,A0,DF,91,0,0,0,5,1,1,3,00,00,01,C535,,,870,1,
C726,1753,C726,-,5D,C7,92,1,1,5,4,1,1,3,00,00,01,C726,,,871,1,
C726,1753,C726,-,5D,C7,92,1,1,5,4,1,1,3,00,00,01,C726,,,872,1,
C726,1753,C726,-,5D,C7,92,1,1,5,4,1,1,3,00,00,01,C726,,,873,1,
C726,1753,C726,-,5D,C7,92,1,1,5,4,1,1,3,00,00,01,C726,,,874,1,
C726,1753,C726,-,5D,C7,92,1,1,5,4,1,1,3,00,00,01,C726,,,875,1,
OBJECT,1753,C74A,-,5D,C7,92,1,1,5,4,1,1,3,00,00,01,59,$023B,5E,875,1,
OBJECT,1753,C74A,-,5D,C7,92,1,1,5,4,1,1,3,00,00,01,60,$023C,45,875,1,
OBJECT,1753,C74A,-,5D,C7,92,1,1,5,4,1,1,3,00,00,01,61,$023D,01,875,1,
OBJECT,1753,C74A,-,5D,C7,92,1,1,5,4,1,1,3,00,00,01,62,$023E,4B,875,1,
OBJECT,1753,C74A,-,5D,C7,92,1,1,5,4,1,1,3,00,00,01,63,$023F,09,875,1,
FRAME,1753,C74A,-,5D,C7,92,1,1,5,4,1,1,3,00,00,01,,,,,875,1,
RNG,1754,C535,-,5D,C7,92,1,1,5,4,1,1,3,00,00,01,C535,,,875,1,
FRAME,1754,C74A,-,59,AF,93,1,1,1,2,1,1,3,00,00,01,,,,,875,1,
RNG,1755,C535,-,59,AF,93,1,1,1,2,1,1,3,00,00,01,C535,,,875,1,
FRAME,1755,C74C,-,DA,97,94,0,2,2,1,1,1,3,00,00,01,,,,,875,1,
RNG,1756,C535,-,DA,97,94,0,2,2,1,1,1,3,00,00,01,C535,,,875,1,
FRAME,1756,C74A,-,AA,7F,95,0,2,2,7,1,1,3,00,00,01,,,,,875,1,
RNG,1757,C535,-,AA,7F,95,0,2,2,7,1,1,3,00,00,01,C535,,,875,1,
C726,1757,C726,-,AF,5F,96,1,3,7,5,1,1,3,00,00,01,C726,,,876,1,
C726,1757,C726,-,AF,5F,96,1,3,7,5,1,1,3,00,00,01,C726,,,877,1,
C726,1757,C726,-,AF,5F,96,1,3,7,5,1,1,3,00,00,01,C726,,,878,1,
C726,1757,C726,-,AF,5F,96,1,3,7,5,1,1,3,00,00,01,C726,,,879,1,
C726,1757,C726,-,AF,5F,96,1,3,7,5,1,1,3,00,00,01,C726,,,880,1,
C726,1757,C726,-,AF,5F,96,1,3,7,5,1,1,3,00,00,01,C726,,,881,1,
OBJECT,1757,C74C,-,AF,5F,96,1,3,7,5,1,1,3,00,00,01,0,$0200,26,881,1,
OBJECT,1757,C74C,-,AF,5F,96,1,3,7,5,1,1,3,00,00,01,1,$0201,5E,881,1,
OBJECT,1757,C74C,-,AF,5F,96,1,3,7,5,1,1,3,00,00,01,2,$0202,45,881,1,
OBJECT,1757,C74C,-,AF,5F,96,1,3,7,5,1,1,3,00,00,01,3,$0203,01,881,1,
OBJECT,1757,C74C,-,AF,5F,96,1,3,7,5,1,1,3,00,00,01,4,$0204,4B,881,1,
OBJECT,1757,C74C,-,AF,5F,96,1,3,7,5,1,1,3,00,00,01,5,$0205,09,881,1,
FRAME,1757,C74C,-,AF,5F,96,1,3,7,5,1,1,3,00,00,01,,,,,881,1,
RNG,1758,C535,-,AF,5F,96,1,3,7,5,1,1,3,00,00,01,C535,,,881,1,
FRAME,1758,C74C,-,58,77,97,0,0,0,7,1,1,3,00,00,01,,,,,881,1,
RNG,1759,C535,-,58,77,97,0,0,0,7,1,1,3,00,00,01,C535,,,881,1,
FRAME,1759,C74C,-,48,47,98,0,0,0,4,1,1,3,00,00,01,,,,,881,1,
RNG,1760,C535,-,48,47,98,0,0,0,4,1,1,3,00,00,01,C535,,,881,1,
FRAME,1760,C752,-,E1,36,99,1,1,1,3,1,1,3,00,00,01,,,,,881,1,
RNG,1761,C535,-,E1,36,99,1,1,1,3,1,1,3,00,00,01,C535,,,881,1,
C726,1761,C726,-,91,24,9A,1,1,1,2,1,1,3,00,00,01,C726,,,882,1,
C726,1761,C726,-,91,24,9A,1,1,1,2,1,1,3,00,00,01,C726,,,883,1,
C726,1761,C726,-,91,24,9A,1,1,1,2,1,1,3,00,00,01,C726,,,884,1,
C726,1761,C726,-,91,24,9A,1,1,1,2,1,1,3,00,00,01,C726,,,885,1,
OBJECT,1761,FF09,-,91,24,9A,1,1,1,2,1,1,3,00,00,01,6,$0206,26,885,1,
OBJECT,1761,FF09,-,91,24,9A,1,1,1,2,1,1,3,00,00,01,7,$0207,5E,885,1,
OBJECT,1761,FF09,-,91,24,9A,1,1,1,2,1,1,3,00,00,01,8,$0208,45,885,1,
OBJECT,1761,FF09,-,91,24,9A,1,1,1,2,1,1,3,00,00,01,9,$0209,01,885,1,
FRAME,1761,FF09,-,91,24,9A,1,1,1,2,1,1,3,00,00,01,,,,,885,1,
RNG,1762,C535,-,91,24,9A,1,1,1,2,1,1,3,00,00,01,C535,,,885,1,
C726,1762,C726,-,98,1A,9B,0,0,0,1,1,1,3,00,00,01,C726,,,886,1,
C726,1762,C726,-,98,1A,9B,0,0,0,1,1,1,3,00,00,01,C726,,,887,1,
OBJECT,1762,C74E,-,98,1A,9B,0,0,0,1,1,1,3,00,00,01,10,$020A,4B,887,1,
OBJECT,1762,C74E,-,98,1A,9B,0,0,0,1,1,1,3,00,00,01,11,$020B,09,887,1,
FRAME,1762,C74E,-,98,1A,9B,0,0,0,1,1,1,3,00,00,01,,,,,887,1,
RNG,1763,C535,-,98,1A,9B,0,0,0,1,1,1,3,00,00,01,C535,,,887,1,
FRAME,1763,C74A,-,31,1D,9C,1,1,1,1,1,1,3,00,00,01,,,,,887,1,
RNG,1764,C535,-,31,1D,9C,1,1,1,1,1,1,3,00,00,01,C535,,,887,1,
FRAME,1764,C74E,-,E2,CA,9D,0,2,2,4,1,1,3,00,00,01,,,,,887,1,
RNG,1765,C535,-,E2,CA,9D,0,2,2,4,1,1,3,00,00,01,C535,,,887,1,
C726,1765,C726,-,E9,C0,9E,1,1,1,4,1,1,3,00,00,01,C726,,,888,1,
OBJECT,1765,E061,-,E9,C0,9E,1,1,1,4,1,1,3,00,00,01,12,$020C,26,888,1,
FRAME,1765,E061,-,E9,C0,9E,1,1,1,4,1,1,3,00,00,01,,,,,888,1,
RNG,1766,C535,-,E9,C0,9E,1,1,1,4,1,1,3,00,00,01,C535,,,888,1,
C726,1766,C726,-,D1,C3,9F,1,1,1,4,1,1,3,00,00,01,C726,,,889,1,
C726,1766,C726,-,D1,C3,9F,1,1,1,4,1,1,3,00,00,01,C726,,,890,1,
C726,1766,C726,-,D1,C3,9F,1,1,1,4,1,1,3,00,00,01,C726,,,891,1,
C726,1766,C726,-,D1,C3,9F,1,1,1,4,1,1,3,00,00,01,C726,,,892,1,
C726,1766,C726,-,D1,C3,9F,1,1,1,4,1,1,3,00,00,01,C726,,,893,1,
OBJECT,1766,C74E,-,D1,C3,9F,1,1,1,4,1,1,3,00,00,01,13,$020D,5E,893,1,
OBJECT,1766,C74E,-,D1,C3,9F,1,1,1,4,1,1,3,00,00,01,14,$020E,45,893,1,
OBJECT,1766,C74E,-,D1,C3,9F,1,1,1,4,1,1,3,00,00,01,15,$020F,01,893,1,
OBJECT,1766,C74E,-,D1,C3,9F,1,1,1,4,1,1,3,00,00,01,16,$0210,4B,893,1,
OBJECT,1766,C74E,-,D1,C3,9F,1,1,1,4,1,1,3,00,00,01,17,$0211,09,893,1,
FRAME,1766,C74E,-,D1,C3,9F,1,1,1,4,1,1,3,00,00,01,,,,,893,1,
RNG,1767,C535,-,D1,C3,9F,1,1,1,4,1,1,3,00,00,01,C535,,,893,1,
FRAME,1767,C74A,-,99,EC,A0,1,1,1,6,1,1,3,00,00,01,,,,,893,1,
RNG,1768,C535,-,99,EC,A0,1,1,1,6,1,1,3,00,00,01,C535,,,893,1,
FRAME,1768,C74E,-,61,ED,A1,1,1,1,6,1,1,3,00,00,01,,,,,893,1,
RNG,1769,C535,-,61,ED,A1,1,1,1,6,1,1,3,00,00,01,C535,,,893,1,
C726,1769,C726,-,29,7A,A2,1,1,1,7,1,1,3,00,00,01,C726,,,894,1,
OBJECT,1769,E063,-,29,7A,A2,1,1,1,7,1,1,3,00,00,01,18,$0212,26,894,1,
FRAME,1769,E063,-,29,7A,A2,1,1,1,7,1,1,3,00,00,01,,,,,894,1,
RNG,1770,C535,-,29,7A,A2,1,1,1,7,1,1,3,00,00,01,C535,,,894,1,
C726,1770,C726,-,F1,70,A3,1,1,1,7,1,1,3,00,00,01,C726,,,895,1,
C726,1770,C726,-,F1,70,A3,1,1,1,7,1,1,3,00,00,01,C726,,,896,1,
C726,1770,C726,-,F1,70,A3,1,1,1,7,1,1,3,00,00,01,C726,,,897,1,
C726,1770,C726,-,F1,70,A3,1,1,1,7,1,1,3,00,00,01,C726,,,898,1,
C726,1770,C726,-,F1,70,A3,1,1,1,7,1,1,3,00,00,01,C726,,,899,1,
OBJECT,1770,C74E,-,F1,70,A3,1,1,1,7,1,1,3,00,00,01,19,$0213,5E,899,1,
OBJECT,1770,C74E,-,F1,70,A3,1,1,1,7,1,1,3,00,00,01,20,$0214,45,899,1,
OBJECT,1770,C74E,-,F1,70,A3,1,1,1,7,1,1,3,00,00,01,21,$0215,01,899,1,
OBJECT,1770,C74E,-,F1,70,A3,1,1,1,7,1,1,3,00,00,01,22,$0216,4B,899,1,
OBJECT,1770,C74E,-,F1,70,A3,1,1,1,7,1,1,3,00,00,01,23,$0217,09,899,1,
FRAME,1770,C74E,-,F1,70,A3,1,1,1,7,1,1,3,00,00,01,,,,,899,1,
RNG,1771,C535,-,F1,70,A3,1,1,1,7,1,1,3,00,00,01,C535,,,899,1,
FRAME,1771,C74E,-,B1,73,A4,1,1,1,7,1,1,3,00,00,01,,,,,899,1,
RNG,1772,C535,-,B1,73,A4,1,1,1,7,1,1,3,00,00,01,C535,,,899,1,
FRAME,1772,C74E,-,C9,63,A5,1,1,1,6,1,1,3,00,00,01,,,,,899,1,
RNG,1773,C535,-,C9,63,A5,1,1,1,6,1,1,3,00,00,01,C535,,,899,1,
FRAME,1773,C74E,-,99,68,A6,1,1,1,6,1,1,3,00,00,01,,,,,899,1,
RNG,1774,C535,-,99,68,A6,1,1,1,6,1,1,3,00,00,01,C535,,,899,1,
C726,1774,C726,-,83,0A,A7,1,3,3,0,1,1,3,00,00,01,C726,,,900,1,
C726,1774,C726,-,83,0A,A7,1,3,3,0,1,1,3,00,00,01,C726,,,901,1,
C726,1774,C726,-,83,0A,A7,1,3,3,0,1,1,3,00,00,01,C726,,,902,1,
C726,1774,C726,-,83,0A,A7,1,3,3,0,1,1,3,00,00,01,C726,,,903,1,
C726,1774,C726,-,83,0A,A7,1,3,3,0,1,1,3,00,00,01,C726,,,904,1,
C726,1774,C726,-,83,0A,A7,1,3,3,0,1,1,3,00,00,01,C726,,,905,1,
OBJECT,1774,C74E,-,83,0A,A7,1,3,3,0,1,1,3,00,00,01,24,$0218,26,905,1,
OBJECT,1774,C74E,-,83,0A,A7,1,3,3,0,1,1,3,00,00,01,25,$0219,5E,905,1,
OBJECT,1774,C74E,-,83,0A,A7,1,3,3,0,1,1,3,00,00,01,26,$021A,45,905,1,
OBJECT,1774,C74E,-,83,0A,A7,1,3,3,0,1,1,3,00,00,01,27,$021B,01,905,1,
OBJECT,1774,C74E,-,83,0A,A7,1,3,3,0,1,1,3,00,00,01,28,$021C,4B,905,1,
OBJECT,1774,C74E,-,83,0A,A7,1,3,3,0,1,1,3,00,00,01,29,$021D,09,905,1,
FRAME,1774,C74E,-,83,0A,A7,1,3,3,0,1,1,3,00,00,01,,,,,905,1,
RNG,1775,C535,-,83,0A,A7,1,3,3,0,1,1,3,00,00,01,C535,,,905,1,
FRAME,1775,C74E,-,E3,0A,A8,1,3,3,0,1,1,3,00,00,01,,,,,905,1,
RNG,1776,C535,-,E3,0A,A8,1,3,3,0,1,1,3,00,00,01,C535,,,905,1,
FRAME,1776,C74A,-,E1,56,A9,1,1,1,5,1,1,3,00,00,01,,,,,905,1,
RNG,1777,C535,-,E1,56,A9,1,1,1,5,1,1,3,00,00,01,C535,,,905,1,
FRAME,1777,C74C,-,DF,F3,AA,1,3,7,7,1,1,3,00,00,01,,,,,905,1,
RNG,1778,C535,-,DF,F3,AA,1,3,7,7,1,1,3,00,00,01,C535,,,905,1,
C726,1778,C726,-,DD,88,AB,1,1,5,0,1,1,3,00,00,01,C726,,,906,1,
C726,1778,C726,-,DD,88,AB,1,1,5,0,1,1,3,00,00,01,C726,,,907,1,
C726,1778,C726,-,DD,88,AB,1,1,5,0,1,1,3,00,00,01,C726,,,908,1,
C726,1778,C726,-,DD,88,AB,1,1,5,0,1,1,3,00,00,01,C726,,,909,1,
C726,1778,C726,-,DD,88,AB,1,1,5,0,1,1,3,00,00,01,C726,,,910,1,
C726,1778,C726,-,DD,88,AB,1,1,5,0,1,1,3,00,00,01,C726,,,911,1,
OBJECT,1778,C74A,-,DD,88,AB,1,1,5,0,1,1,3,00,00,01,30,$021E,26,911,1,
OBJECT,1778,C74A,-,DD,88,AB,1,1,5,0,1,1,3,00,00,01,31,$021F,5E,911,1,
OBJECT,1778,C74A,-,DD,88,AB,1,1,5,0,1,1,3,00,00,01,32,$0220,45,911,1,
OBJECT,1778,C74A,-,DD,88,AB,1,1,5,0,1,1,3,00,00,01,33,$0221,01,911,1,
OBJECT,1778,C74A,-,DD,88,AB,1,1,5,0,1,1,3,00,00,01,34,$0222,4B,911,1,
OBJECT,1778,C74A,-,DD,88,AB,1,1,5,0,1,1,3,00,00,01,35,$0223,09,911,1,
FRAME,1778,C74A,-,DD,88,AB,1,1,5,0,1,1,3,00,00,01,,,,,911,1,
RNG,1779,C535,-,DD,88,AB,1,1,5,0,1,1,3,00,00,01,C535,,,911,1,
FRAME,1779,C74C,-,DB,2A,AC,1,3,3,2,1,1,3,00,00,01,,,,,911,1,
RNG,1780,C535,-,DB,2A,AC,1,3,3,2,1,1,3,00,00,01,C535,,,911,1,
FRAME,1780,C74C,-,D9,30,AD,1,1,1,3,1,1,3,00,00,01,,,,,911,1,
RNG,1781,C535,-,D9,30,AD,1,1,1,3,1,1,3,00,00,01,C535,,,911,1,
FRAME,1781,C74C,-,D7,D0,AE,1,3,7,5,1,1,3,00,00,01,,,,,911,1,
RNG,1782,C535,-,D7,D0,AE,1,3,7,5,1,1,3,00,00,01,C535,,,911,1,
C726,1782,C726,-,AC,D0,AF,0,0,4,5,1,1,3,00,00,01,C726,,,912,1,
C726,1782,C726,-,AC,D0,AF,0,0,4,5,1,1,3,00,00,01,C726,,,913,1,
C726,1782,C726,-,AC,D0,AF,0,0,4,5,1,1,3,00,00,01,C726,,,914,1,
OBJECT,1782,C70E,-,AC,D0,AF,0,0,4,5,1,1,3,00,00,01,36,$0224,26,914,1,
OBJECT,1782,C70E,-,AC,D0,AF,0,0,4,5,1,1,3,00,00,01,37,$0225,5E,914,1,
OBJECT,1782,C70E,-,AC,D0,AF,0,0,4,5,1,1,3,00,00,01,38,$0226,45,914,1,
FRAME,1782,C70E,-,AC,D0,AF,0,0,4,5,1,1,3,00,00,01,,,,,914,1,
C726,1783,C726,-,AC,D0,AF,0,0,4,5,0,1,3,00,00,01,C726,,,915,1,
C726,1783,C726,-,AC,D0,AF,0,0,4,5,0,1,3,00,00,01,C726,,,916,1,
C726,1783,C726,-,AC,D0,AF,0,0,4,5,0,1,3,00,00,01,C726,,,917,1,
OBJECT,1783,C74A,-,AC,D0,AF,0,0,4,5,0,1,3,00,00,01,39,$0227,01,917,1,
OBJECT,1783,C74A,-,AC,D0,AF,0,0,4,5,0,1,3,00,00,01,40,$0228,4B,917,1,
OBJECT,1783,C74A,-,AC,D0,AF,0,0,4,5,0,1,3,00,00,01,41,$0229,09,917,1,
FRAME,1783,C74A,-,AC,D0,AF,0,0,4,5,0,1,3,00,00,01,,,,,917,1,
RNG,1784,C535,-,AC,D0,AF,0,0,4,5,1,2,3,00,00,01,C535,,,917,1,
FRAME,1784,C74A,-,AA,8D,B0,0,2,2,0,1,2,3,00,00,01,,,,,917,1,
RNG,1785,C535,-,AA,8D,B0,0,2,2,0,1,1,3,00,00,01,C535,,,917,1,
FRAME,1785,C74E,-,8F,74,B1,1,3,7,7,1,1,3,00,00,01,,,,,917,1,
RNG,1786,C535,-,8F,74,B1,1,3,7,7,1,1,3,00,00,01,C535,,,917,1,
C726,1786,C726,-,8D,09,B2,1,1,5,0,1,1,3,00,00,01,C726,,,918,1,
OBJECT,1786,E060,-,8D,09,B2,1,1,5,0,1,1,3,00,00,01,42,$022A,26,918,1,
FRAME,1786,E060,-,8D,09,B2,1,1,5,0,1,1,3,00,00,01,,,,,918,1,
RNG,1787,C535,-,8D,09,B2,1,1,5,0,1,1,3,00,00,01,C535,,,918,1,
C726,1787,C726,-,82,A2,B3,0,2,2,2,1,1,3,00,00,01,C726,,,919,1,
C726,1787,C726,-,82,A2,B3,0,2,2,2,1,1,3,00,00,01,C726,,,920,1,
C726,1787,C726,-,82,A2,B3,0,2,2,2,1,1,3,00,00,01,C726,,,921,1,
C726,1787,C726,-,82,A2,B3,0,2,2,2,1,1,3,00,00,01,C726,,,922,1,
C726,1787,C726,-,82,A2,B3,0,2,2,2,1,1,3,00,00,01,C726,,,923,1,
OBJECT,1787,C74C,-,82,A2,B3,0,2,2,2,1,1,3,00,00,01,43,$022B,5E,923,1,
OBJECT,1787,C74C,-,82,A2,B3,0,2,2,2,1,1,3,00,00,01,44,$022C,45,923,1,
OBJECT,1787,C74C,-,82,A2,B3,0,2,2,2,1,1,3,00,00,01,45,$022D,01,923,1,
OBJECT,1787,C74C,-,82,A2,B3,0,2,2,2,1,1,3,00,00,01,46,$022E,4B,923,1,
OBJECT,1787,C74C,-,82,A2,B3,0,2,2,2,1,1,3,00,00,01,47,$022F,09,923,1,
FRAME,1787,C74C,-,82,A2,B3,0,2,2,2,1,1,3,00,00,01,,,,,923,1,
RNG,1788,C535,-,82,A2,B3,0,2,2,2,1,1,3,00,00,01,C535,,,923,1,
FRAME,1788,C74C,-,80,6B,B4,0,0,0,6,1,1,3,00,00,01,,,,,923,1,
RNG,1789,C535,-,80,6B,B4,0,0,0,6,1,1,3,00,00,01,C535,,,923,1,
FRAME,1789,C74A,-,54,72,B5,0,0,4,7,1,1,3,00,00,01,,,,,923,1,
RNG,1790,C535,-,54,72,B5,0,0,4,7,1,1,3,00,00,01,C535,,,923,1,
C726,1790,C726,-,52,5A,B6,0,2,2,5,1,1,3,00,00,01,C726,,,924,1,
OBJECT,1790,E026,-,52,5A,B6,0,2,2,5,1,1,3,00,00,01,48,$0230,26,924,1,
FRAME,1790,E026,-,52,5A,B6,0,2,2,5,1,1,3,00,00,01,,,,,924,1,
RNG,1791,C535,-,52,5A,B6,0,2,2,5,1,1,3,00,00,01,C535,,,924,1,
C726,1791,C726,-,36,22,B7,0,2,6,2,1,1,3,00,00,01,C726,,,925,1,
C726,1791,C726,-,36,22,B7,0,2,6,2,1,1,3,00,00,01,C726,,,926,1,
C726,1791,C726,-,36,22,B7,0,2,6,2,1,1,3,00,00,01,C726,,,927,1,
C726,1791,C726,-,36,22,B7,0,2,6,2,1,1,3,00,00,01,C726,,,928,1,
C726,1791,C726,-,36,22,B7,0,2,6,2,1,1,3,00,00,01,C726,,,929,1,
OBJECT,1791,C74A,-,36,22,B7,0,2,6,2,1,1,3,00,00,01,49,$0231,5E,929,1,
OBJECT,1791,C74A,-,36,22,B7,0,2,6,2,1,1,3,00,00,01,50,$0232,45,929,1,
OBJECT,1791,C74A,-,36,22,B7,0,2,6,2,1,1,3,00,00,01,51,$0233,01,929,1,
OBJECT,1791,C74A,-,36,22,B7,0,2,6,2,1,1,3,00,00,01,52,$0234,4B,929,1,
OBJECT,1791,C74A,-,36,22,B7,0,2,6,2,1,1,3,00,00,01,53,$0235,09,929,1,
FRAME,1791,C74A,-,36,22,B7,0,2,6,2,1,1,3,00,00,01,,,,,929,1,
RNG,1792,C535,-,36,22,B7,0,2,6,2,1,1,3,00,00,01,C535,,,929,1,
FRAME,1792,C74E,-,34,EA,B8,0,0,4,6,1,1,3,00,00,01,,,,,929,1,
RNG,1793,C535,-,34,EA,B8,0,0,4,6,1,1,3,00,00,01,C535,,,929,1,
FRAME,1793,C74A,-,28,B2,B9,0,0,0,3,1,1,3,00,00,01,,,,,929,1,
RNG,1794,C535,-,28,B2,B9,0,0,0,3,1,1,3,00,00,01,C535,,,929,1,
FRAME,1794,C74C,-,26,7A,BA,0,2,6,7,1,1,3,00,00,01,,,,,929,1,
RNG,1795,C535,-,26,7A,BA,0,2,6,7,1,1,3,00,00,01,C535,,,929,1,
C726,1795,C726,-,F9,3A,BB,1,1,1,3,1,1,3,00,00,01,C726,,,930,1,
C726,1795,C726,-,F9,3A,BB,1,1,1,3,1,1,3,00,00,01,C726,,,931,1,
C726,1795,C726,-,F9,3A,BB,1,1,1,3,1,1,3,00,00,01,C726,,,932,1,
C726,1795,C726,-,F9,3A,BB,1,1,1,3,1,1,3,00,00,01,C726,,,933,1,
C726,1795,C726,-,F9,3A,BB,1,1,1,3,1,1,3,00,00,01,C726,,,934,1,
C726,1795,C726,-,F9,3A,BB,1,1,1,3,1,1,3,00,00,01,C726,,,935,1,
OBJECT,1795,C74A,-,F9,3A,BB,1,1,1,3,1,1,3,00,00,01,54,$0236,26,935,1,
OBJECT,1795,C74A,-,F9,3A,BB,1,1,1,3,1,1,3,00,00,01,55,$0237,5E,935,1,
OBJECT,1795,C74A,-,F9,3A,BB,1,1,1,3,1,1,3,00,00,01,56,$0238,45,935,1,
OBJECT,1795,C74A,-,F9,3A,BB,1,1,1,3,1,1,3,00,00,01,57,$0239,01,935,1,
OBJECT,1795,C74A,-,F9,3A,BB,1,1,1,3,1,1,3,00,00,01,58,$023A,4B,935,1,
OBJECT,1795,C74A,-,F9,3A,BB,1,1,1,3,1,1,3,00,00,01,59,$023B,09,935,1,
FRAME,1795,C74A,-,F9,3A,BB,1,1,1,3,1,1,3,00,00,01,,,,,935,1,
RNG,1796,C535,-,F9,3A,BB,1,1,1,3,1,1,3,00,00,01,C535,,,935,1,
FRAME,1796,C74A,-,CB,52,BC,1,3,3,5,1,1,3,00,00,01,,,,,935,1,
RNG,1797,C535,-,CB,52,BC,1,3,3,5,1,1,3,00,00,01,C535,,,935,1,
FRAME,1797,C74C,-,AE,22,BD,0,2,6,2,1,1,3,00,00,01,,,,,935,1,
RNG,1798,C535,-,AE,22,BD,0,2,6,2,1,1,3,00,00,01,C535,,,935,1,
FRAME,1798,C74C,-,90,13,BE,0,0,0,1,1,1,3,00,00,01,,,,,935,1,
RNG,1799,C535,-,90,13,BE,0,0,0,1,1,1,3,00,00,01,C535,,,935,1,
C726,1799,C726,-,83,C0,BF,1,3,3,4,1,1,3,00,00,01,C726,,,936,1,
C726,1799,C726,-,83,C0,BF,1,3,3,4,1,1,3,00,00,01,C726,,,937,1,
C726,1799,C726,-,83,C0,BF,1,3,3,4,1,1,3,00,00,01,C726,,,938,1,
C726,1799,C726,-,83,C0,BF,1,3,3,4,1,1,3,00,00,01,C726,,,939,1,
OBJECT,1799,C6FA,-,83,C0,BF,1,3,3,4,1,1,3,00,00,01,60,$023C,26,939,1,
OBJECT,1799,C6FA,-,83,C0,BF,1,3,3,4,1,1,3,00,00,01,61,$023D,5E,939,1,
OBJECT,1799,C6FA,-,83,C0,BF,1,3,3,4,1,1,3,00,00,01,62,$023E,45,939,1,
OBJECT,1799,C6FA,-,83,C0,BF,1,3,3,4,1,1,3,00,00,01,63,$023F,01,939,1,
FRAME,1799,C6FA,-,83,C0,BF,1,3,3,4,1,1,3,00,00,01,,,,,939,1,
C726,1800,C726,-,83,C0,BF,1,3,3,4,0,1,3,00,00,01,C726,,,940,1,
C726,1800,C726,-,83,C0,BF,1,3,3,4,0,1,3,00,00,01,C726,,,941,1,
OBJECT,1800,C74C,-,83,C0,BF,1,3,3,4,0,1,3,00,00,01,0,$0200,4B,941,1,
OBJECT,1800,C74C,-,83,C0,BF,1,3,3,4,0,1,3,00,00,01,1,$0201,09,941,1,
FRAME,1800,C74C,-,83,C0,BF,1,3,3,4,0,1,3,00,00,01,,,,,941,1,
RNG,1801,C535,-,83,C0,BF,1,3,3,4,1,2,3,00,00,01,C535,,,941,1,
FRAME,1801,C74C,-,75,8F,C0,1,1,5,0,1,2,3,00,00,01,,,,,941,1,
RNG,1802,C535,-,75,8F,C0,1,1,5,0,1,1,3,00,00,01,C535,,,941,1,
FRAME,1802,C74A,-,46,96,C1,0,2,6,1,1,1,3,00,00,01,,,,,941,1,
RNG,1803,C535,-,46,96,C1,0,2,6,1,1,1,3,00,00,01,C535,,,941,1,
C726,1803,C726,-,16,5F,C2,0,2,6,5,1,1,3,00,00,01,C726,,,942,1,
C726,1803,C726,-,16,5F,C2,0,2,6,5,1,1,3,00,00,01,C726,,,943,1,
OBJECT,1803,C2EE,-,16,5F,C2,0,2,6,5,1,1,3,00,00,01,2,$0202,26,943,1,
OBJECT,1803,C2EE,-,16,5F,C2,0,2,6,5,1,1,3,00,00,01,3,$0203,5E,943,1,
FRAME,1803,C2EE,-,16,5F,C2,0,2,6,5,1,1,3,00,00,01,,,,,943,1,
C726,1804,C726,-,16,5F,C2,0,2,6,5,0,1,3,00,00,01,C726,,,944,1,
C726,1804,C726,-,16,5F,C2,0,2,6,5,0,1,3,00,00,01,C726,,,945,1,
C726,1804,C726,-,16,5F,C2,0,2,6,5,0,1,3,00,00,01,C726,,,946,1,
C726,1804,C726,-,16,5F,C2,0,2,6,5,0,1,3,00,00,01,C726,,,947,1,
OBJECT,1804,C74A,-,16,5F,C2,0,2,6,5,0,1,3,00,00,01,4,$0204,45,947,1,
OBJECT,1804,C74A,-,16,5F,C2,0,2,6,5,0,1,3,00,00,01,5,$0205,01,947,1,
OBJECT,1804,C74A,-,16,5F,C2,0,2,6,5,0,1,3,00,00,01,6,$0206,4B,947,1,
OBJECT,1804,C74A,-,16,5F,C2,0,2,6,5,0,1,3,00,00,01,7,$0207,09,947,1,
FRAME,1804,C74A,-,16,5F,C2,0,2,6,5,0,1,3,00,00,01,,,,,947,1,
RNG,1805,C535,-,16,5F,C2,0,2,6,5,1,2,3,00,00,01,C535,,,947,1,
FRAME,1805,C74A,-,F7,53,C3,1,3,7,5,1,2,3,00,00,01,,,,,947,1,
RNG,1806,C535,-,F7,53,C3,1,3,7,5,1,1,3,00,00,01,C535,,,947,1,
FRAME,1806,C74C,-,D7,E3,C4,1,3,7,6,1,1,3,00,00,01,,,,,947,1,
RNG,1807,C535,-,D7,E3,C4,1,3,7,6,1,1,3,00,00,01,C535,,,947,1,
C726,1807,C726,-,C8,01,C5,0,0,0,0,1,1,3,00,00,01,C726,,,948,1,
OBJECT,1807,E062,-,C8,01,C5,0,0,0,0,1,1,3,00,00,01,8,$0208,26,948,1,
FRAME,1807,E062,-,C8,01,C5,0,0,0,0,1,1,3,00,00,01,,,,,948,1,
RNG,1808,C535,-,C8,01,C5,0,0,0,0,1,1,3,00,00,01,C535,,,948,1,
C726,1808,C726,-,B8,A3,C6,0,0,0,2,1,1,3,00,00,01,C726,,,949,1,
C726,1808,C726,-,B8,A3,C6,0,0,0,2,1,1,3,00,00,01,C726,,,950,1,
C726,1808,C726,-,B8,A3,C6,0,0,0,2,1,1,3,00,00,01,C726,,,951,1,
C726,1808,C726,-,B8,A3,C6,0,0,0,2,1,1,3,00,00,01,C726,,,952,1,
C726,1808,C726,-,B8,A3,C6,0,0,0,2,1,1,3,00,00,01,C726,,,953,1,
OBJECT,1808,C74E,-,B8,A3,C6,0,0,0,2,1,1,3,00,00,01,9,$0209,5E,953,1,
OBJECT,1808,C74E,-,B8,A3,C6,0,0,0,2,1,1,3,00,00,01,10,$020A,45,953,1,
OBJECT,1808,C74E,-,B8,A3,C6,0,0,0,2,1,1,3,00,00,01,11,$020B,01,953,1,
OBJECT,1808,C74E,-,B8,A3,C6,0,0,0,2,1,1,3,00,00,01,12,$020C,4B,953,1,
OBJECT,1808,C74E,-,B8,A3,C6,0,0,0,2,1,1,3,00,00,01,13,$020D,09,953,1,
FRAME,1808,C74E,-,B8,A3,C6,0,0,0,2,1,1,3,00,00,01,,,,,953,1,
RNG,1809,C535,-,B8,A3,C6,0,0,0,2,1,1,3,00,00,01,C535,,,953,1,
FRAME,1809,C74E,-,8A,6B,C7,0,2,2,6,1,1,3,00,00,01,,,,,953,1,
RNG,1810,C535,-,8A,6B,C7,0,2,2,6,1,1,3,00,00,01,C535,,,953,1,
FRAME,1810,C74C,-,5D,0B,C8,1,1,5,0,1,1,3,00,00,01,,,,,953,1,
RNG,1811,C535,-,5D,0B,C8,1,1,5,0,1,1,3,00,00,01,C535,,,953,1,
C726,1811,C726,-,3F,11,C9,1,3,7,1,1,1,3,00,00,01,C726,,,954,1,
OBJECT,1811,E022,-,3F,11,C9,1,3,7,1,1,1,3,00,00,01,14,$020E,26,954,1,
FRAME,1811,E022,-,3F,11,C9,1,3,7,1,1,1,3,00,00,01,,,,,954,1,
RNG,1812,C535,-,3F,11,C9,1,3,7,1,1,1,3,00,00,01,C535,,,954,1,
C726,1812,C726,-,22,31,CA,0,2,2,3,1,1,3,00,00,01,C726,,,955,1,
C726,1812,C726,-,22,31,CA,0,2,2,3,1,1,3,00,00,01,C726,,,956,1,
C726,1812,C726,-,22,31,CA,0,2,2,3,1,1,3,00,00,01,C726,,,957,1,
C726,1812,C726,-,22,31,CA,0,2,2,3,1,1,3,00,00,01,C726,,,958,1,
C726,1812,C726,-,22,31,CA,0,2,2,3,1,1,3,00,00,01,C726,,,959,1,
OBJECT,1812,C74E,-,22,31,CA,0,2,2,3,1,1,3,00,00,01,15,$020F,5E,959,1,
OBJECT,1812,C74E,-,22,31,CA,0,2,2,3,1,1,3,00,00,01,16,$0210,45,959,1,
OBJECT,1812,C74E,-,22,31,CA,0,2,2,3,1,1,3,00,00,01,17,$0211,01,959,1,
OBJECT,1812,C74E,-,22,31,CA,0,2,2,3,1,1,3,00,00,01,18,$0212,4B,959,1,
OBJECT,1812,C74E,-,22,31,CA,0,2,2,3,1,1,3,00,00,01,19,$0213,09,959,1,
FRAME,1812,C74E,-,22,31,CA,0,2,2,3,1,1,3,00,00,01,,,,,959,1,
RNG,1813,C535,-,22,31,CA,0,2,2,3,1,1,3,00,00,01,C535,,,959,1,
FRAME,1813,C74E,-,14,D2,CB,0,0,4,5,1,1,3,00,00,01,,,,,959,1,
RNG,1814,C535,-,14,D2,CB,0,0,4,5,1,1,3,00,00,01,C535,,,959,1,
FRAME,1814,C74C,-,07,98,CC,1,3,7,1,1,1,3,00,00,01,,,,,959,1,
RNG,1815,C535,-,07,98,CC,1,3,7,1,1,1,3,00,00,01,C535,,,959,1,
FRAME,1815,C74C,-,05,41,CD,1,1,5,4,1,1,3,00,00,01,,,,,959,1,
RNG,1816,C535,-,05,41,CD,1,1,5,4,1,1,3,00,00,01,C535,,,959,1,
C726,1816,C726,-,D9,41,CE,1,1,1,4,1,1,3,00,00,01,C726,,,960,1,
C726,1816,C726,-,D9,41,CE,1,1,1,4,1,1,3,00,00,01,C726,,,961,1,
C726,1816,C726,-,D9,41,CE,1,1,1,4,1,1,3,00,00,01,C726,,,962,1,
C726,1816,C726,-,D9,41,CE,1,1,1,4,1,1,3,00,00,01,C726,,,963,1,
C726,1816,C726,-,D9,41,CE,1,1,1,4,1,1,3,00,00,01,C726,,,964,1,
C726,1816,C726,-,D9,41,CE,1,1,1,4,1,1,3,00,00,01,C726,,,965,1,
OBJECT,1816,C74C,-,D9,41,CE,1,1,1,4,1,1,3,00,00,01,20,$0214,26,965,1,
OBJECT,1816,C74C,-,D9,41,CE,1,1,1,4,1,1,3,00,00,01,21,$0215,5E,965,1,
OBJECT,1816,C74C,-,D9,41,CE,1,1,1,4,1,1,3,00,00,01,22,$0216,45,965,1,
OBJECT,1816,C74C,-,D9,41,CE,1,1,1,4,1,1,3,00,00,01,23,$0217,01,965,1,
OBJECT,1816,C74C,-,D9,41,CE,1,1,1,4,1,1,3,00,00,01,24,$0218,4B,965,1,
OBJECT,1816,C74C,-,D9,41,CE,1,1,1,4,1,1,3,00,00,01,25,$0219,09,965,1,
FRAME,1816,C74C,-,D9,41,CE,1,1,1,4,1,1,3,00,00,01,,,,,965,1,
RNG,1817,C535,-,D9,41,CE,1,1,1,4,1,1,3,00,00,01,C535,,,965,1,
FRAME,1817,C74C,-,D7,CE,CF,1,3,7,4,1,1,3,00,00,01,,,,,965,1,
RNG,1818,C535,-,D7,CE,CF,1,3,7,4,1,1,3,00,00,01,C535,,,965,1,
FRAME,1818,C74C,-,BB,C1,D0,1,3,3,4,1,1,3,00,00,01,,,,,965,1,
RNG,1819,C535,-,BB,C1,D0,1,3,3,4,1,1,3,00,00,01,C535,,,965,1,
FRAME,1819,C74A,-,B9,C4,D1,1,1,1,4,1,1,3,00,00,01,,,,,965,1,
RNG,1820,C535,-,B9,C4,D1,1,1,1,4,1,1,3,00,00,01,C535,,,965,1,
C726,1820,C726,-,AD,10,D2,1,1,5,1,1,1,3,00,00,01,C726,,,966,1,
C726,1820,C726,-,AD,10,D2,1,1,5,1,1,1,3,00,00,01,C726,,,967,1,
OBJECT,1820,B2A2,-,AD,10,D2,1,1,5,1,1,1,3,00,00,01,26,$021A,26,967,1,
OBJECT,1820,B2A2,-,AD,10,D2,1,1,5,1,1,1,3,00,00,01,27,$021B,5E,967,1,
FRAME,1820,B2A2,-,AD,10,D2,1,1,5,1,1,1,3,00,00,01,,,,,967,1,
RNG,1821,C535,-,AD,10,D2,1,1,5,1,1,1,3,00,00,01,C535,,,967,1,
C726,1821,C726,-,AB,E8,D3,1,3,3,6,1,1,3,00,00,01,C726,,,968,1,
C726,1821,C726,-,AB,E8,D3,1,3,3,6,1,1,3,00,00,01,C726,,,969,1,
C726,1821,C726,-,AB,E8,D3,1,3,3,6,1,1,3,00,00,01,C726,,,970,1,
C726,1821,C726,-,AB,E8,D3,1,3,3,6,1,1,3,00,00,01,C726,,,971,1,
OBJECT,1821,C74C,-,AB,E8,D3,1,3,3,6,1,1,3,00,00,01,28,$021C,45,971,1,
OBJECT,1821,C74C,-,AB,E8,D3,1,3,3,6,1,1,3,00,00,01,29,$021D,01,971,1,
OBJECT,1821,C74C,-,AB,E8,D3,1,3,3,6,1,1,3,00,00,01,30,$021E,4B,971,1,
OBJECT,1821,C74C,-,AB,E8,D3,1,3,3,6,1,1,3,00,00,01,31,$021F,09,971,1,
FRAME,1821,C74C,-,AB,E8,D3,1,3,3,6,1,1,3,00,00,01,,,,,971,1,
RNG,1822,C535,-,AB,E8,D3,1,3,3,6,1,1,3,00,00,01,C535,,,971,1,
FRAME,1822,C74C,-,80,7D,D4,0,0,0,7,1,1,3,00,00,01,,,,,971,1,
RNG,1823,C535,-,80,7D,D4,0,0,0,7,1,1,3,00,00,01,C535,,,971,1,
FRAME,1823,C74C,-,7E,1F,D5,0,2,6,1,1,1,3,00,00,01,,,,,971,1,
RNG,1824,C535,-,7E,1F,D5,0,2,6,1,1,1,3,00,00,01,C535,,,971,1,
C726,1824,C726,-,63,E7,D6,1,3,3,6,1,1,3,00,00,01,C726,,,972,1,
OBJECT,1824,E022,-,63,E7,D6,1,3,3,6,1,1,3,00,00,01,32,$0220,26,972,1,
FRAME,1824,E022,-,63,E7,D6,1,3,3,6,1,1,3,00,00,01,,,,,972,1,
RNG,1825,C535,-,63,E7,D6,1,3,3,6,1,1,3,00,00,01,C535,,,972,1,
C726,1825,C726,-,61,87,D7,1,1,1,0,1,1,3,00,00,01,C726,,,973,1,
C726,1825,C726,-,61,87,D7,1,1,1,0,1,1,3,00,00,01,C726,,,974,1,
C726,1825,C726,-,61,87,D7,1,1,1,0,1,1,3,00,00,01,C726,,,975,1,
C726,1825,C726,-,61,87,D7,1,1,1,0,1,1,3,00,00,01,C726,,,976,1,
C726,1825,C726,-,61,87,D7,1,1,1,0,1,1,3,00,00,01,C726,,,977,1,
OBJECT,1825,C74E,-,61,87,D7,1,1,1,0,1,1,3,00,00,01,33,$0221,5E,977,1,
OBJECT,1825,C74E,-,61,87,D7,1,1,1,0,1,1,3,00,00,01,34,$0222,45,977,1,
OBJECT,1825,C74E,-,61,87,D7,1,1,1,0,1,1,3,00,00,01,35,$0223,01,977,1,
OBJECT,1825,C74E,-,61,87,D7,1,1,1,0,1,1,3,00,00,01,36,$0224,4B,977,1,
OBJECT,1825,C74E,-,61,87,D7,1,1,1,0,1,1,3,00,00,01,37,$0225,09,977,1,
FRAME,1825,C74E,-,61,87,D7,1,1,1,0,1,1,3,00,00,01,,,,,977,1,
RNG,1826,C535,-,61,87,D7,1,1,1,0,1,1,3,00,00,01,C535,,,977,1,
FRAME,1826,C74E,-,56,8D,D8,0,2,6,0,1,1,3,00,00,01,,,,,977,1,
RNG,1827,C535,-,56,8D,D8,0,2,6,0,1,1,3,00,00,01,C535,,,977,1,
FRAME,1827,C74A,-,44,AD,D9,0,0,4,2,1,1,3,00,00,01,,,,,977,1,
RNG,1828,C535,-,44,AD,D9,0,0,4,2,1,1,3,00,00,01,C535,,,977,1,
C726,1828,C726,-,49,F8,DA,1,1,1,7,1,1,3,00,00,01,C726,,,978,1,
OBJECT,1828,E065,-,49,F8,DA,1,1,1,7,1,1,3,00,00,01,38,$0226,26,978,1,
FRAME,1828,E065,-,49,F8,DA,1,1,1,7,1,1,3,00,00,01,,,,,978,1,
RNG,1829,C535,-,49,F8,DA,1,1,1,7,1,1,3,00,00,01,C535,,,978,1,
C726,1829,C726,-,4C,F2,DB,0,0,4,7,1,1,3,00,00,01,C726,,,979,1,
C726,1829,C726,-,4C,F2,DB,0,0,4,7,1,1,3,00,00,01,C726,,,980,1,
C726,1829,C726,-,4C,F2,DB,0,0,4,7,1,1,3,00,00,01,C726,,,981,1,
C726,1829,C726,-,4C,F2,DB,0,0,4,7,1,1,3,00,00,01,C726,,,982,1,
C726,1829,C726,-,4C,F2,DB,0,0,4,7,1,1,3,00,00,01,C726,,,983,1,
OBJECT,1829,C74C,-,4C,F2,DB,0,0,4,7,1,1,3,00,00,01,39,$0227,5E,983,1,
OBJECT,1829,C74C,-,4C,F2,DB,0,0,4,7,1,1,3,00,00,01,40,$0228,45,983,1,
OBJECT,1829,C74C,-,4C,F2,DB,0,0,4,7,1,1,3,00,00,01,41,$0229,01,983,1,
OBJECT,1829,C74C,-,4C,F2,DB,0,0,4,7,1,1,3,00,00,01,42,$022A,4B,983,1,
OBJECT,1829,C74C,-,4C,F2,DB,0,0,4,7,1,1,3,00,00,01,43,$022B,09,983,1,
FRAME,1829,C74C,-,4C,F2,DB,0,0,4,7,1,1,3,00,00,01,,,,,983,1,
RNG,1830,C535,-,4C,F2,DB,0,0,4,7,1,1,3,00,00,01,C535,,,983,1,
FRAME,1830,C74C,-,F9,9B,DC,1,1,1,1,1,1,3,00,00,01,,,,,983,1,
RNG,1831,C535,-,F9,9B,DC,1,1,1,1,1,1,3,00,00,01,C535,,,983,1,
FRAME,1831,C74C,-,FE,9B,DD,0,2,6,1,1,1,3,00,00,01,,,,,983,1,
RNG,1832,C535,-,FE,9B,DD,0,2,6,1,1,1,3,00,00,01,C535,,,983,1,
FRAME,1832,C74E,-,01,28,DE,1,1,1,2,1,1,3,00,00,01,,,,,983,1,
RNG,1833,C535,-,01,28,DE,1,1,1,2,1,1,3,00,00,01,C535,,,983,1,
C726,1833,C726,-,CA,1B,DF,0,2,2,1,1,1,3,00,00,01,C726,,,984,1,
C726,1833,C726,-,CA,1B,DF,0,2,2,1,1,1,3,00,00,01,C726,,,985,1,
C726,1833,C726,-,CA,1B,DF,0,2,2,1,1,1,3,00,00,01,C726,,,986,1,
C726,1833,C726,-,CA,1B,DF,0,2,2,1,1,1,3,00,00,01,C726,,,987,1,
C726,1833,C726,-,CA,1B,DF,0,2,2,1,1,1,3,00,00,01,C726,,,988,1,
C726,1833,C726,-,CA,1B,DF,0,2,2,1,1,1,3,00,00,01,C726,,,989,1,
OBJECT,1833,C74E,-,CA,1B,DF,0,2,2,1,1,1,3,00,00,01,44,$022C,26,989,1,
OBJECT,1833,C74E,-,CA,1B,DF,0,2,2,1,1,1,3,00,00,01,45,$022D,5E,989,1,
OBJECT,1833,C74E,-,CA,1B,DF,0,2,2,1,1,1,3,00,00,01,46,$022E,45,989,1,
OBJECT,1833,C74E,-,CA,1B,DF,0,2,2,1,1,1,3,00,00,01,47,$022F,01,989,1,
OBJECT,1833,C74E,-,CA,1B,DF,0,2,2,1,1,1,3,00,00,01,48,$0230,4B,989,1,
OBJECT,1833,C74E,-,CA,1B,DF,0,2,2,1,1,1,3,00,00,01,49,$0231,09,989,1,
FRAME,1833,C74E,-,CA,1B,DF,0,2,2,1,1,1,3,00,00,01,,,,,989,1,
RNG,1834,C535,-,CA,1B,DF,0,2,2,1,1,1,3,00,00,01,C535,,,989,1,
FRAME,1834,C74E,-,CC,1E,E0,0,0,4,1,1,1,3,00,00,01,,,,,989,1,
RNG,1835,C535,-,CC,1E,E0,0,0,4,1,1,1,3,00,00,01,C535,,,989,1,
FRAME,1835,C74E,-,9C,6A,E1,0,0,4,6,1,1,3,00,00,01,,,,,989,1,
RNG,1836,C535,-,9C,6A,E1,0,0,4,6,1,1,3,00,00,01,C535,,,989,1,
FRAME,1836,C74A,-,BA,42,E2,0,2,2,4,1,1,3,00,00,01,,,,,989,1,
RNG,1837,C535,-,BA,42,E2,0,2,2,4,1,1,3,00,00,01,C535,,,989,1,
C726,1837,C726,-,63,D7,E3,1,3,3,5,1,1,3,00,00,01,C726,,,990,1,
C726,1837,C726,-,63,D7,E3,1,3,3,5,1,1,3,00,00,01,C726,,,991,1,
C726,1837,C726,-,63,D7,E3,1,3,3,5,1,1,3,00,00,01,C726,,,992,1,
C726,1837,C726,-,63,D7,E3,1,3,3,5,1,1,3,00,00,01,C726,,,993,1,
OBJECT,1837,FEE7,-,63,D7,E3,1,3,3,5,1,1,3,00,00,01,50,$0232,26,993,1,
OBJECT,1837,FEE7,-,63,D7,E3,1,3,3,5,1,1,3,00,00,01,51,$0233,5E,993,1,
OBJECT,1837,FEE7,-,63,D7,E3,1,3,3,5,1,1,3,00,00,01,52,$0234,45,993,1,
OBJECT,1837,FEE7,-,63,D7,E3,1,3,3,5,1,1,3,00,00,01,53,$0235,01,993,1,
FRAME,1837,FEE7,-,63,D7,E3,1,3,3,5,1,1,3,00,00,01,,,,,993,1,
C726,1838,C726,-,63,D7,E3,1,3,3,5,0,1,3,00,00,01,C726,,,994,1,
C726,1838,C726,-,63,D7,E3,1,3,3,5,0,1,3,00,00,01,C726,,,995,1,
OBJECT,1838,C74E,-,63,D7,E3,1,3,3,5,0,1,3,00,00,01,54,$0236,4B,995,1,
OBJECT,1838,C74E,-,63,D7,E3,1,3,3,5,0,1,3,00,00,01,55,$0237,09,995,1,
FRAME,1838,C74E,-,63,D7,E3,1,3,3,5,0,1,3,00,00,01,,,,,995,1,
RNG,1839,C535,-,63,D7,E3,1,3,3,5,1,2,3,00,00,01,C535,,,995,1,
FRAME,1839,C74E,-,63,80,E4,1,3,3,0,1,2,3,00,00,01,,,,,995,1,
RNG,1840,C535,-,63,80,E4,1,3,3,0,1,1,3,00,00,01,C535,,,995,1,
FRAME,1840,C74E,-,F0,B5,E5,0,0,0,3,1,1,3,00,00,01,,,,,995,1,
RNG,1841,C535,-,F0,B5,E5,0,0,0,3,1,1,3,00,00,01,C535,,,995,1,
C726,1841,C726,-,F5,D5,E6,1,1,5,5,1,1,3,00,00,01,C726,,,996,1,
OBJECT,1841,E024,-,F5,D5,E6,1,1,5,5,1,1,3,00,00,01,56,$0238,26,996,1,
FRAME,1841,E024,-,F5,D5,E6,1,1,5,5,1,1,3,00,00,01,,,,,996,1,
RNG,1842,C535,-,F5,D5,E6,1,1,5,5,1,1,3,00,00,01,C535,,,996,1,
C726,1842,C726,-,F8,FB,E7,0,0,0,7,1,1,3,00,00,01,C726,,,997,1,
C726,1842,C726,-,F8,FB,E7,0,0,0,7,1,1,3,00,00,01,C726,,,998,1,
C726,1842,C726,-,F8,FB,E7,0,0,0,7,1,1,3,00,00,01,C726,,,999,1,
C726,1842,C726,-,F8,FB,E7,0,0,0,7,1,1,3,00,00,01,C726,,,1000,1,
C726,1842,C726,-,F8,FB,E7,0,0,0,7,1,1,3,00,00,01,C726,,,1001,1,
OBJECT,1842,C74C,-,F8,FB,E7,0,0,0,7,1,1,3,00,00,01,57,$0239,5E,1001,1,
OBJECT,1842,C74C,-,F8,FB,E7,0,0,0,7,1,1,3,00,00,01,58,$023A,45,1001,1,
OBJECT,1842,C74C,-,F8,FB,E7,0,0,0,7,1,1,3,00,00,01,59,$023B,01,1001,1,
OBJECT,1842,C74C,-,F8,FB,E7,0,0,0,7,1,1,3,00,00,01,60,$023C,4B,1001,1,
OBJECT,1842,C74C,-,F8,FB,E7,0,0,0,7,1,1,3,00,00,01,61,$023D,09,1001,1,
FRAME,1842,C74C,-,F8,FB,E7,0,0,0,7,1,1,3,00,00,01,,,,,1001,1,
RNG,1843,C535,-,F8,FB,E7,0,0,0,7,1,1,3,00,00,01,C535,,,1001,1,
FRAME,1843,C74A,-,A5,C2,E8,1,1,5,4,1,1,3,00,00,01,,,,,1001,1,
RNG,1844,C535,-,A5,C2,E8,1,1,5,4,1,1,3,00,00,01,C535,,,1001,1,
FRAME,1844,C74A,-,A8,6B,E9,0,0,0,6,1,1,3,00,00,01,,,,,1001,1,
RNG,1845,C535,-,A8,6B,E9,0,0,0,6,1,1,3,00,00,01,C535,,,1001,1,
C726,1845,C726,-,AB,6B,EA,1,3,3,6,1,1,3,00,00,01,C726,,,1002,1,
OBJECT,1845,E05F,-,AB,6B,EA,1,3,3,6,1,1,3,00,00,01,62,$023E,26,1002,1,
FRAME,1845,E05F,-,AB,6B,EA,1,3,3,6,1,1,3,00,00,01,,,,,1002,1,
RNG,1846,C535,-,AB,6B,EA,1,3,3,6,1,1,3,00,00,01,C535,,,1002,1,
C726,1846,C726,-,7B,F0,EB,1,3,3,7,1,1,3,00,00,01,C726,,,1003,1,
C726,1846,C726,-,7B,F0,EB,1,3,3,7,1,1,3,00,00,01,C726,,,1004,1,
C726,1846,C726,-,7B,F0,EB,1,3,3,7,1,1,3,00,00,01,C726,,,1005,1,
C726,1846,C726,-,7B,F0,EB,1,3,3,7,1,1,3,00,00,01,C726,,,1006,1,
C726,1846,C726,-,7B,F0,EB,1,3,3,7,1,1,3,00,00,01,C726,,,1007,1,
OBJECT,1846,C74C,-,7B,F0,EB,1,3,3,7,1,1,3,00,00,01,0,$0200,45,1007,1,
OBJECT,1846,C74C,-,7B,F0,EB,1,3,3,7,1,1,3,00,00,01,1,$0201,01,1007,1,
OBJECT,1846,C74C,-,7B,F0,EB,1,3,3,7,1,1,3,00,00,01,2,$0202,4B,1007,1,
OBJECT,1846,C74C,-,7B,F0,EB,1,3,3,7,1,1,3,00,00,01,3,$0203,09,1007,1,
OBJECT,1846,C74C,-,7B,F0,EB,1,3,3,7,1,1,3,00,00,01,63,$023F,5E,1007,1,
FRAME,1846,C74C,-,7B,F0,EB,1,3,3,7,1,1,3,00,00,01,,,,,1007,1,
RNG,1847,C535,-,7B,F0,EB,1,3,3,7,1,1,3,00,00,01,C535,,,1007,1,
FRAME,1847,C74C,-,7E,BD,EC,0,2,6,3,1,1,3,00,00,01,,,,,1007,1,
RNG,1848,C535,-,7E,BD,EC,0,2,6,3,1,1,3,00,00,01,C535,,,1007,1,
FRAME,1848,C74C,-,CA,42,ED,0,2,2,4,1,1,3,00,00,01,,,,,1007,1,
RNG,1849,C535,-,CA,42,ED,0,2,2,4,1,1,3,00,00,01,C535,,,1007,1,
FRAME,1849,C74E,-,90,10,EE,0,0,0,1,1,1,3,00,00,01,,,,,1007,1,
RNG,1850,C535,-,90,10,EE,0,0,0,1,1,1,3,00,00,01,C535,,,1007,1,
C726,1850,C726,-,12,95,EF,0,2,2,1,1,1,3,00,00,01,C726,,,1008,1,
C726,1850,C726,-,12,95,EF,0,2,2,1,1,1,3,00,00,01,C726,,,1009,1,
C726,1850,C726,-,12,95,EF,0,2,2,1,1,1,3,00,00,01,C726,,,1010,1,
C726,1850,C726,-,12,95,EF,0,2,2,1,1,1,3,00,00,01,C726,,,1011,1,
C726,1850,C726,-,12,95,EF,0,2,2,1,1,1,3,00,00,01,C726,,,1012,1,
C726,1850,C726,-,12,95,EF,0,2,2,1,1,1,3,00,00,01,C726,,,1013,1,
OBJECT,1850,C74E,-,12,95,EF,0,2,2,1,1,1,3,00,00,01,4,$0204,26,1013,1,
OBJECT,1850,C74E,-,12,95,EF,0,2,2,1,1,1,3,00,00,01,5,$0205,5E,1013,1,
OBJECT,1850,C74E,-,12,95,EF,0,2,2,1,1,1,3,00,00,01,6,$0206,45,1013,1,
OBJECT,1850,C74E,-,12,95,EF,0,2,2,1,1,1,3,00,00,01,7,$0207,01,1013,1,
OBJECT,1850,C74E,-,12,95,EF,0,2,2,1,1,1,3,00,00,01,8,$0208,4B,1013,1,
OBJECT,1850,C74E,-,12,95,EF,0,2,2,1,1,1,3,00,00,01,9,$0209,09,1013,1,
FRAME,1850,C74E,-,12,95,EF,0,2,2,1,1,1,3,00,00,01,,,,,1013,1,
RNG,1851,C535,-,12,95,EF,0,2,2,1,1,1,3,00,00,01,C535,,,1013,1,
FRAME,1851,C74A,-,DB,64,F0,1,3,3,6,1,1,3,00,00,01,,,,,1013,1,
RNG,1852,C535,-,DB,64,F0,1,3,3,6,1,1,3,00,00,01,C535,,,1013,1,
FRAME,1852,C74E,-,DC,E9,F1,0,0,4,6,1,1,3,00,00,01,,,,,1013,1,
RNG,1853,C535,-,DC,E9,F1,0,0,4,6,1,1,3,00,00,01,C535,,,1013,1,
FRAME,1853,C74A,-,AC,B9,F2,0,0,4,3,1,1,3,00,00,01,,,,,1013,1,
RNG,1854,C535,-,AC,B9,F2,0,0,4,3,1,1,3,00,00,01,C535,,,1013,1,
C726,1854,C726,-,AF,3E,F3,1,3,7,3,1,1,3,00,00,01,C726,,,1014,1,
C726,1854,C726,-,AF,3E,F3,1,3,7,3,1,1,3,00,00,01,C726,,,1015,1,
C726,1854,C726,-,AF,3E,F3,1,3,7,3,1,1,3,00,00,01,C726,,,1016,1,
C726,1854,C726,-,AF,3E,F3,1,3,7,3,1,1,3,00,00,01,C726,,,1017,1,
OBJECT,1854,C710,-,AF,3E,F3,1,3,7,3,1,1,3,00,00,01,10,$020A,26,1017,1,
OBJECT,1854,C710,-,AF,3E,F3,1,3,7,3,1,1,3,00,00,01,11,$020B,5E,1017,1,
OBJECT,1854,C710,-,AF,3E,F3,1,3,7,3,1,1,3,00,00,01,12,$020C,45,1017,1,
OBJECT,1854,C710,-,AF,3E,F3,1,3,7,3,1,1,3,00,00,01,13,$020D,01,1017,1,
FRAME,1854,C710,-,AF,3E,F3,1,3,7,3,1,1,3,00,00,01,,,,,1017,1,
C726,1855,C726,-,AF,3E,F3,1,3,7,3,0,1,3,00,00,01,C726,,,1018,1,
C726,1855,C726,-,AF,3E,F3,1,3,7,3,0,1,3,00,00,01,C726,,,1019,1,
OBJECT,1855,C74A,-,AF,3E,F3,1,3,7,3,0,1,3,00,00,01,14,$020E,4B,1019,1,
OBJECT,1855,C74A,-,AF,3E,F3,1,3,7,3,0,1,3,00,00,01,15,$020F,09,1019,1,
FRAME,1855,C74A,-,AF,3E,F3,1,3,7,3,0,1,3,00,00,01,,,,,1019,1,
RNG,1856,C535,-,AF,3E,F3,1,3,7,3,1,2,3,00,00,01,C535,,,1019,1,
FRAME,1856,C74A,-,FB,0F,F4,1,3,3,0,1,2,3,00,00,01,,,,,1019,1,
RNG,1857,C535,-,FB,0F,F4,1,3,3,0,1,1,3,00,00,01,C535,,,1019,1,
FRAME,1857,C74A,-,29,94,F5,1,1,1,1,1,1,3,00,00,01,,,,,1019,1,
RNG,1858,C535,-,29,94,F5,1,1,1,1,1,1,3,00,00,01,C535,,,1019,1,
C726,1858,C726,-,AC,66,F6,0,0,4,6,1,1,3,00,00,01,C726,,,1020,1,
C726,1858,C726,-,AC,66,F6,0,0,4,6,1,1,3,00,00,01,C726,,,1021,1,
C726,1858,C726,-,AC,66,F6,0,0,4,6,1,1,3,00,00,01,C726,,,1022,1,
OBJECT,1858,D0D4,-,AC,66,F6,0,0,4,6,1,1,3,00,00,01,16,$0210,26,1022,1,
OBJECT,1858,D0D4,-,AC,66,F6,0,0,4,6,1,1,3,00,00,01,17,$0211,5E,1022,1,
OBJECT,1858,D0D4,-,AC,66,F6,0,0,4,6,1,1,3,00,00,01,18,$0212,45,1022,1,
FRAME,1858,D0D4,-,AC,66,F6,0,0,4,6,1,1,3,00,00,01,,,,,1022,1,
RNG,1859,C535,-,AC,66,F6,0,0,4,6,1,1,3,00,00,01,C535,,,1022,1,
C726,1859,C726,-,75,C6,F7,1,1,5,4,1,1,3,00,00,01,C726,,,1023,1,
C726,1859,C726,-,75,C6,F7,1,1,5,4,1,1,3,00,00,01,C726,,,1024,1,
C726,1859,C726,-,75,C6,F7,1,1,5,4,1,1,3,00,00,01,C726,,,1025,1,
OBJECT,1859,C74A,-,75,C6,F7,1,1,5,4,1,1,3,00,00,01,19,$0213,01,1025,1,
OBJECT,1859,C74A,-,75,C6,F7,1,1,5,4,1,1,3,00,00,01,20,$0214,4B,1025,1,
OBJECT,1859,C74A,-,75,C6,F7,1,1,5,4,1,1,3,00,00,01,21,$0215,09,1025,1,
FRAME,1859,C74A,-,75,C6,F7,1,1,5,4,1,1,3,00,00,01,,,,,1025,1,
RNG,1860,C535,-,75,C6,F7,1,1,5,4,1,1,3,00,00,01,C535,,,1025,1,
FRAME,1860,C74A,-,77,09,F8,1,3,7,0,1,1,3,00,00,01,,,,,1025,1,
RNG,1861,C535,-,77,09,F8,1,3,7,0,1,1,3,00,00,01,C535,,,1025,1,
FRAME,1861,C74C,-,47,4D,F9,1,3,7,4,1,1,3,00,00,01,,,,,1025,1,
RNG,1862,C535,-,47,4D,F9,1,3,7,4,1,1,3,00,00,01,C535,,,1025,1,
C726,1862,C726,-,4A,A0,FA,0,2,2,2,1,1,3,00,00,01,C726,,,1026,1,
OBJECT,1862,E022,-,4A,A0,FA,0,2,2,2,1,1,3,00,00,01,22,$0216,26,1026,1,
FRAME,1862,E022,-,4A,A0,FA,0,2,2,2,1,1,3,00,00,01,,,,,1026,1,
RNG,1863,C535,-,4A,A0,FA,0,2,2,2,1,1,3,00,00,01,C535,,,1026,1,
C726,1863,C726,-,96,F4,FB,0,2,6,7,1,1,3,00,00,01,C726,,,1027,1,
C726,1863,C726,-,96,F4,FB,0,2,6,7,1,1,3,00,00,01,C726,,,1028,1,
C726,1863,C726,-,96,F4,FB,0,2,6,7,1,1,3,00,00,01,C726,,,1029,1,
C726,1863,C726,-,96,F4,FB,0,2,6,7,1,1,3,00,00,01,C726,,,1030,1,
C726,1863,C726,-,96,F4,FB,0,2,6,7,1,1,3,00,00,01,C726,,,1031,1,
OBJECT,1863,C74C,-,96,F4,FB,0,2,6,7,1,1,3,00,00,01,23,$0217,5E,1031,1,
OBJECT,1863,C74C,-,96,F4,FB,0,2,6,7,1,1,3,00,00,01,24,$0218,45,1031,1,
OBJECT,1863,C74C,-,96,F4,FB,0,2,6,7,1,1,3,00,00,01,25,$0219,01,1031,1,
OBJECT,1863,C74C,-,96,F4,FB,0,2,6,7,1,1,3,00,00,01,26,$021A,4B,1031,1,
OBJECT,1863,C74C,-,96,F4,FB,0,2,6,7,1,1,3,00,00,01,27,$021B,09,1031,1,
FRAME,1863,C74C,-,96,F4,FB,0,2,6,7,1,1,3,00,00,01,,,,,1031,1,
RNG,1864,C535,-,96,F4,FB,0,2,6,7,1,1,3,00,00,01,C535,,,1031,1,
FRAME,1864,C74A,-,F8,57,FC,0,0,0,5,1,1,3,00,00,01,,,,,1031,1,
RNG,1865,C535,-,F8,57,FC,0,0,0,5,1,1,3,00,00,01,C535,,,1031,1,
FRAME,1865,C74A,-,7B,BB,FD,1,3,3,3,1,1,3,00,00,01,,,,,1031,1,
RNG,1866,C535,-,7B,BB,FD,1,3,3,3,1,1,3,00,00,01,C535,,,1031,1,
C726,1866,C726,-,C7,00,FE,1,3,7,0,1,1,3,00,00,01,C726,,,1032,1,
OBJECT,1866,E05F,-,C7,00,FE,1,3,7,0,1,1,3,00,00,01,28,$021C,26,1032,1,
FRAME,1866,E05F,-,C7,00,FE,1,3,7,0,1,1,3,00,00,01,,,,,1032,1,
RNG,1867,C535,-,C7,00,FE,1,3,7,0,1,1,3,00,00,01,C535,,,1032,1,
C726,1867,C726,-,AD,46,FF,1,1,5,4,1,1,3,00,00,01,C726,,,1033,1,
C726,1867,C726,-,AD,46,FF,1,1,5,4,1,1,3,00,00,01,C726,,,1034,1,
C726,1867,C726,-,AD,46,FF,1,1,5,4,1,1,3,00,00,01,C726,,,1035,1,
C726,1867,C726,-,AD,46,FF,1,1,5,4,1,1,3,00,00,01,C726,,,1036,1,
C726,1867,C726,-,AD,46,FF,1,1,5,4,1,1,3,00,00,01,C726,,,1037,1,
OBJECT,1867,C74C,-,AD,46,FF,1,1,5,4,1,1,3,00,00,01,29,$021D,5E,1037,1,
OBJECT,1867,C74C,-,AD,46,FF,1,1,5,4,1,1,3,00,00,01,30,$021E,45,1037,1,
OBJECT,1867,C74C,-,AD,46,FF,1,1,5,4,1,1,3,00,00,01,31,$021F,01,1037,1,
OBJECT,1867,C74C,-,AD,46,FF,1,1,5,4,1,1,3,00,00,01,32,$0220,4B,1037,1,
OBJECT,1867,C74C,-,AD,46,FF,1,1,5,4,1,1,3,00,00,01,33,$0221,09,1037,1,
FRAME,1867,C74C,-,AD,46,FF,1,1,5,4,1,1,3,00,00,01,,,,,1037,1,
RNG,1868,C535,-,AD,46,FF,1,1,5,4,1,1,3,00,00,01,C535,,,1037,1,
FRAME,1868,C74C,-,30,9B,00,0,0,0,1,1,1,3,00,00,01,,,,,1037,1,
RNG,1869,C535,-,30,9B,00,0,0,0,1,1,1,3,00,00,01,C535,,,1037,1,
FRAME,1869,C74E,-,00,28,01,0,0,0,2,1,1,3,00,00,01,,,,,1037,1,
RNG,1870,C535,-,00,28,01,0,0,0,2,1,1,3,00,00,01,C535,,,1037,1,
FRAME,1870,C74A,-,DB,FB,02,1,3,3,7,1,1,3,00,00,01,,,,,1037,1,
RNG,1871,C535,-,DB,FB,02,1,3,3,7,1,1,3,00,00,01,C535,,,1037,1,
C726,1871,C726,-,88,02,03,0,0,0,0,1,1,3,00,00,01,C726,,,1038,1,
C726,1871,C726,-,88,02,03,0,0,0,0,1,1,3,00,00,01,C726,,,1039,1,
C726,1871,C726,-,88,02,03,0,0,0,0,1,1,3,00,00,01,C726,,,1040,1,
C726,1871,C726,-,88,02,03,0,0,0,0,1,1,3,00,00,01,C726,,,1041,1,
C726,1871,C726,-,88,02,03,0,0,0,0,1,1,3,00,00,01,C726,,,1042,1,
C726,1871,C726,-,88,02,03,0,0,0,0,1,1,3,00,00,01,C726,,,1043,1,
OBJECT,1871,C74A,-,88,02,03,0,0,0,0,1,1,3,00,00,01,34,$0222,26,1043,1,
OBJECT,1871,C74A,-,88,02,03,0,0,0,0,1,1,3,00,00,01,35,$0223,5E,1043,1,
OBJECT,1871,C74A,-,88,02,03,0,0,0,0,1,1,3,00,00,01,36,$0224,45,1043,1,
OBJECT,1871,C74A,-,88,02,03,0,0,0,0,1,1,3,00,00,01,37,$0225,01,1043,1,
OBJECT,1871,C74A,-,88,02,03,0,0,0,0,1,1,3,00,00,01,38,$0226,4B,1043,1,
OBJECT,1871,C74A,-,88,02,03,0,0,0,0,1,1,3,00,00,01,39,$0227,09,1043,1,
FRAME,1871,C74A,-,88,02,03,0,0,0,0,1,1,3,00,00,01,,,,,1043,1,
RNG,1872,C535,-,88,02,03,0,0,0,0,1,1,3,00,00,01,C535,,,1043,1,
FRAME,1872,C74A,-,B3,8F,04,1,3,3,0,1,1,3,00,00,01,,,,,1043,1,
RNG,1873,C535,-,B3,8F,04,1,3,3,0,1,1,3,00,00,01,C535,,,1043,1,
FRAME,1873,C74C,-,BA,6A,05,0,2,2,6,1,1,3,00,00,01,,,,,1043,1,
RNG,1874,C535,-,BA,6A,05,0,2,2,6,1,1,3,00,00,01,C535,,,1043,1,
FRAME,1874,C74C,-,87,71,06,1,3,7,7,1,1,3,00,00,01,,,,,1043,1,
RNG,1875,C535,-,87,71,06,1,3,7,7,1,1,3,00,00,01,C535,,,1043,1,
C726,1875,C726,-,0A,89,07,0,2,2,0,1,1,3,00,00,01,C726,,,1044,1,
C726,1875,C726,-,0A,89,07,0,2,2,0,1,1,3,00,00,01,C726,,,1045,1,
C726,1875,C726,-,0A,89,07,0,2,2,0,1,1,3,00,00,01,C726,,,1046,1,
C726,1875,C726,-,0A,89,07,0,2,2,0,1,1,3,00,00,01,C726,,,1047,1,
OBJECT,1875,C142,-,0A,89,07,0,2,2,0,1,1,3,00,00,01,40,$0228,26,1047,1,
OBJECT,1875,C142,-,0A,89,07,0,2,2,0,1,1,3,00,00,01,41,$0229,5E,1047,1,
OBJECT,1875,C142,-,0A,89,07,0,2,2,0,1,1,3,00,00,01,42,$022A,45,1047,1,
OBJECT,1875,C142,-,0A,89,07,0,2,2,0,1,1,3,00,00,01,43,$022B,01,1047,1,
FRAME,1875,C142,-,0A,89,07,0,2,2,0,1,1,3,00,00,01,,,,,1047,1,
C726,1876,C726,-,0A,89,07,0,2,2,0,0,1,3,00,00,01,C726,,,1048,1,
C726,1876,C726,-,0A,89,07,0,2,2,0,0,1,3,00,00,01,C726,,,1049,1,
OBJECT,1876,C74A,-,0A,89,07,0,2,2,0,0,1,3,00,00,01,44,$022C,4B,1049,1,
OBJECT,1876,C74A,-,0A,89,07,0,2,2,0,0,1,3,00,00,01,45,$022D,09,1049,1,
FRAME,1876,C74A,-,0A,89,07,0,2,2,0,0,1,3,00,00,01,,,,,1049,1,
RNG,1877,C535,-,0A,89,07,0,2,2,0,1,2,3,00,00,01,C535,,,1049,1,
FRAME,1877,C74C,-,11,F2,08,1,1,1,7,1,2,3,00,00,01,,,,,1049,1,
RNG,1878,C535,-,11,F2,08,1,1,1,7,1,1,3,00,00,01,C535,,,1049,1,
FRAME,1878,C74E,-,A1,FA,09,1,1,1,7,1,1,3,00,00,01,,,,,1049,1,
RNG,1879,C535,-,A1,FA,09,1,1,1,7,1,1,3,00,00,01,C535,,,1049,1,
C726,1879,C726,-,A8,87,0A,0,0,0,0,1,1,3,00,00,01,C726,,,1050,1,
OBJECT,1879,FF17,-,A8,87,0A,0,0,0,0,1,1,3,00,00,01,46,$022E,26,1050,1,
FRAME,1879,FF17,-,A8,87,0A,0,0,0,0,1,1,3,00,00,01,,,,,1050,1,
RNG,1880,C535,-,A8,87,0A,0,0,0,0,1,1,3,00,00,01,C535,,,1050,1,
C726,1880,C726,-,4D,56,0B,1,1,5,5,1,1,3,00,00,01,C726,,,1051,1,
C726,1880,C726,-,4D,56,0B,1,1,5,5,1,1,3,00,00,01,C726,,,1052,1,
C726,1880,C726,-,4D,56,0B,1,1,5,5,1,1,3,00,00,01,C726,,,1053,1,
C726,1880,C726,-,4D,56,0B,1,1,5,5,1,1,3,00,00,01,C726,,,1054,1,
C726,1880,C726,-,4D,56,0B,1,1,5,5,1,1,3,00,00,01,C726,,,1055,1,
OBJECT,1880,C74A,-,4D,56,0B,1,1,5,5,1,1,3,00,00,01,47,$022F,5E,1055,1,
OBJECT,1880,C74A,-,4D,56,0B,1,1,5,5,1,1,3,00,00,01,48,$0230,45,1055,1,
OBJECT,1880,C74A,-,4D,56,0B,1,1,5,5,1,1,3,00,00,01,49,$0231,01,1055,1,
OBJECT,1880,C74A,-,4D,56,0B,1,1,5,5,1,1,3,00,00,01,50,$0232,4B,1055,1,
OBJECT,1880,C74A,-,4D,56,0B,1,1,5,5,1,1,3,00,00,01,51,$0233,09,1055,1,
FRAME,1880,C74A,-,4D,56,0B,1,1,5,5,1,1,3,00,00,01,,,,,1055,1,
RNG,1881,C535,-,4D,56,0B,1,1,5,5,1,1,3,00,00,01,C535,,,1055,1,
FRAME,1881,C74C,-,2C,5D,0C,0,0,4,5,1,1,3,00,00,01,,,,,1055,1,
RNG,1882,C535,-,2C,5D,0C,0,0,4,5,1,1,3,00,00,01,C535,,,1055,1,
FRAME,1882,C74C,-,55,EA,0D,1,1,5,6,1,1,3,00,00,01,,,,,1055,1,
RNG,1883,C535,-,55,EA,0D,1,1,5,6,1,1,3,00,00,01,C535,,,1055,1,
C726,1883,C726,-,5C,C1,0E,0,0,4,4,1,1,3,00,00,01,C726,,,1056,1,
OBJECT,1883,E05D,-,5C,C1,0E,0,0,4,4,1,1,3,00,00,01,52,$0234,26,1056,1,
FRAME,1883,E05D,-,5C,C1,0E,0,0,4,4,1,1,3,00,00,01,,,,,1056,1,
RNG,1884,C535,-,5C,C1,0E,0,0,4,4,1,1,3,00,00,01,C535,,,1056,1,
C726,1884,C726,-,A8,C8,0F,0,0,0,4,1,1,3,00,00,01,C726,,,1057,1,
C726,1884,C726,-,A8,C8,0F,0,0,0,4,1,1,3,00,00,01,C726,,,1058,1,
C726,1884,C726,-,A8,C8,0F,0,0,0,4,1,1,3,00,00,01,C726,,,1059,1,
C726,1884,C726,-,A8,C8,0F,0,0,0,4,1,1,3,00,00,01,C726,,,1060,1,
C726,1884,C726,-,A8,C8,0F,0,0,0,4,1,1,3,00,00,01,C726,,,1061,1,
OBJECT,1884,C74C,-,A8,C8,0F,0,0,0,4,1,1,3,00,00,01,53,$0235,5E,1061,1,
OBJECT,1884,C74C,-,A8,C8,0F,0,0,0,4,1,1,3,00,00,01,54,$0236,45,1061,1,
OBJECT,1884,C74C,-,A8,C8,0F,0,0,0,4,1,1,3,00,00,01,55,$0237,01,1061,1,
OBJECT,1884,C74C,-,A8,C8,0F,0,0,0,4,1,1,3,00,00,01,56,$0238,4B,1061,1,
OBJECT,1884,C74C,-,A8,C8,0F,0,0,0,4,1,1,3,00,00,01,57,$0239,09,1061,1,
FRAME,1884,C74C,-,A8,C8,0F,0,0,0,4,1,1,3,00,00,01,,,,,1061,1,
RNG,1885,C535,-,A8,C8,0F,0,0,0,4,1,1,3,00,00,01,C535,,,1061,1,
FRAME,1885,C74A,-,14,55,10,0,0,4,5,1,1,3,00,00,01,,,,,1061,1,
RNG,1886,C535,-,14,55,10,0,0,4,5,1,1,3,00,00,01,C535,,,1061,1,
FRAME,1886,C74A,-,95,34,11,1,1,5,3,1,1,3,00,00,01,,,,,1061,1,
RNG,1887,C535,-,95,34,11,1,1,5,3,1,1,3,00,00,01,C535,,,1061,1,
C726,1887,C726,-,3A,3B,12,0,2,2,3,1,1,3,00,00,01,C726,,,1062,1,
OBJECT,1887,E063,-,3A,3B,12,0,2,2,3,1,1,3,00,00,01,58,$023A,26,1062,1,
FRAME,1887,E063,-,3A,3B,12,0,2,2,3,1,1,3,00,00,01,,,,,1062,1,
RNG,1888,C535,-,3A,3B,12,0,2,2,3,1,1,3,00,00,01,C535,,,1062,1,
C726,1888,C726,-,19,E4,13,1,1,1,6,1,1,3,00,00,01,C726,,,1063,1,
C726,1888,C726,-,19,E4,13,1,1,1,6,1,1,3,00,00,01,C726,,,1064,1,
C726,1888,C726,-,19,E4,13,1,1,1,6,1,1,3,00,00,01,C726,,,1065,1,
C726,1888,C726,-,19,E4,13,1,1,1,6,1,1,3,00,00,01,C726,,,1066,1,
C726,1888,C726,-,19,E4,13,1,1,1,6,1,1,3,00,00,01,C726,,,1067,1,
OBJECT,1888,C750,-,19,E4,13,1,1,1,6,1,1,3,00,00,01,59,$023B,5E,1067,1,
OBJECT,1888,C750,-,19,E4,13,1,1,1,6,1,1,3,00,00,01,60,$023C,45,1067,1,
OBJECT,1888,C750,-,19,E4,13,1,1,1,6,1,1,3,00,00,01,61,$023D,01,1067,1,
OBJECT,1888,C750,-,19,E4,13,1,1,1,6,1,1,3,00,00,01,62,$023E,4B,1067,1,
OBJECT,1888,C750,-,19,E4,13,1,1,1,6,1,1,3,00,00,01,63,$023F,09,1067,1,
FRAME,1888,C750,-,19,E4,13,1,1,1,6,1,1,3,00,00,01,,,,,1067,1,
RNG,1889,C535,-,19,E4,13,1,1,1,6,1,1,3,00,00,01,C535,,,1067,1,
FRAME,1889,C74C,-,42,E4,14,0,2,2,6,1,1,3,00,00,01,,,,,1067,1,
RNG,1890,C535,-,42,E4,14,0,2,2,6,1,1,3,00,00,01,C535,,,1067,1,
FRAME,1890,C74C,-,49,71,15,1,1,1,7,1,1,3,00,00,01,,,,,1067,1,
RNG,1891,C535,-,49,71,15,1,1,1,7,1,1,3,00,00,01,C535,,,1067,1,
FRAME,1891,C74E,-,81,65,16,1,1,1,6,1,1,3,00,00,01,,,,,1067,1,
RNG,1892,C535,-,81,65,16,1,1,1,6,1,1,3,00,00,01,C535,,,1067,1,
C726,1892,C726,-,6A,68,17,0,2,2,6,1,1,3,00,00,01,C726,,,1068,1,
C726,1892,C726,-,6A,68,17,0,2,2,6,1,1,3,00,00,01,C726,,,1069,1,
C726,1892,C726,-,6A,68,17,0,2,2,6,1,1,3,00,00,01,C726,,,1070,1,
C726,1892,C726,-,6A,68,17,0,2,2,6,1,1,3,00,00,01,C726,,,1071,1,
C726,1892,C726,-,6A,68,17,0,2,2,6,1,1,3,00,00,01,C726,,,1072,1,
C726,1892,C726,-,6A,68,17,0,2,2,6,1,1,3,00,00,01,C726,,,1073,1,
OBJECT,1892,C74E,-,6A,68,17,0,2,2,6,1,1,3,00,00,01,0,$0200,26,1073,1,
OBJECT,1892,C74E,-,6A,68,17,0,2,2,6,1,1,3,00,00,01,1,$0201,5E,1073,1,
OBJECT,1892,C74E,-,6A,68,17,0,2,2,6,1,1,3,00,00,01,2,$0202,45,1073,1,
OBJECT,1892,C74E,-,6A,68,17,0,2,2,6,1,1,3,00,00,01,3,$0203,01,1073,1,
OBJECT,1892,C74E,-,6A,68,17,0,2,2,6,1,1,3,00,00,01,4,$0204,4B,1073,1,
OBJECT,1892,C74E,-,6A,68,17,0,2,2,6,1,1,3,00,00,01,5,$0205,09,1073,1,
FRAME,1892,C74E,-,6A,68,17,0,2,2,6,1,1,3,00,00,01,,,,,1073,1,
RNG,1893,C535,-,6A,68,17,0,2,2,6,1,1,3,00,00,01,C535,,,1073,1,
FRAME,1893,C74A,-,73,F5,18,1,3,3,7,1,1,3,00,00,01,,,,,1073,1,
RNG,1894,C535,-,73,F5,18,1,3,3,7,1,1,3,00,00,01,C535,,,1073,1,
FRAME,1894,C74A,-,F8,EA,19,0,0,0,6,1,1,3,00,00,01,,,,,1073,1,
RNG,1895,C535,-,F8,EA,19,0,0,0,6,1,1,3,00,00,01,C535,,,1073,1,
FRAME,1895,C74C,-,7F,ED,1A,1,3,7,6,1,1,3,00,00,01,,,,,1073,1,
RNG,1896,C535,-,7F,ED,1A,1,3,7,6,1,1,3,00,00,01,C535,,,1073,1,
C726,1896,C726,-,21,7A,1B,1,1,1,7,1,1,3,00,00,01,C726,,,1074,1,
C726,1896,C726,-,21,7A,1B,1,1,1,7,1,1,3,00,00,01,C726,,,1075,1,
C726,1896,C726,-,21,7A,1B,1,1,1,7,1,1,3,00,00,01,C726,,,1076,1,
C726,1896,C726,-,21,7A,1B,1,1,1,7,1,1,3,00,00,01,C726,,,1077,1,
OBJECT,1896,C0AC,-,21,7A,1B,1,1,1,7,1,1,3,00,00,01,6,$0206,26,1077,1,
OBJECT,1896,C0AC,-,21,7A,1B,1,1,1,7,1,1,3,00,00,01,7,$0207,5E,1077,1,
OBJECT,1896,C0AC,-,21,7A,1B,1,1,1,7,1,1,3,00,00,01,8,$0208,45,1077,1,
OBJECT,1896,C0AC,-,21,7A,1B,1,1,1,7,1,1,3,00,00,01,9,$0209,01,1077,1,
FRAME,1896,C0AC,-,21,7A,1B,1,1,1,7,1,1,3,00,00,01,,,,,1077,1,
C726,1897,C726,-,21,7A,1B,1,1,1,7,0,1,3,00,00,01,C726,,,1078,1,
C726,1897,C726,-,21,7A,1B,1,1,1,7,0,1,3,00,00,01,C726,,,1079,1,
OBJECT,1897,C74C,-,21,7A,1B,1,1,1,7,0,1,3,00,00,01,10,$020A,4B,1079,1,
OBJECT,1897,C74C,-,21,7A,1B,1,1,1,7,0,1,3,00,00,01,11,$020B,09,1079,1,
FRAME,1897,C74C,-,21,7A,1B,1,1,1,7,0,1,3,00,00,01,,,,,1079,1,
RNG,1898,C535,-,21,7A,1B,1,1,1,7,1,2,3,00,00,01,C535,,,1079,1,
FRAME,1898,C74C,-,21,70,1C,1,1,1,7,1,2,3,00,00,01,,,,,1079,1,
RNG,1899,C535,-,21,70,1C,1,1,1,7,1,1,3,00,00,01,C535,,,1079,1,
FRAME,1899,C74E,-,CA,73,1D,0,2,2,7,1,1,3,00,00,01,,,,,1079,1,
RNG,1900,C535,-,CA,73,1D,0,2,2,7,1,1,3,00,00,01,C535,,,1079,1,
C726,1900,C726,-,D0,00,1E,0,0,0,0,1,1,3,00,00,01,C726,,,1080,1,
OBJECT,1900,E02C,-,D0,00,1E,0,0,0,0,1,1,3,00,00,01,12,$020C,26,1080,1,
FRAME,1900,E02C,-,D0,00,1E,0,0,0,0,1,1,3,00,00,01,,,,,1080,1,
RNG,1901,C535,-,D0,00,1E,0,0,0,0,1,1,3,00,00,01,C535,,,1080,1,
C726,1901,C726,-,55,F7,1F,1,1,5,7,1,1,3,00,00,01,C726,,,1081,1,
C726,1901,C726,-,55,F7,1F,1,1,5,7,1,1,3,00,00,01,C726,,,1082,1,
C726,1901,C726,-,55,F7,1F,1,1,5,7,1,1,3,00,00,01,C726,,,1083,1,
C726,1901,C726,-,55,F7,1F,1,1,5,7,1,1,3,00,00,01,C726,,,1084,1,
C726,1901,C726,-,55,F7,1F,1,1,5,7,1,1,3,00,00,01,C726,,,1085,1,
OBJECT,1901,C74A,-,55,F7,1F,1,1,5,7,1,1,3,00,00,01,13,$020D,5E,1085,1,
OBJECT,1901,C74A,-,55,F7,1F,1,1,5,7,1,1,3,00,00,01,14,$020E,45,1085,1,
OBJECT,1901,C74A,-,55,F7,1F,1,1,5,7,1,1,3,00,00,01,15,$020F,01,1085,1,
OBJECT,1901,C74A,-,55,F7,1F,1,1,5,7,1,1,3,00,00,01,16,$0210,4B,1085,1,
OBJECT,1901,C74A,-,55,F7,1F,1,1,5,7,1,1,3,00,00,01,17,$0211,09,1085,1,
FRAME,1901,C74A,-,55,F7,1F,1,1,5,7,1,1,3,00,00,01,,,,,1085,1,
RNG,1902,C535,-,55,F7,1F,1,1,5,7,1,1,3,00,00,01,C535,,,1085,1,
FRAME,1902,C74C,-,DD,FA,20,1,1,5,7,1,1,3,00,00,01,,,,,1085,1,
RNG,1903,C535,-,DD,FA,20,1,1,5,7,1,1,3,00,00,01,C535,,,1085,1,
FRAME,1903,C74C,-,7D,E8,21,1,1,5,6,1,1,3,00,00,01,,,,,1085,1,
RNG,1904,C535,-,7D,E8,21,1,1,5,6,1,1,3,00,00,01,C535,,,1085,1,
C726,1904,C726,-,7D,DB,22,1,1,5,5,1,1,3,00,00,01,C726,,,1086,1,
OBJECT,1904,E061,-,7D,DB,22,1,1,5,5,1,1,3,00,00,01,18,$0212,26,1086,1,
FRAME,1904,E061,-,7D,DB,22,1,1,5,5,1,1,3,00,00,01,,,,,1086,1,
RNG,1905,C535,-,7D,DB,22,1,1,5,5,1,1,3,00,00,01,C535,,,1086,1,
C726,1905,C726,-,03,DE,23,1,3,3,5,1,1,3,00,00,01,C726,,,1087,1,
C726,1905,C726,-,03,DE,23,1,3,3,5,1,1,3,00,00,01,C726,,,1088,1,
C726,1905,C726,-,03,DE,23,1,3,3,5,1,1,3,00,00,01,C726,,,1089,1,
C726,1905,C726,-,03,DE,23,1,3,3,5,1,1,3,00,00,01,C726,,,1090,1,
C726,1905,C726,-,03,DE,23,1,3,3,5,1,1,3,00,00,01,C726,,,1091,1,
OBJECT,1905,C74E,-,03,DE,23,1,3,3,5,1,1,3,00,00,01,19,$0213,5E,1091,1,
OBJECT,1905,C74E,-,03,DE,23,1,3,3,5,1,1,3,00,00,01,20,$0214,45,1091,1,
OBJECT,1905,C74E,-,03,DE,23,1,3,3,5,1,1,3,00,00,01,21,$0215,01,1091,1,
OBJECT,1905,C74E,-,03,DE,23,1,3,3,5,1,1,3,00,00,01,22,$0216,4B,1091,1,
OBJECT,1905,C74E,-,03,DE,23,1,3,3,5,1,1,3,00,00,01,23,$0217,09,1091,1,
FRAME,1905,C74E,-,03,DE,23,1,3,3,5,1,1,3,00,00,01,,,,,1091,1,
RNG,1906,C535,-,03,DE,23,1,3,3,5,1,1,3,00,00,01,C535,,,1091,1,
FRAME,1906,C74A,-,8C,2A,24,0,0,4,2,1,1,3,00,00,01,,,,,1091,1,
RNG,1907,C535,-,8C,2A,24,0,0,4,2,1,1,3,00,00,01,C535,,,1091,1,
FRAME,1907,C74A,-,10,FD,25,0,0,0,7,1,1,3,00,00,01,,,,,1091,1,
RNG,1908,C535,-,10,FD,25,0,0,0,7,1,1,3,00,00,01,C535,,,1091,1,
FRAME,1908,C74C,-,9A,92,26,0,2,2,1,1,1,3,00,00,01,,,,,1091,1,
RNG,1909,C535,-,9A,92,26,0,2,2,1,1,1,3,00,00,01,C535,,,1091,1,
C726,1909,C726,-,53,37,27,1,3,3,3,1,1,3,00,00,01,C726,,,1092,1,
C726,1909,C726,-,53,37,27,1,3,3,3,1,1,3,00,00,01,C726,,,1093,1,
C726,1909,C726,-,53,37,27,1,3,3,3,1,1,3,00,00,01,C726,,,1094,1,
C726,1909,C726,-,53,37,27,1,3,3,3,1,1,3,00,00,01,C726,,,1095,1,
C726,1909,C726,-,53,37,27,1,3,3,3,1,1,3,00,00,01,C726,,,1096,1,
C726,1909,C726,-,53,37,27,1,3,3,3,1,1,3,00,00,01,C726,,,1097,1,
OBJECT,1909,C74E,-,53,37,27,1,3,3,3,1,1,3,00,00,01,24,$0218,26,1097,1,
OBJECT,1909,C74E,-,53,37,27,1,3,3,3,1,1,3,00,00,01,25,$0219,5E,1097,1,
OBJECT,1909,C74E,-,53,37,27,1,3,3,3,1,1,3,00,00,01,26,$021A,45,1097,1,
OBJECT,1909,C74E,-,53,37,27,1,3,3,3,1,1,3,00,00,01,27,$021B,01,1097,1,
OBJECT,1909,C74E,-,53,37,27,1,3,3,3,1,1,3,00,00,01,28,$021C,4B,1097,1,
OBJECT,1909,C74E,-,53,37,27,1,3,3,3,1,1,3,00,00,01,29,$021D,09,1097,1,
FRAME,1909,C74E,-,53,37,27,1,3,3,3,1,1,3,00,00,01,,,,,1097,1,
RNG,1910,C535,-,53,37,27,1,3,3,3,1,1,3,00,00,01,C535,,,1097,1,
FRAME,1910,C74C,-,D4,04,28,0,0,4,0,1,1,3,00,00,01,,,,,1097,1,
RNG,1911,C535,-,D4,04,28,0,0,4,0,1,1,3,00,00,01,C535,,,1097,1,
FRAME,1911,C74C,-,DB,09,29,1,3,3,0,1,1,3,00,00,01,,,,,1097,1,
RNG,1912,C535,-,DB,09,29,1,3,3,0,1,1,3,00,00,01,C535,,,1097,1,
FRAME,1912,C74C,-,A4,D7,2A,0,0,4,5,1,1,3,00,00,01,,,,,1097,1,
RNG,1913,C535,-,A4,D7,2A,0,0,4,5,1,1,3,00,00,01,C535,,,1097,1,
C726,1913,C726,-,E6,DC,2B,0,2,6,5,1,1,3,00,00,01,C726,,,1098,1,
C726,1913,C726,-,E6,DC,2B,0,2,6,5,1,1,3,00,00,01,C726,,,1099,1,
C726,1913,C726,-,E6,DC,2B,0,2,6,5,1,1,3,00,00,01,C726,,,1100,1,
C726,1913,C726,-,E6,DC,2B,0,2,6,5,1,1,3,00,00,01,C726,,,1101,1,
C726,1913,C726,-,E6,DC,2B,0,2,6,5,1,1,3,00,00,01,C726,,,1102,1,
OBJECT,1913,C401,-,E6,DC,2B,0,2,6,5,1,1,3,00,00,01,30,$021E,26,1102,1,
OBJECT,1913,C401,-,E6,DC,2B,0,2,6,5,1,1,3,00,00,01,31,$021F,5E,1102,1,
OBJECT,1913,C401,-,E6,DC,2B,0,2,6,5,1,1,3,00,00,01,32,$0220,45,1102,1,
OBJECT,1913,C401,-,E6,DC,2B,0,2,6,5,1,1,3,00,00,01,33,$0221,01,1102,1,
OBJECT,1913,C401,-,E6,DC,2B,0,2,6,5,1,1,3,00,00,01,34,$0222,4B,1102,1,
FRAME,1913,C401,-,E6,DC,2B,0,2,6,5,1,1,3,00,00,01,,,,,1102,1,
C726,1914,C726,-,E6,DC,2B,0,2,6,5,0,1,3,00,00,01,C726,,,1103,1,
OBJECT,1914,C74E,-,E6,DC,2B,0,2,6,5,0,1,3,00,00,01,35,$0223,09,1103,1,
FRAME,1914,C74E,-,E6,DC,2B,0,2,6,5,0,1,3,00,00,01,,,,,1103,1,
RNG,1915,C535,-,E6,DC,2B,0,2,6,5,1,2,3,00,00,01,C535,,,1103,1,
FRAME,1915,C74C,-,B6,AB,2C,0,2,6,2,1,2,3,00,00,01,,,,,1103,1,
RNG,1916,C535,-,B6,AB,2C,0,2,6,2,1,1,3,00,00,01,C535,,,1103,1,
FRAME,1916,C74C,-,D7,B0,2D,1,3,7,3,1,1,3,00,00,01,,,,,1103,1,
RNG,1917,C535,-,D7,B0,2D,1,3,7,3,1,1,3,00,00,01,C535,,,1103,1,
C726,1917,C726,-,80,80,2E,0,0,0,0,1,1,3,00,00,01,C726,,,1104,1,
C726,1917,C726,-,80,80,2E,0,0,0,0,1,1,3,00,00,01,C726,,,1105,1,
OBJECT,1917,FEFD,-,80,80,2E,0,0,0,0,1,1,3,00,00,01,36,$0224,26,1105,1,
OBJECT,1917,FEFD,-,80,80,2E,0,0,0,0,1,1,3,00,00,01,37,$0225,5E,1105,1,
FRAME,1917,FEFD,-,80,80,2E,0,0,0,0,1,1,3,00,00,01,,,,,1105,1,
RNG,1918,C535,-,80,80,2E,0,0,0,0,1,1,3,00,00,01,C535,,,1105,1,
C726,1918,C726,-,81,AC,2F,1,1,1,2,1,1,3,00,00,01,C726,,,1106,1,
C726,1918,C726,-,81,AC,2F,1,1,1,2,1,1,3,00,00,01,C726,,,1107,1,
C726,1918,C726,-,81,AC,2F,1,1,1,2,1,1,3,00,00,01,C726,,,1108,1,
C726,1918,C726,-,81,AC,2F,1,1,1,2,1,1,3,00,00,01,C726,,,1109,1,
OBJECT,1918,C74C,-,81,AC,2F,1,1,1,2,1,1,3,00,00,01,38,$0226,45,1109,1,
OBJECT,1918,C74C,-,81,AC,2F,1,1,1,2,1,1,3,00,00,01,39,$0227,01,1109,1,
OBJECT,1918,C74C,-,81,AC,2F,1,1,1,2,1,1,3,00,00,01,40,$0228,4B,1109,1,
OBJECT,1918,C74C,-,81,AC,2F,1,1,1,2,1,1,3,00,00,01,41,$0229,09,1109,1,
FRAME,1918,C74C,-,81,AC,2F,1,1,1,2,1,1,3,00,00,01,,,,,1109,1,
RNG,1919,C535,-,81,AC,2F,1,1,1,2,1,1,3,00,00,01,C535,,,1109,1,
FRAME,1919,C74C,-,1E,85,30,0,2,6,0,1,1,3,00,00,01,,,,,1109,1,
RNG,1920,C535,-,1E,85,30,0,2,6,0,1,1,3,00,00,01,C535,,,1109,1,
FRAME,1920,C754,-,53,84,31,1,3,3,0,1,1,3,00,00,01,,,,,1109,1,
RNG,1921,C535,-,53,84,31,1,3,3,0,1,1,3,00,00,01,C535,,,1109,1,
C726,1921,C726,-,56,74,32,0,2,6,7,1,1,3,00,00,01,C726,,,1110,1,
OBJECT,1921,E022,-,56,74,32,0,2,6,7,1,1,3,00,00,01,42,$022A,26,1110,1,
FRAME,1921,E022,-,56,74,32,0,2,6,7,1,1,3,00,00,01,,,,,1110,1,
RNG,1922,C535,-,56,74,32,0,2,6,7,1,1,3,00,00,01,C535,,,1110,1,
C726,1922,C726,-,FB,A1,33,1,3,3,2,1,1,3,00,00,01,C726,,,1111,1,
C726,1922,C726,-,FB,A1,33,1,3,3,2,1,1,3,00,00,01,C726,,,1112,1,
C726,1922,C726,-,FB,A1,33,1,3,3,2,1,1,3,00,00,01,C726,,,1113,1,
C726,1922,C726,-,FB,A1,33,1,3,3,2,1,1,3,00,00,01,C726,,,1114,1,
C726,1922,C726,-,FB,A1,33,1,3,3,2,1,1,3,00,00,01,C726,,,1115,1,
OBJECT,1922,C74E,-,FB,A1,33,1,3,3,2,1,1,3,00,00,01,43,$022B,5E,1115,1,
OBJECT,1922,C74E,-,FB,A1,33,1,3,3,2,1,1,3,00,00,01,44,$022C,45,1115,1,
OBJECT,1922,C74E,-,FB,A1,33,1,3,3,2,1,1,3,00,00,01,45,$022D,01,1115,1,
OBJECT,1922,C74E,-,FB,A1,33,1,3,3,2,1,1,3,00,00,01,46,$022E,4B,1115,1,
OBJECT,1922,C74E,-,FB,A1,33,1,3,3,2,1,1,3,00,00,01,47,$022F,09,1115,1,
FRAME,1922,C74E,-,FB,A1,33,1,3,3,2,1,1,3,00,00,01,,,,,1115,1,
RNG,1923,C535,-,FB,A1,33,1,3,3,2,1,1,3,00,00,01,C535,,,1115,1,
FRAME,1923,C74E,-,82,43,34,0,2,2,4,1,1,3,00,00,01,,,,,1115,1,
RNG,1924,C535,-,82,43,34,0,2,2,4,1,1,3,00,00,01,C535,,,1115,1,
FRAME,1924,C74E,-,68,43,35,0,0,0,4,1,1,3,00,00,01,,,,,1115,1,
RNG,1925,C535,-,68,43,35,0,0,0,4,1,1,3,00,00,01,C535,,,1115,1,
C726,1925,C726,-,EF,00,36,1,3,7,0,1,1,3,00,00,01,C726,,,1116,1,
OBJECT,1925,E05F,-,EF,00,36,1,3,7,0,1,1,3,00,00,01,48,$0230,26,1116,1,
FRAME,1925,E05F,-,EF,00,36,1,3,7,0,1,1,3,00,00,01,,,,,1116,1,
RNG,1926,C535,-,EF,00,36,1,3,7,0,1,1,3,00,00,01,C535,,,1116,1,
C726,1926,C726,-,8C,CB,37,0,0,4,4,1,1,3,00,00,01,C726,,,1117,1,
C726,1926,C726,-,8C,CB,37,0,0,4,4,1,1,3,00,00,01,C726,,,1118,1,
C726,1926,C726,-,8C,CB,37,0,0,4,4,1,1,3,00,00,01,C726,,,1119,1,
C726,1926,C726,-,8C,CB,37,0,0,4,4,1,1,3,00,00,01,C726,,,1120,1,
C726,1926,C726,-,8C,CB,37,0,0,4,4,1,1,3,00,00,01,C726,,,1121,1,
OBJECT,1926,C74E,-,8C,CB,37,0,0,4,4,1,1,3,00,00,01,49,$0231,5E,1121,1,
OBJECT,1926,C74E,-,8C,CB,37,0,0,4,4,1,1,3,00,00,01,50,$0232,45,1121,1,
OBJECT,1926,C74E,-,8C,CB,37,0,0,4,4,1,1,3,00,00,01,51,$0233,01,1121,1,
OBJECT,1926,C74E,-,8C,CB,37,0,0,4,4,1,1,3,00,00,01,52,$0234,4B,1121,1,
OBJECT,1926,C74E,-,8C,CB,37,0,0,4,4,1,1,3,00,00,01,53,$0235,09,1121,1,
FRAME,1926,C74E,-,8C,CB,37,0,0,4,4,1,1,3,00,00,01,,,,,1121,1,
RNG,1927,C535,-,8C,CB,37,0,0,4,4,1,1,3,00,00,01,C535,,,1121,1,
FRAME,1927,C74E,-,C9,D2,38,1,1,1,5,1,1,3,00,00,01,,,,,1121,1,
RNG,1928,C535,-,C9,D2,38,1,1,1,5,1,1,3,00,00,01,C535,,,1121,1,
FRAME,1928,C74C,-,CC,0A,39,0,0,4,0,1,1,3,00,00,01,,,,,1121,1,
RNG,1929,C535,-,CC,0A,39,0,0,4,0,1,1,3,00,00,01,C535,,,1121,1,
FRAME,1929,C74C,-,71,F3,3A,1,1,1,7,1,1,3,00,00,01,,,,,1121,1,
RNG,1930,C535,-,71,F3,3A,1,1,1,7,1,1,3,00,00,01,C535,,,1121,1,
C726,1930,C726,-,F9,03,3B,1,1,1,0,1,1,3,00,00,01,C726,,,1122,1,
C726,1930,C726,-,F9,03,3B,1,1,1,0,1,1,3,00,00,01,C726,,,1123,1,
C726,1930,C726,-,F9,03,3B,1,1,1,0,1,1,3,00,00,01,C726,,,1124,1,
C726,1930,C726,-,F9,03,3B,1,1,1,0,1,1,3,00,00,01,C726,,,1125,1,
C726,1930,C726,-,F9,03,3B,1,1,1,0,1,1,3,00,00,01,C726,,,1126,1,
C726,1930,C726,-,F9,03,3B,1,1,1,0,1,1,3,00,00,01,C726,,,1127,1,
OBJECT,1930,C74A,-,F9,03,3B,1,1,1,0,1,1,3,00,00,01,54,$0236,26,1127,1,
OBJECT,1930,C74A,-,F9,03,3B,1,1,1,0,1,1,3,00,00,01,55,$0237,5E,1127,1,
OBJECT,1930,C74A,-,F9,03,3B,1,1,1,0,1,1,3,00,00,01,56,$0238,45,1127,1,
OBJECT,1930,C74A,-,F9,03,3B,1,1,1,0,1,1,3,00,00,01,57,$0239,01,1127,1,
OBJECT,1930,C74A,-,F9,03,3B,1,1,1,0,1,1,3,00,00,01,58,$023A,4B,1127,1,
OBJECT,1930,C74A,-,F9,03,3B,1,1,1,0,1,1,3,00,00,01,59,$023B,09,1127,1,
FRAME,1930,C74A,-,F9,03,3B,1,1,1,0,1,1,3,00,00,01,,,,,1127,1,
RNG,1931,C535,-,F9,03,3B,1,1,1,0,1,1,3,00,00,01,C535,,,1127,1,
FRAME,1931,C74C,-,DF,A0,3C,1,3,7,2,1,1,3,00,00,01,,,,,1127,1,
RNG,1932,C535,-,DF,A0,3C,1,3,7,2,1,1,3,00,00,01,C535,,,1127,1,
FRAME,1932,C74C,-,67,6B,3D,1,3,7,6,1,1,3,00,00,01,,,,,1127,1,
RNG,1933,C535,-,67,6B,3D,1,3,7,6,1,1,3,00,00,01,C535,,,1127,1,
FRAME,1933,C74E,-,4D,72,3E,1,1,5,7,1,1,3,00,00,01,,,,,1127,1,
RNG,1934,C535,-,4D,72,3E,1,1,5,7,1,1,3,00,00,01,C535,,,1127,1,
C726,1934,C726,-,D5,5A,3F,1,1,5,5,1,1,3,00,00,01,C726,,,1128,1,
C726,1934,C726,-,D5,5A,3F,1,1,5,5,1,1,3,00,00,01,C726,,,1129,1,
C726,1934,C726,-,D5,5A,3F,1,1,5,5,1,1,3,00,00,01,C726,,,1130,1,
C726,1934,C726,-,D5,5A,3F,1,1,5,5,1,1,3,00,00,01,C726,,,1131,1,
OBJECT,1934,C1A6,-,D5,5A,3F,1,1,5,5,1,1,3,00,00,01,60,$023C,26,1131,1,
OBJECT,1934,C1A6,-,D5,5A,3F,1,1,5,5,1,1,3,00,00,01,61,$023D,5E,1131,1,
OBJECT,1934,C1A6,-,D5,5A,3F,1,1,5,5,1,1,3,00,00,01,62,$023E,45,1131,1,
OBJECT,1934,C1A6,-,D5,5A,3F,1,1,5,5,1,1,3,00,00,01,63,$023F,01,1131,1,
FRAME,1934,C1A6,-,D5,5A,3F,1,1,5,5,1,1,3,00,00,01,,,,,1131,1,
C726,1935,C726,-,D5,5A,3F,1,1,5,5,0,1,3,00,00,01,C726,,,1132,1,
C726,1935,C726,-,D5,5A,3F,1,1,5,5,0,1,3,00,00,01,C726,,,1133,1,
OBJECT,1935,C74E,-,D5,5A,3F,1,1,5,5,0,1,3,00,00,01,0,$0200,4B,1133,1,
OBJECT,1935,C74E,-,D5,5A,3F,1,1,5,5,0,1,3,00,00,01,1,$0201,09,1133,1,
FRAME,1935,C74E,-,D5,5A,3F,1,1,5,5,0,1,3,00,00,01,,,,,1133,1,
RNG,1936,C535,-,D5,5A,3F,1,1,5,5,1,2,3,00,00,01,C535,,,1133,1,
FRAME,1936,C74C,-,72,42,40,0,2,2,4,1,2,3,00,00,01,,,,,1133,1,
RNG,1937,C535,-,72,42,40,0,2,2,4,1,1,3,00,00,01,C535,,,1133,1,
FRAME,1937,C74A,-,B7,2A,41,1,3,7,2,1,1,3,00,00,01,,,,,1133,1,
RNG,1938,C535,-,B7,2A,41,1,3,7,2,1,1,3,00,00,01,C535,,,1133,1,
C726,1938,C726,-,BA,12,42,0,2,2,1,1,1,3,00,00,01,C726,,,1134,1,
OBJECT,1938,E024,-,BA,12,42,0,2,2,1,1,1,3,00,00,01,2,$0202,26,1134,1,
FRAME,1938,E024,-,BA,12,42,0,2,2,1,1,1,3,00,00,01,,,,,1134,1,
RNG,1939,C535,-,BA,12,42,0,2,2,1,1,1,3,00,00,01,C535,,,1134,1,
C726,1939,C726,-,63,F2,43,1,3,3,7,1,1,3,00,00,01,C726,,,1135,1,
C726,1939,C726,-,63,F2,43,1,3,3,7,1,1,3,00,00,01,C726,,,1136,1,
C726,1939,C726,-,63,F2,43,1,3,3,7,1,1,3,00,00,01,C726,,,1137,1,
C726,1939,C726,-,63,F2,43,1,3,3,7,1,1,3,00,00,01,C726,,,1138,1,
C726,1939,C726,-,63,F2,43,1,3,3,7,1,1,3,00,00,01,C726,,,1139,1,
OBJECT,1939,C74A,-,63,F2,43,1,3,3,7,1,1,3,00,00,01,3,$0203,5E,1139,1,
OBJECT,1939,C74A,-,63,F2,43,1,3,3,7,1,1,3,00,00,01,4,$0204,45,1139,1,
OBJECT,1939,C74A,-,63,F2,43,1,3,3,7,1,1,3,00,00,01,5,$0205,01,1139,1,
OBJECT,1939,C74A,-,63,F2,43,1,3,3,7,1,1,3,00,00,01,6,$0206,4B,1139,1,
OBJECT,1939,C74A,-,63,F2,43,1,3,3,7,1,1,3,00,00,01,7,$0207,09,1139,1,
FRAME,1939,C74A,-,63,F2,43,1,3,3,7,1,1,3,00,00,01,,,,,1139,1,
RNG,1940,C535,-,63,F2,43,1,3,3,7,1,1,3,00,00,01,C535,,,1139,1,
FRAME,1940,C74E,-,63,0A,44,1,3,3,0,1,1,3,00,00,01,,,,,1139,1,
RNG,1941,C535,-,63,0A,44,1,3,3,0,1,1,3,00,00,01,C535,,,1139,1,
FRAME,1941,C74E,-,F8,DA,45,0,0,0,5,1,1,3,00,00,01,,,,,1139,1,
RNG,1942,C535,-,F8,DA,45,0,0,0,5,1,1,3,00,00,01,C535,,,1139,1,
C726,1942,C726,-,B3,C9,46,1,3,3,4,1,1,3,00,00,01,C726,,,1140,1,
OBJECT,1942,E063,-,B3,C9,46,1,3,3,4,1,1,3,00,00,01,8,$0208,26,1140,1,
FRAME,1942,E063,-,B3,C9,46,1,3,3,4,1,1,3,00,00,01,,,,,1140,1,
RNG,1943,C535,-,B3,C9,46,1,3,3,4,1,1,3,00,00,01,C535,,,1140,1,
C726,1943,C726,-,58,B7,47,0,0,0,3,1,1,3,00,00,01,C726,,,1141,1,
C726,1943,C726,-,58,B7,47,0,0,0,3,1,1,3,00,00,01,C726,,,1142,1,
C726,1943,C726,-,58,B7,47,0,0,0,3,1,1,3,00,00,01,C726,,,1143,1,
C726,1943,C726,-,58,B7,47,0,0,0,3,1,1,3,00,00,01,C726,,,1144,1,
C726,1943,C726,-,58,B7,47,0,0,0,3,1,1,3,00,00,01,C726,,,1145,1,
OBJECT,1943,C74C,-,58,B7,47,0,0,0,3,1,1,3,00,00,01,9,$0209,5E,1145,1,
OBJECT,1943,C74C,-,58,B7,47,0,0,0,3,1,1,3,00,00,01,10,$020A,45,1145,1,
OBJECT,1943,C74C,-,58,B7,47,0,0,0,3,1,1,3,00,00,01,11,$020B,01,1145,1,
OBJECT,1943,C74C,-,58,B7,47,0,0,0,3,1,1,3,00,00,01,12,$020C,4B,1145,1,
OBJECT,1943,C74C,-,58,B7,47,0,0,0,3,1,1,3,00,00,01,13,$020D,09,1145,1,
FRAME,1943,C74C,-,58,B7,47,0,0,0,3,1,1,3,00,00,01,,,,,1145,1,
RNG,1944,C535,-,58,B7,47,0,0,0,3,1,1,3,00,00,01,C535,,,1145,1,
FRAME,1944,C74E,-,E1,AE,48,1,1,1,2,1,1,3,00,00,01,,,,,1145,1,
RNG,1945,C535,-,E1,AE,48,1,1,1,2,1,1,3,00,00,01,C535,,,1145,1,
FRAME,1945,C74A,-,F9,B1,49,1,1,1,3,1,1,3,00,00,01,,,,,1145,1,
RNG,1946,C535,-,F9,B1,49,1,1,1,3,1,1,3,00,00,01,C535,,,1145,1,
FRAME,1946,C74A,-,62,5A,4A,0,2,2,5,1,1,3,00,00,01,,,,,1145,1,
RNG,1947,C535,-,62,5A,4A,0,2,2,5,1,1,3,00,00,01,C535,,,1145,1,
C726,1947,C726,-,72,8A,4B,0,2,2,0,1,1,3,00,00,01,C726,,,1146,1,
C726,1947,C726,-,72,8A,4B,0,2,2,0,1,1,3,00,00,01,C726,,,1147,1,
C726,1947,C726,-,72,8A,4B,0,2,2,0,1,1,3,00,00,01,C726,,,1148,1,
C726,1947,C726,-,72,8A,4B,0,2,2,0,1,1,3,00,00,01,C726,,,1149,1,
C726,1947,C726,-,72,8A,4B,0,2,2,0,1,1,3,00,00,01,C726,,,1150,1,
C726,1947,C726,-,72,8A,4B,0,2,2,0,1,1,3,00,00,01,C726,,,1151,1,
OBJECT,1947,C74E,-,72,8A,4B,0,2,2,0,1,1,3,00,00,01,14,$020E,26,1151,1,
OBJECT,1947,C74E,-,72,8A,4B,0,2,2,0,1,1,3,00,00,01,15,$020F,5E,1151,1,
OBJECT,1947,C74E,-,72,8A,4B,0,2,2,0,1,1,3,00,00,01,16,$0210,45,1151,1,
OBJECT,1947,C74E,-,72,8A,4B,0,2,2,0,1,1,3,00,00,01,17,$0211,01,1151,1,
OBJECT,1947,C74E,-,72,8A,4B,0,2,2,0,1,1,3,00,00,01,18,$0212,4B,1151,1,
OBJECT,1947,C74E,-,72,8A,4B,0,2,2,0,1,1,3,00,00,01,19,$0213,09,1151,1,
FRAME,1947,C74E,-,72,8A,4B,0,2,2,0,1,1,3,00,00,01,,,,,1151,1,
RNG,1948,C535,-,72,8A,4B,0,2,2,0,1,1,3,00,00,01,C535,,,1151,1,
FRAME,1948,C74E,-,92,17,4C,0,2,2,1,1,1,3,00,00,01,,,,,1151,1,
RNG,1949,C535,-,92,17,4C,0,2,2,1,1,1,3,00,00,01,C535,,,1151,1,
FRAME,1949,C74A,-,B8,57,4D,0,0,0,5,1,1,3,00,00,01,,,,,1151,1,
RNG,1950,C535,-,B8,57,4D,0,0,0,5,1,1,3,00,00,01,C535,,,1151,1,
FRAME,1950,C74C,-,7F,5D,4E,1,3,7,5,1,1,3,00,00,01,,,,,1151,1,
RNG,1951,C535,-,7F,5D,4E,1,3,7,5,1,1,3,00,00,01,C535,,,1151,1,
C726,1951,C726,-,23,0A,4F,1,3,3,0,1,1,3,00,00,01,C726,,,1152,1,
C726,1951,C726,-,23,0A,4F,1,3,3,0,1,1,3,00,00,01,C726,,,1153,1,
C726,1951,C726,-,23,0A,4F,1,3,3,0,1,1,3,00,00,01,C726,,,1154,1,
C726,1951,C726,-,23,0A,4F,1,3,3,0,1,1,3,00,00,01,C726,,,1155,1,
OBJECT,1951,CCD4,-,23,0A,4F,1,3,3,0,1,1,3,00,00,01,20,$0214,26,1155,1,
OBJECT,1951,CCD4,-,23,0A,4F,1,3,3,0,1,1,3,00,00,01,21,$0215,5E,1155,1,
OBJECT,1951,CCD4,-,23,0A,4F,1,3,3,0,1,1,3,00,00,01,22,$0216,45,1155,1,
OBJECT,1951,CCD4,-,23,0A,4F,1,3,3,0,1,1,3,00,00,01,23,$0217,01,1155,1,
FRAME,1951,CCD4,-,23,0A,4F,1,3,3,0,1,1,3,00,00,01,,,,,1155,1,
RNG,1952,C535,-,23,0A,4F,1,3,3,0,1,1,3,00,00,01,C535,,,1155,1,
C726,1952,C726,-,AD,01,50,1,1,5,0,1,1,3,00,00,01,C726,,,1156,1,
C726,1952,C726,-,AD,01,50,1,1,5,0,1,1,3,00,00,01,C726,,,1157,1,
OBJECT,1952,C74A,-,AD,01,50,1,1,5,0,1,1,3,00,00,01,24,$0218,4B,1157,1,
OBJECT,1952,C74A,-,AD,01,50,1,1,5,0,1,1,3,00,00,01,25,$0219,09,1157,1,
FRAME,1952,C74A,-,AD,01,50,1,1,5,0,1,1,3,00,00,01,,,,,1157,1,
RNG,1953,C535,-,AD,01,50,1,1,5,0,1,1,3,00,00,01,C535,,,1157,1,
FRAME,1953,C74E,-,75,04,51,1,1,5,0,1,1,3,00,00,01,,,,,1157,1,
RNG,1954,C535,-,75,04,51,1,1,5,0,1,1,3,00,00,01,C535,,,1157,1,
FRAME,1954,C74E,-,3D,CD,52,1,1,5,4,1,1,3,00,00,01,,,,,1157,1,
RNG,1955,C535,-,3D,CD,52,1,1,5,4,1,1,3,00,00,01,C535,,,1157,1,
C726,1955,C726,-,05,CF,53,1,1,5,4,1,1,3,00,00,01,C726,,,1158,1,
OBJECT,1955,C720,-,05,CF,53,1,1,5,4,1,1,3,00,00,01,26,$021A,26,1158,1,
FRAME,1955,C720,-,05,CF,53,1,1,5,4,1,1,3,00,00,01,,,,,1158,1,
RNG,1956,C535,-,05,CF,53,1,1,5,4,1,1,3,00,00,01,C535,,,1158,1,
C726,1956,C726,-,CD,9F,54,1,1,5,1,1,1,3,00,00,01,C726,,,1159,1,
C726,1956,C726,-,CD,9F,54,1,1,5,1,1,1,3,00,00,01,C726,,,1160,1,
C726,1956,C726,-,CD,9F,54,1,1,5,1,1,1,3,00,00,01,C726,,,1161,1,
C726,1956,C726,-,CD,9F,54,1,1,5,1,1,1,3,00,00,01,C726,,,1162,1,
C726,1956,C726,-,CD,9F,54,1,1,5,1,1,1,3,00,00,01,C726,,,1163,1,
OBJECT,1956,C74E,-,CD,9F,54,1,1,5,1,1,1,3,00,00,01,27,$021B,5E,1163,1,
OBJECT,1956,C74E,-,CD,9F,54,1,1,5,1,1,1,3,00,00,01,28,$021C,45,1163,1,
OBJECT,1956,C74E,-,CD,9F,54,1,1,5,1,1,1,3,00,00,01,29,$021D,01,1163,1,
OBJECT,1956,C74E,-,CD,9F,54,1,1,5,1,1,1,3,00,00,01,30,$021E,4B,1163,1,
OBJECT,1956,C74E,-,CD,9F,54,1,1,5,1,1,1,3,00,00,01,31,$021F,09,1163,1,
FRAME,1956,C74E,-,CD,9F,54,1,1,5,1,1,1,3,00,00,01,,,,,1163,1,
RNG,1957,C535,-,CD,9F,54,1,1,5,1,1,1,3,00,00,01,C535,,,1163,1,
FRAME,1957,C74C,-,73,B2,55,1,3,3,3,1,1,3,00,00,01,,,,,1163,1,
RNG,1958,C535,-,73,B2,55,1,3,3,3,1,1,3,00,00,01,C535,,,1163,1,
FRAME,1958,C74C,-,FC,D2,56,0,0,4,5,1,1,3,00,00,01,,,,,1163,1,
RNG,1959,C535,-,FC,D2,56,0,0,4,5,1,1,3,00,00,01,C535,,,1163,1,
C726,1959,C726,-,E4,4F,57,0,0,4,4,1,1,3,00,00,01,C726,,,1164,1,
OBJECT,1959,E05F,-,E4,4F,57,0,0,4,4,1,1,3,00,00,01,32,$0220,26,1164,1,
FRAME,1959,E05F,-,E4,4F,57,0,0,4,4,1,1,3,00,00,01,,,,,1164,1,
RNG,1960,C535,-,E4,4F,57,0,0,4,4,1,1,3,00,00,01,C535,,,1164,1,
C726,1960,C726,-,C4,33,58,0,0,4,3,1,1,3,00,00,01,C726,,,1165,1,
C726,1960,C726,-,C4,33,58,0,0,4,3,1,1,3,00,00,01,C726,,,1166,1,
C726,1960,C726,-,C4,33,58,0,0,4,3,1,1,3,00,00,01,C726,,,1167,1,
C726,1960,C726,-,C4,33,58,0,0,4,3,1,1,3,00,00,01,C726,,,1168,1,
C726,1960,C726,-,C4,33,58,0,0,4,3,1,1,3,00,00,01,C726,,,1169,1,
OBJECT,1960,C74E,-,C4,33,58,0,0,4,3,1,1,3,00,00,01,33,$0221,5E,1169,1,
OBJECT,1960,C74E,-,C4,33,58,0,0,4,3,1,1,3,00,00,01,34,$0222,45,1169,1,
OBJECT,1960,C74E,-,C4,33,58,0,0,4,3,1,1,3,00,00,01,35,$0223,01,1169,1,
OBJECT,1960,C74E,-,C4,33,58,0,0,4,3,1,1,3,00,00,01,36,$0224,4B,1169,1,
OBJECT,1960,C74E,-,C4,33,58,0,0,4,3,1,1,3,00,00,01,37,$0225,09,1169,1,
FRAME,1960,C74E,-,C4,33,58,0,0,4,3,1,1,3,00,00,01,,,,,1169,1,
RNG,1961,C535,-,C4,33,58,0,0,4,3,1,1,3,00,00,01,C535,,,1169,1,
FRAME,1961,C74A,-,C7,D5,59,1,3,7,5,1,1,3,00,00,01,,,,,1169,1,
RNG,1962,C535,-,C7,D5,59,1,3,7,5,1,1,3,00,00,01,C535,,,1169,1,
FRAME,1962,C74A,-,97,2D,5A,1,3,7,2,1,1,3,00,00,01,,,,,1169,1,
RNG,1963,C535,-,97,2D,5A,1,3,7,2,1,1,3,00,00,01,C535,,,1169,1,
FRAME,1963,C74C,-,5E,4D,5B,0,2,6,4,1,1,3,00,00,01,,,,,1169,1,
RNG,1964,C535,-,5E,4D,5B,0,2,6,4,1,1,3,00,00,01,C535,,,1169,1,
C726,1964,C726,-,BE,6B,5C,0,2,6,6,1,1,3,00,00,01,C726,,,1170,1,
C726,1964,C726,-,BE,6B,5C,0,2,6,6,1,1,3,00,00,01,C726,,,1171,1,
C726,1964,C726,-,BE,6B,5C,0,2,6,6,1,1,3,00,00,01,C726,,,1172,1,
C726,1964,C726,-,BE,6B,5C,0,2,6,6,1,1,3,00,00,01,C726,,,1173,1,
C726,1964,C726,-,BE,6B,5C,0,2,6,6,1,1,3,00,00,01,C726,,,1174,1,
C726,1964,C726,-,BE,6B,5C,0,2,6,6,1,1,3,00,00,01,C726,,,1175,1,
OBJECT,1964,C74E,-,BE,6B,5C,0,2,6,6,1,1,3,00,00,01,38,$0226,26,1175,1,
OBJECT,1964,C74E,-,BE,6B,5C,0,2,6,6,1,1,3,00,00,01,39,$0227,5E,1175,1,
OBJECT,1964,C74E,-,BE,6B,5C,0,2,6,6,1,1,3,00,00,01,40,$0228,45,1175,1,
OBJECT,1964,C74E,-,BE,6B,5C,0,2,6,6,1,1,3,00,00,01,41,$0229,01,1175,1,
OBJECT,1964,C74E,-,BE,6B,5C,0,2,6,6,1,1,3,00,00,01,42,$022A,4B,1175,1,
OBJECT,1964,C74E,-,BE,6B,5C,0,2,6,6,1,1,3,00,00,01,43,$022B,09,1175,1,
FRAME,1964,C74E,-,BE,6B,5C,0,2,6,6,1,1,3,00,00,01,,,,,1175,1,
RNG,1965,C535,-,BE,6B,5C,0,2,6,6,1,1,3,00,00,01,C535,,,1175,1,
FRAME,1965,C74C,-,60,4D,5D,0,0,0,4,1,1,3,00,00,01,,,,,1175,1,
RNG,1966,C535,-,60,4D,5D,0,0,0,4,1,1,3,00,00,01,C535,,,1175,1,
FRAME,1966,C74C,-,60,99,5E,0,0,0,1,1,1,3,00,00,01,,,,,1175,1,
RNG,1967,C535,-,60,99,5E,0,0,0,1,1,1,3,00,00,01,C535,,,1175,1,
FRAME,1967,C74E,-,FD,5D,5F,1,1,5,5,1,1,3,00,00,01,,,,,1175,1,
RNG,1968,C535,-,FD,5D,5F,1,1,5,5,1,1,3,00,00,01,C535,,,1175,1,
C726,1968,C726,-,AF,F2,60,1,3,7,7,1,1,3,00,00,01,C726,,,1176,1,
C726,1968,C726,-,AF,F2,60,1,3,7,7,1,1,3,00,00,01,C726,,,1177,1,
C726,1968,C726,-,AF,F2,60,1,3,7,7,1,1,3,00,00,01,C726,,,1178,1,
C726,1968,C726,-,AF,F2,60,1,3,7,7,1,1,3,00,00,01,C726,,,1179,1,
C726,1968,C726,-,AF,F2,60,1,3,7,7,1,1,3,00,00,01,C726,,,1180,1,
C726,1968,C726,-,AF,F2,60,1,3,7,7,1,1,3,00,00,01,C726,,,1181,1,
OBJECT,1968,C74E,-,AF,F2,60,1,3,7,7,1,1,3,00,00,01,44,$022C,26,1181,1,
OBJECT,1968,C74E,-,AF,F2,60,1,3,7,7,1,1,3,00,00,01,45,$022D,5E,1181,1,
OBJECT,1968,C74E,-,AF,F2,60,1,3,7,7,1,1,3,00,00,01,46,$022E,45,1181,1,
OBJECT,1968,C74E,-,AF,F2,60,1,3,7,7,1,1,3,00,00,01,47,$022F,01,1181,1,
OBJECT,1968,C74E,-,AF,F2,60,1,3,7,7,1,1,3,00,00,01,48,$0230,4B,1181,1,
OBJECT,1968,C74E,-,AF,F2,60,1,3,7,7,1,1,3,00,00,01,49,$0231,09,1181,1,
FRAME,1968,C74E,-,AF,F2,60,1,3,7,7,1,1,3,00,00,01,,,,,1181,1,
RNG,1969,C535,-,AF,F2,60,1,3,7,7,1,1,3,00,00,01,C535,,,1181,1,
FRAME,1969,C74A,-,B6,1E,61,0,2,6,1,1,1,3,00,00,01,,,,,1181,1,
RNG,1970,C535,-,B6,1E,61,0,2,6,1,1,1,3,00,00,01,C535,,,1181,1,
FRAME,1970,C74C,-,9E,F6,62,0,2,6,7,1,1,3,00,00,01,,,,,1181,1,
RNG,1971,C535,-,9E,F6,62,0,2,6,7,1,1,3,00,00,01,C535,,,1181,1,
FRAME,1971,C74C,-,86,F5,63,0,2,6,7,1,1,3,00,00,01,,,,,1181,1,
RNG,1972,C535,-,86,F5,63,0,2,6,7,1,1,3,00,00,01,C535,,,1181,1,
C726,1972,C726,-,6E,E5,64,0,2,6,6,1,1,3,00,00,01,C726,,,1182,1,
C726,1972,C726,-,6E,E5,64,0,2,6,6,1,1,3,00,00,01,C726,,,1183,1,
C726,1972,C726,-,6E,E5,64,0,2,6,6,1,1,3,00,00,01,C726,,,1184,1,
C726,1972,C726,-,6E,E5,64,0,2,6,6,1,1,3,00,00,01,C726,,,1185,1,
OBJECT,1972,C89A,-,6E,E5,64,0,2,6,6,1,1,3,00,00,01,50,$0232,26,1185,1,
OBJECT,1972,C89A,-,6E,E5,64,0,2,6,6,1,1,3,00,00,01,51,$0233,5E,1185,1,
OBJECT,1972,C89A,-,6E,E5,64,0,2,6,6,1,1,3,00,00,01,52,$0234,45,1185,1,
OBJECT,1972,C89A,-,6E,E5,64,0,2,6,6,1,1,3,00,00,01,53,$0235,01,1185,1,
FRAME,1972,C89A,-,6E,E5,64,0,2,6,6,1,1,3,00,00,01,,,,,1185,1,
RNG,1973,C535,-,6E,E5,64,0,2,6,6,1,1,3,00,00,01,C535,,,1185,1,
C726,1973,C726,-,56,E8,65,0,2,6,6,1,1,3,00,00,01,C726,,,1186,1,
C726,1973,C726,-,56,E8,65,0,2,6,6,1,1,3,00,00,01,C726,,,1187,1,
OBJECT,1973,C74C,-,56,E8,65,0,2,6,6,1,1,3,00,00,01,54,$0236,4B,1187,1,
OBJECT,1973,C74C,-,56,E8,65,0,2,6,6,1,1,3,00,00,01,55,$0237,09,1187,1,
FRAME,1973,C74C,-,56,E8,65,0,2,6,6,1,1,3,00,00,01,,,,,1187,1,
RNG,1974,C535,-,56,E8,65,0,2,6,6,1,1,3,00,00,01,C535,,,1187,1,
FRAME,1974,C74C,-,36,08,66,0,2,6,0,1,1,3,00,00,01,,,,,1187,1,
RNG,1975,C535,-,36,08,66,0,2,6,0,1,1,3,00,00,01,C535,,,1187,1,
FRAME,1975,C74C,-,4E,EF,67,0,2,6,6,1,1,3,00,00,01,,,,,1187,1,
RNG,1976,C535,-,4E,EF,67,0,2,6,6,1,1,3,00,00,01,C535,,,1187,1,
C726,1976,C726,-,1E,D2,68,0,2,6,5,1,1,3,00,00,01,C726,,,1188,1,
OBJECT,1976,E060,-,1E,D2,68,0,2,6,5,1,1,3,00,00,01,56,$0238,26,1188,1,
FRAME,1976,E060,-,1E,D2,68,0,2,6,5,1,1,3,00,00,01,,,,,1188,1,
RNG,1977,C535,-,1E,D2,68,0,2,6,5,1,1,3,00,00,01,C535,,,1188,1,
C726,1977,C726,-,13,C0,69,1,3,3,4,1,1,3,00,00,01,C726,,,1189,1,
C726,1977,C726,-,13,C0,69,1,3,3,4,1,1,3,00,00,01,C726,,,1190,1,
C726,1977,C726,-,13,C0,69,1,3,3,4,1,1,3,00,00,01,C726,,,1191,1,
C726,1977,C726,-,13,C0,69,1,3,3,4,1,1,3,00,00,01,C726,,,1192,1,
C726,1977,C726,-,13,C0,69,1,3,3,4,1,1,3,00,00,01,C726,,,1193,1,
OBJECT,1977,C74C,-,13,C0,69,1,3,3,4,1,1,3,00,00,01,57,$0239,5E,1193,1,
OBJECT,1977,C74C,-,13,C0,69,1,3,3,4,1,1,3,00,00,01,58,$023A,45,1193,1,
OBJECT,1977,C74C,-,13,C0,69,1,3,3,4,1,1,3,00,00,01,59,$023B,01,1193,1,
OBJECT,1977,C74C,-,13,C0,69,1,3,3,4,1,1,3,00,00,01,60,$023C,4B,1193,1,
OBJECT,1977,C74C,-,13,C0,69,1,3,3,4,1,1,3,00,00,01,61,$023D,09,1193,1,
FRAME,1977,C74C,-,13,C0,69,1,3,3,4,1,1,3,00,00,01,,,,,1193,1,
RNG,1978,C535,-,13,C0,69,1,3,3,4,1,1,3,00,00,01,C535,,,1193,1,
FRAME,1978,C74C,-,73,B4,6A,1,3,3,3,1,1,3,00,00,01,,,,,1193,1,
RNG,1979,C535,-,73,B4,6A,1,3,3,3,1,1,3,00,00,01,C535,,,1193,1,
FRAME,1979,C74C,-,F8,B7,6B,0,0,0,3,1,1,3,00,00,01,,,,,1193,1,
RNG,1980,C535,-,F8,B7,6B,0,0,0,3,1,1,3,00,00,01,C535,,,1193,1,
C726,1980,C726,-,7E,64,6C,0,2,6,6,1,1,3,00,00,01,C726,,,1194,1,
OBJECT,1980,E063,-,7E,64,6C,0,2,6,6,1,1,3,00,00,01,62,$023E,26,1194,1,
FRAME,1980,E063,-,7E,64,6C,0,2,6,6,1,1,3,00,00,01,,,,,1194,1,
RNG,1981,C535,-,7E,64,6C,0,2,6,6,1,1,3,00,00,01,C535,,,1194,1,
C726,1981,C726,-,88,58,6D,0,0,0,5,1,1,3,00,00,01,C726,,,1195,1,
C726,1981,C726,-,88,58,6D,0,0,0,5,1,1,3,00,00,01,C726,,,1196,1,
C726,1981,C726,-,88,58,6D,0,0,0,5,1,1,3,00,00,01,C726,,,1197,1,
C726,1981,C726,-,88,58,6D,0,0,0,5,1,1,3,00,00,01,C726,,,1198,1,
C726,1981,C726,-,88,58,6D,0,0,0,5,1,1,3,00,00,01,C726,,,1199,1,
OBJECT,1981,C74C,-,88,58,6D,0,0,0,5,1,1,3,00,00,01,0,$0200,45,1199,1,
OBJECT,1981,C74C,-,88,58,6D,0,0,0,5,1,1,3,00,00,01,1,$0201,01,1199,1,
OBJECT,1981,C74C,-,88,58,6D,0,0,0,5,1,1,3,00,00,01,2,$0202,4B,1199,1,
OBJECT,1981,C74C,-,88,58,6D,0,0,0,5,1,1,3,00,00,01,3,$0203,09,1199,1,
OBJECT,1981,C74C,-,88,58,6D,0,0,0,5,1,1,3,00,00,01,63,$023F,5E,1199,1,
FRAME,1981,C74C,-,88,58,6D,0,0,0,5,1,1,3,00,00,01,,,,,1199,1,
RNG,1982,C535,-,88,58,6D,0,0,0,5,1,1,3,00,00,01,C535,,,1199,1,
FRAME,1982,C74C,-,92,5B,6E,0,2,2,5,1,1,3,00,00,01,,,,,1199,1,
RNG,1983,C535,-,92,5B,6E,0,2,2,5,1,1,3,00,00,01,C535,,,1199,1,
FRAME,1983,C74C,-,AA,24,6F,0,2,2,2,1,1,3,00,00,01,,,,,1199,1,
RNG,1984,C535,-,AA,24,6F,0,2,2,2,1,1,3,00,00,01,C535,,,1199,1,
FRAME,1984,C74C,-,0F,2B,70,1,3,7,2,1,1,3,00,00,01,,,,,1199,1,
RNG,1985,C535,-,0F,2B,70,1,3,7,2,1,1,3,00,00,01,C535,,,1199,1,
C726,1985,C726,-,95,FB,71,1,1,5,7,1,1,3,00,00,01,C726,,,1200,1,
C726,1985,C726,-,95,FB,71,1,1,5,7,1,1,3,00,00,01,C726,,,1201,1,
C726,1985,C726,-,95,FB,71,1,1,5,7,1,1,3,00,00,01,C726,,,1202,1,
C726,1985,C726,-,95,FB,71,1,1,5,7,1,1,3,00,00,01,C726,,,1203,1,
C726,1985,C726,-,95,FB,71,1,1,5,7,1,1,3,00,00,01,C726,,,1204,1,
C726,1985,C726,-,95,FB,71,1,1,5,7,1,1,3,00,00,01,C726,,,1205,1,
OBJECT,1985,C74C,-,95,FB,71,1,1,5,7,1,1,3,00,00,01,4,$0204,26,1205,1,
OBJECT,1985,C74C,-,95,FB,71,1,1,5,7,1,1,3,00,00,01,5,$0205,5E,1205,1,
OBJECT,1985,C74C,-,95,FB,71,1,1,5,7,1,1,3,00,00,01,6,$0206,45,1205,1,
OBJECT,1985,C74C,-,95,FB,71,1,1,5,7,1,1,3,00,00,01,7,$0207,01,1205,1,
OBJECT,1985,C74C,-,95,FB,71,1,1,5,7,1,1,3,00,00,01,8,$0208,4B,1205,1,
OBJECT,1985,C74C,-,95,FB,71,1,1,5,7,1,1,3,00,00,01,9,$0209,09,1205,1,
FRAME,1985,C74C,-,95,FB,71,1,1,5,7,1,1,3,00,00,01,,,,,1205,1,
RNG,1986,C535,-,95,FB,71,1,1,5,7,1,1,3,00,00,01,C535,,,1205,1,
FRAME,1986,C74A,-,FA,07,72,0,2,2,0,1,1,3,00,00,01,,,,,1205,1,
RNG,1987,C535,-,FA,07,72,0,2,2,0,1,1,3,00,00,01,C535,,,1205,1,
FRAME,1987,C74A,-,80,B0,73,0,0,0,3,1,1,3,00,00,01,,,,,1205,1,
RNG,1988,C535,-,80,B0,73,0,0,0,3,1,1,3,00,00,01,C535,,,1205,1,
FRAME,1988,C74A,-,2A,B0,74,0,2,2,3,1,1,3,00,00,01,,,,,1205,1,
RNG,1989,C535,-,2A,B0,74,0,2,2,3,1,1,3,00,00,01,C535,,,1205,1,
C726,1989,C726,-,D7,3D,75,1,3,7,3,1,1,3,00,00,01,C726,,,1206,1,
C726,1989,C726,-,D7,3D,75,1,3,7,3,1,1,3,00,00,01,C726,,,1207,1,
C726,1989,C726,-,D7,3D,75,1,3,7,3,1,1,3,00,00,01,C726,,,1208,1,
C726,1989,C726,-,D7,3D,75,1,3,7,3,1,1,3,00,00,01,C726,,,1209,1,
OBJECT,1989,C302,-,D7,3D,75,1,3,7,3,1,1,3,00,00,01,10,$020A,26,1209,1,
OBJECT,1989,C302,-,D7,3D,75,1,3,7,3,1,1,3,00,00,01,11,$020B,5E,1209,1,
OBJECT,1989,C302,-,D7,3D,75,1,3,7,3,1,1,3,00,00,01,12,$020C,45,1209,1,
OBJECT,1989,C302,-,D7,3D,75,1,3,7,3,1,1,3,00,00,01,13,$020D,01,1209,1,
FRAME,1989,C302,-,D7,3D,75,1,3,7,3,1,1,3,00,00,01,,,,,1209,1,
C726,1990,C726,-,D7,3D,75,1,3,7,3,0,1,3,00,00,01,C726,,,1210,1,
C726,1990,C726,-,D7,3D,75,1,3,7,3,0,1,3,00,00,01,C726,,,1211,1,
OBJECT,1990,C74E,-,D7,3D,75,1,3,7,3,0,1,3,00,00,01,14,$020E,4B,1211,1,
OBJECT,1990,C74E,-,D7,3D,75,1,3,7,3,0,1,3,00,00,01,15,$020F,09,1211,1,
FRAME,1990,C74E,-,D7,3D,75,1,3,7,3,0,1,3,00,00,01,,,,,1211,1,
RNG,1991,C535,-,D7,3D,75,1,3,7,3,1,2,3,00,00,01,C535,,,1211,1,
FRAME,1991,C74E,-,E2,31,76,0,2,2,3,1,2,3,00,00,01,,,,,1211,1,
RNG,1992,C535,-,E2,31,76,0,2,2,3,1,1,3,00,00,01,C535,,,1211,1,
FRAME,1992,C74E,-,E5,34,77,1,1,5,3,1,1,3,00,00,01,,,,,1211,1,
RNG,1993,C535,-,E5,34,77,1,1,5,3,1,1,3,00,00,01,C535,,,1211,1,
C726,1993,C726,-,72,D9,78,0,2,2,5,1,1,3,00,00,01,C726,,,1212,1,
OBJECT,1993,E022,-,72,D9,78,0,2,2,5,1,1,3,00,00,01,16,$0210,26,1212,1,
FRAME,1993,E022,-,72,D9,78,0,2,2,5,1,1,3,00,00,01,,,,,1212,1,
RNG,1994,C535,-,72,D9,78,0,2,2,5,1,1,3,00,00,01,C535,,,1212,1,
C726,1994,C726,-,22,B8,79,0,2,2,3,1,1,3,00,00,01,C726,,,1213,1,
C726,1994,C726,-,22,B8,79,0,2,2,3,1,1,3,00,00,01,C726,,,1214,1,
C726,1994,C726,-,22,B8,79,0,2,2,3,1,1,3,00,00,01,C726,,,1215,1,
C726,1994,C726,-,22,B8,79,0,2,2,3,1,1,3,00,00,01,C726,,,1216,1,
C726,1994,C726,-,22,B8,79,0,2,2,3,1,1,3,00,00,01,C726,,,1217,1,
OBJECT,1994,C74A,-,22,B8,79,0,2,2,3,1,1,3,00,00,01,17,$0211,5E,1217,1,
OBJECT,1994,C74A,-,22,B8,79,0,2,2,3,1,1,3,00,00,01,18,$0212,45,1217,1,
OBJECT,1994,C74A,-,22,B8,79,0,2,2,3,1,1,3,00,00,01,19,$0213,01,1217,1,
OBJECT,1994,C74A,-,22,B8,79,0,2,2,3,1,1,3,00,00,01,20,$0214,4B,1217,1,
OBJECT,1994,C74A,-,22,B8,79,0,2,2,3,1,1,3,00,00,01,21,$0215,09,1217,1,
FRAME,1994,C74A,-,22,B8,79,0,2,2,3,1,1,3,00,00,01,,,,,1217,1,
RNG,1995,C535,-,22,B8,79,0,2,2,3,1,1,3,00,00,01,C535,,,1217,1,
FRAME,1995,C74C,-,29,E1,7A,1,1,1,6,1,1,3,00,00,01,,,,,1217,1,
RNG,1996,C535,-,29,E1,7A,1,1,1,6,1,1,3,00,00,01,C535,,,1217,1,
FRAME,1996,C74A,-,B6,E2,7B,0,2,6,6,1,1,3,00,00,01,,,,,1217,1,
RNG,1997,C535,-,B6,E2,7B,0,2,6,6,1,1,3,00,00,01,C535,,,1217,1,
C726,1997,C726,-,6A,6F,7C,0,2,2,6,1,1,3,00,00,01,C726,,,1218,1,
OBJECT,1997,E05F,-,6A,6F,7C,0,2,2,6,1,1,3,00,00,01,22,$0216,26,1218,1,
FRAME,1997,E05F,-,6A,6F,7C,0,2,2,6,1,1,3,00,00,01,,,,,1218,1,
RNG,1998,C535,-,6A,6F,7C,0,2,2,6,1,1,3,00,00,01,C535,,,1218,1,
C726,1998,C726,-,71,64,7D,1,1,1,6,1,1,3,00,00,01,C726,,,1219,1,
C726,1998,C726,-,71,64,7D,1,1,1,6,1,1,3,00,00,01,C726,,,1220,1,
C726,1998,C726,-,71,64,7D,1,1,1,6,1,1,3,00,00,01,C726,,,1221,1,
C726,1998,C726,-,71,64,7D,1,1,1,6,1,1,3,00,00,01,C726,,,1222,1,
C726,1998,C726,-,71,64,7D,1,1,1,6,1,1,3,00,00,01,C726,,,1223,1,
OBJECT,1998,C74E,-,71,64,7D,1,1,1,6,1,1,3,00,00,01,23,$0217,5E,1223,1,
OBJECT,1998,C74E,-,71,64,7D,1,1,1,6,1,1,3,00,00,01,24,$0218,45,1223,1,
OBJECT,1998,C74E,-,71,64,7D,1,1,1,6,1,1,3,00,00,01,25,$0219,01,1223,1,
OBJECT,1998,C74E,-,71,64,7D,1,1,1,6,1,1,3,00,00,01,26,$021A,4B,1223,1,
OBJECT,1998,C74E,-,71,64,7D,1,1,1,6,1,1,3,00,00,01,27,$021B,09,1223,1,
FRAME,1998,C74E,-,71,64,7D,1,1,1,6,1,1,3,00,00,01,,,,,1223,1,
RNG,1999,C535,-,71,64,7D,1,1,1,6,1,1,3,00,00,01,C535,,,1223,1,
FRAME,1999,C74E,-,89,67,7E,1,1,1,6,1,1,3,00,00,01,,,,,1223,1,
RNG,2000,C535,-,89,67,7E,1,1,1,6,1,1,3,00,00,01,C535,,,1223,1,
FRAME,2000,C74E,-,F2,14,7F,0,2,2,1,1,1,3,00,00,01,,,,,1223,1,
RNG,2001,C535,-,F2,14,7F,0,2,2,1,1,1,3,00,00,01,C535,,,1223,1,
FRAME,2001,C74E,-,FA,09,80,0,2,2,0,1,1,3,00,00,01,,,,,1223,1,
RNG,2002,C535,-,FA,09,80,0,2,2,0,1,1,3,00,00,01,C535,,,1223,1,
C726,2002,C726,-,87,0C,81,1,3,7,0,1,1,3,00,00,01,C726,,,1224,1,
C726,2002,C726,-,87,0C,81,1,3,7,0,1,1,3,00,00,01,C726,,,1225,1,
C726,2002,C726,-,87,0C,81,1,3,7,0,1,1,3,00,00,01,C726,,,1226,1,
C726,2002,C726,-,87,0C,81,1,3,7,0,1,1,3,00,00,01,C726,,,1227,1,
C726,2002,C726,-,87,0C,81,1,3,7,0,1,1,3,00,00,01,C726,,,1228,1,
C726,2002,C726,-,87,0C,81,1,3,7,0,1,1,3,00,00,01,C726,,,1229,1,
OBJECT,2002,C74E,-,87,0C,81,1,3,7,0,1,1,3,00,00,01,28,$021C,26,1229,1,
OBJECT,2002,C74E,-,87,0C,81,1,3,7,0,1,1,3,00,00,01,29,$021D,5E,1229,1,
OBJECT,2002,C74E,-,87,0C,81,1,3,7,0,1,1,3,00,00,01,30,$021E,45,1229,1,
OBJECT,2002,C74E,-,87,0C,81,1,3,7,0,1,1,3,00,00,01,31,$021F,01,1229,1,
OBJECT,2002,C74E,-,87,0C,81,1,3,7,0,1,1,3,00,00,01,32,$0220,4B,1229,1,
OBJECT,2002,C74E,-,87,0C,81,1,3,7,0,1,1,3,00,00,01,33,$0221,09,1229,1,
FRAME,2002,C74E,-,87,0C,81,1,3,7,0,1,1,3,00,00,01,,,,,1229,1,
RNG,2003,C535,-,87,0C,81,1,3,7,0,1,1,3,00,00,01,C535,,,1229,1,
FRAME,2003,C74E,-,3F,FC,82,1,3,7,7,1,1,3,00,00,01,,,,,1229,1,
RNG,2004,C535,-,3F,FC,82,1,3,7,7,1,1,3,00,00,01,C535,,,1229,1,
FRAME,2004,C74E,-,46,FF,83,0,2,6,7,1,1,3,00,00,01,,,,,1229,1,
RNG,2005,C535,-,46,FF,83,0,2,6,7,1,1,3,00,00,01,C535,,,1229,1,
FRAME,2005,C74A,-,D3,4B,84,1,3,3,4,1,1,3,00,00,01,,,,,1229,1,
RNG,2006,C535,-,D3,4B,84,1,3,3,4,1,1,3,00,00,01,C535,,,1229,1,
C726,2006,C726,-,8F,F9,85,1,3,7,7,1,1,3,00,00,01,C726,,,1230,1,
C726,2006,C726,-,8F,F9,85,1,3,7,7,1,1,3,00,00,01,C726,,,1231,1,
C726,2006,C726,-,8F,F9,85,1,3,7,7,1,1,3,00,00,01,C726,,,1232,1,
C726,2006,C726,-,8F,F9,85,1,3,7,7,1,1,3,00,00,01,C726,,,1233,1,
OBJECT,2006,C14B,-,8F,F9,85,1,3,7,7,1,1,3,00,00,01,34,$0222,26,1233,1,
OBJECT,2006,C14B,-,8F,F9,85,1,3,7,7,1,1,3,00,00,01,35,$0223,5E,1233,1,
OBJECT,2006,C14B,-,8F,F9,85,1,3,7,7,1,1,3,00,00,01,36,$0224,45,1233,1,
OBJECT,2006,C14B,-,8F,F9,85,1,3,7,7,1,1,3,00,00,01,37,$0225,01,1233,1,
FRAME,2006,C14B,-,8F,F9,85,1,3,7,7,1,1,3,00,00,01,,,,,1233,1,
C726,2007,C726,-,8F,F9,85,1,3,7,7,0,1,3,00,00,01,C726,,,1234,1,
C726,2007,C726,-,8F,F9,85,1,3,7,7,0,1,3,00,00,01,C726,,,1235,1,
OBJECT,2007,C74A,-,8F,F9,85,1,3,7,7,0,1,3,00,00,01,38,$0226,4B,1235,1,
OBJECT,2007,C74A,-,8F,F9,85,1,3,7,7,0,1,3,00,00,01,39,$0227,09,1235,1,
FRAME,2007,C74A,-,8F,F9,85,1,3,7,7,0,1,3,00,00,01,,,,,1235,1,
RNG,2008,C535,-,8F,F9,85,1,3,7,7,1,2,3,00,00,01,C535,,,1235,1,
FRAME,2008,C74E,-,96,8E,86,0,2,6,0,1,2,3,00,00,01,,,,,1235,1,
RNG,2009,C535,-,96,8E,86,0,2,6,0,1,1,3,00,00,01,C535,,,1235,1,
FRAME,2009,C74E,-,AE,30,87,0,2,6,3,1,1,3,00,00,01,,,,,1235,1,
RNG,2010,C535,-,AE,30,87,0,2,6,3,1,1,3,00,00,01,C535,,,1235,1,
C726,2010,C726,-,17,30,88,1,3,7,3,1,1,3,00,00,01,C726,,,1236,1,
OBJECT,2010,E05D,-,17,30,88,1,3,7,3,1,1,3,00,00,01,40,$0228,26,1236,1,
FRAME,2010,E05D,-,17,30,88,1,3,7,3,1,1,3,00,00,01,,,,,1236,1,
RNG,2011,C535,-,17,30,88,1,3,7,3,1,1,3,00,00,01,C535,,,1236,1,
C726,2011,C726,-,1F,ED,89,1,3,7,6,1,1,3,00,00,01,C726,,,1237,1,
C726,2011,C726,-,1F,ED,89,1,3,7,6,1,1,3,00,00,01,C726,,,1238,1,
C726,2011,C726,-,1F,ED,89,1,3,7,6,1,1,3,00,00,01,C726,,,1239,1,
C726,2011,C726,-,1F,ED,89,1,3,7,6,1,1,3,00,00,01,C726,,,1240,1,
C726,2011,C726,-,1F,ED,89,1,3,7,6,1,1,3,00,00,01,C726,,,1241,1,
OBJECT,2011,C74C,-,1F,ED,89,1,3,7,6,1,1,3,00,00,01,41,$0229,5E,1241,1,
OBJECT,2011,C74C,-,1F,ED,89,1,3,7,6,1,1,3,00,00,01,42,$022A,45,1241,1,
OBJECT,2011,C74C,-,1F,ED,89,1,3,7,6,1,1,3,00,00,01,43,$022B,01,1241,1,
OBJECT,2011,C74C,-,1F,ED,89,1,3,7,6,1,1,3,00,00,01,44,$022C,4B,1241,1,
OBJECT,2011,C74C,-,1F,ED,89,1,3,7,6,1,1,3,00,00,01,45,$022D,09,1241,1,
FRAME,2011,C74C,-,1F,ED,89,1,3,7,6,1,1,3,00,00,01,,,,,1241,1,
RNG,2012,C535,-,1F,ED,89,1,3,7,6,1,1,3,00,00,01,C535,,,1241,1,
FRAME,2012,C74C,-,AC,B8,8A,0,0,4,3,1,1,3,00,00,01,,,,,1241,1,
RNG,2013,C535,-,AC,B8,8A,0,0,4,3,1,1,3,00,00,01,C535,,,1241,1,
FRAME,2013,C74C,-,6C,BF,8B,0,0,4,3,1,1,3,00,00,01,,,,,1241,1,
RNG,2014,C535,-,6C,BF,8B,0,0,4,3,1,1,3,00,00,01,C535,,,1241,1,
C726,2014,C726,-,73,D7,8C,1,3,3,5,1,1,3,00,00,01,C726,,,1242,1,
OBJECT,2014,E022,-,73,D7,8C,1,3,3,5,1,1,3,00,00,01,46,$022E,26,1242,1,
FRAME,2014,E022,-,73,D7,8C,1,3,3,5,1,1,3,00,00,01,,,,,1242,1,
RNG,2015,C535,-,73,D7,8C,1,3,3,5,1,1,3,00,00,01,C535,,,1242,1,
C726,2015,C726,-,00,40,8D,0,0,0,4,1,1,3,00,00,01,C726,,,1243,1,
C726,2015,C726,-,00,40,8D,0,0,0,4,1,1,3,00,00,01,C726,,,1244,1,
C726,2015,C726,-,00,40,8D,0,0,0,4,1,1,3,00,00,01,C726,,,1245,1,
C726,2015,C726,-,00,40,8D,0,0,0,4,1,1,3,00,00,01,C726,,,1246,1,
C726,2015,C726,-,00,40,8D,0,0,0,4,1,1,3,00,00,01,C726,,,1247,1,
OBJECT,2015,C74C,-,00,40,8D,0,0,0,4,1,1,3,00,00,01,47,$022F,5E,1247,1,
OBJECT,2015,C74C,-,00,40,8D,0,0,0,4,1,1,3,00,00,01,48,$0230,45,1247,1,
OBJECT,2015,C74C,-,00,40,8D,0,0,0,4,1,1,3,00,00,01,49,$0231,01,1247,1,
OBJECT,2015,C74C,-,00,40,8D,0,0,0,4,1,1,3,00,00,01,50,$0232,4B,1247,1,
OBJECT,2015,C74C,-,00,40,8D,0,0,0,4,1,1,3,00,00,01,51,$0233,09,1247,1,
FRAME,2015,C74C,-,00,40,8D,0,0,0,4,1,1,3,00,00,01,,,,,1247,1,
RNG,2016,C535,-,00,40,8D,0,0,0,4,1,1,3,00,00,01,C535,,,1247,1,
FRAME,2016,C74C,-,C4,44,8E,0,0,4,4,1,1,3,00,00,01,,,,,1247,1,
RNG,2017,C535,-,C4,44,8E,0,0,4,4,1,1,3,00,00,01,C535,,,1247,1,
FRAME,2017,C74E,-,CB,E1,8F,1,3,3,6,1,1,3,00,00,01,,,,,1247,1,
RNG,2018,C535,-,CB,E1,8F,1,3,3,6,1,1,3,00,00,01,C535,,,1247,1,
FRAME,2018,C74A,-,6B,AC,90,1,3,3,2,1,1,3,00,00,01,,,,,1247,1,
RNG,2019,C535,-,6B,AC,90,1,3,3,2,1,1,3,00,00,01,C535,,,1247,1,
C726,2019,C726,-,6B,B3,91,1,3,3,3,1,1,3,00,00,01,C726,,,1248,1,
C726,2019,C726,-,6B,B3,91,1,3,3,3,1,1,3,00,00,01,C726,,,1249,1,
C726,2019,C726,-,6B,B3,91,1,3,3,3,1,1,3,00,00,01,C726,,,1250,1,
C726,2019,C726,-,6B,B3,91,1,3,3,3,1,1,3,00,00,01,C726,,,1251,1,
C726,2019,C726,-,6B,B3,91,1,3,3,3,1,1,3,00,00,01,C726,,,1252,1,
C726,2019,C726,-,6B,B3,91,1,3,3,3,1,1,3,00,00,01,C726,,,1253,1,
OBJECT,2019,C74C,-,6B,B3,91,1,3,3,3,1,1,3,00,00,01,52,$0234,26,1253,1,
OBJECT,2019,C74C,-,6B,B3,91,1,3,3,3,1,1,3,00,00,01,53,$0235,5E,1253,1,
OBJECT,2019,C74C,-,6B,B3,91,1,3,3,3,1,1,3,00,00,01,54,$0236,45,1253,1,
OBJECT,2019,C74C,-,6B,B3,91,1,3,3,3,1,1,3,00,00,01,55,$0237,01,1253,1,
OBJECT,2019,C74C,-,6B,B3,91,1,3,3,3,1,1,3,00,00,01,56,$0238,4B,1253,1,
OBJECT,2019,C74C,-,6B,B3,91,1,3,3,3,1,1,3,00,00,01,57,$0239,09,1253,1,
FRAME,2019,C74C,-,6B,B3,91,1,3,3,3,1,1,3,00,00,01,,,,,1253,1,
RNG,2020,C535,-,6B,B3,91,1,3,3,3,1,1,3,00,00,01,C535,,,1253,1,
FRAME,2020,C74A,-,28,9B,92,0,0,0,1,1,1,3,00,00,01,,,,,1253,1,
RNG,2021,C535,-,28,9B,92,0,0,0,1,1,1,3,00,00,01,C535,,,1253,1,
FRAME,2021,C74C,-,24,83,93,0,0,4,0,1,1,3,00,00,01,,,,,1253,1,
RNG,2022,C535,-,24,83,93,0,0,4,0,1,1,3,00,00,01,C535,,,1253,1,
FRAME,2022,C74A,-,A5,6B,94,1,1,5,6,1,1,3,00,00,01,,,,,1253,1,
RNG,2023,C535,-,A5,6B,94,1,1,5,6,1,1,3,00,00,01,C535,,,1253,1,
C726,2023,C726,-,75,53,95,1,1,5,5,1,1,3,00,00,01,C726,,,1254,1,
C726,2023,C726,-,75,53,95,1,1,5,5,1,1,3,00,00,01,C726,,,1255,1,
C726,2023,C726,-,75,53,95,1,1,5,5,1,1,3,00,00,01,C726,,,1256,1,
C726,2023,C726,-,75,53,95,1,1,5,5,1,1,3,00,00,01,C726,,,1257,1,
C726,2023,C726,-,75,53,95,1,1,5,5,1,1,3,00,00,01,C726,,,1258,1,
C726,2023,C726,-,75,53,95,1,1,5,5,1,1,3,00,00,01,C726,,,1259,1,
OBJECT,2023,C728,-,75,53,95,1,1,5,5,1,1,3,00,00,01,58,$023A,26,1259,1,
OBJECT,2023,C728,-,75,53,95,1,1,5,5,1,1,3,00,00,01,59,$023B,5E,1259,1,
OBJECT,2023,C728,-,75,53,95,1,1,5,5,1,1,3,00,00,01,60,$023C,45,1259,1,
OBJECT,2023,C728,-,75,53,95,1,1,5,5,1,1,3,00,00,01,61,$023D,01,1259,1,
OBJECT,2023,C728,-,75,53,95,1,1,5,5,1,1,3,00,00,01,62,$023E,4B,1259,1,
FRAME,2023,C728,-,75,53,95,1,1,5,5,1,1,3,00,00,01,,,,,1259,1,
OBJECT,2024,C74A,-,75,53,95,1,1,5,5,0,1,3,00,00,01,63,$023F,09,1259,1,
FRAME,2024,C74A,-,75,53,95,1,1,5,5,0,1,3,00,00,01,,,,,1259,1,
RNG,2025,C535,-,75,53,95,1,1,5,5,1,2,3,00,00,01,C535,,,1259,1,
FRAME,2025,C74C,-,7A,33,96,0,2,2,3,1,2,3,00,00,01,,,,,1259,1,
RNG,2026,C535,-,7A,33,96,0,2,2,3,1,1,3,00,00,01,C535,,,1259,1,
FRAME,2026,C74A,-,23,4B,97,1,3,3,4,1,1,3,00,00,01,,,,,1259,1,
RNG,2027,C535,-,23,4B,97,1,3,3,4,1,1,3,00,00,01,C535,,,1259,1,
C726,2027,C726,-,13,1B,98,1,3,3,1,1,1,3,00,00,01,C726,,,1260,1,
C726,2027,C726,-,13,1B,98,1,3,3,1,1,1,3,00,00,01,C726,,,1261,1,
C726,2027,C726,-,13,1B,98,1,3,3,1,1,1,3,00,00,01,C726,,,1262,1,
C726,2027,C726,-,13,1B,98,1,3,3,1,1,1,3,00,00,01,C726,,,1263,1,
OBJECT,2027,C2E8,-,13,1B,98,1,3,3,1,1,1,3,00,00,01,0,$0200,26,1263,1,
OBJECT,2027,C2E8,-,13,1B,98,1,3,3,1,1,1,3,00,00,01,1,$0201,5E,1263,1,
OBJECT,2027,C2E8,-,13,1B,98,1,3,3,1,1,1,3,00,00,01,2,$0202,45,1263,1,
OBJECT,2027,C2E8,-,13,1B,98,1,3,3,1,1,1,3,00,00,01,3,$0203,01,1263,1,
FRAME,2027,C2E8,-,13,1B,98,1,3,3,1,1,1,3,00,00,01,,,,,1263,1,
C726,2028,C726,-,13,1B,98,1,3,3,1,0,1,3,00,00,01,C726,,,1264,1,
C726,2028,C726,-,13,1B,98,1,3,3,1,0,1,3,00,00,01,C726,,,1265,1,
OBJECT,2028,C74A,-,13,1B,98,1,3,3,1,0,1,3,00,00,01,4,$0204,4B,1265,1,
OBJECT,2028,C74A,-,13,1B,98,1,3,3,1,0,1,3,00,00,01,5,$0205,09,1265,1,
FRAME,2028,C74A,-,13,1B,98,1,3,3,1,0,1,3,00,00,01,,,,,1265,1,
RNG,2029,C535,-,13,1B,98,1,3,3,1,1,2,3,00,00,01,C535,,,1265,1,
FRAME,2029,C74C,-,AC,0A,99,0,0,4,0,1,2,3,00,00,01,,,,,1265,1,
RNG,2030,C535,-,AC,0A,99,0,0,4,0,1,1,3,00,00,01,C535,,,1265,1,
FRAME,2030,C74A,-,5C,F8,9A,0,0,4,7,1,1,3,00,00,01,,,,,1265,1,
RNG,2031,C535,-,5C,F8,9A,0,0,4,7,1,1,3,00,00,01,C535,,,1265,1,
C726,2031,C726,-,63,EE,9B,1,3,3,6,1,1,3,00,00,01,C726,,,1266,1,
OBJECT,2031,E05D,-,63,EE,9B,1,3,3,6,1,1,3,00,00,01,6,$0206,26,1266,1,
FRAME,2031,E05D,-,63,EE,9B,1,3,3,6,1,1,3,00,00,01,,,,,1266,1,
RNG,2032,C535,-,63,EE,9B,1,3,3,6,1,1,3,00,00,01,C535,,,1266,1,
C726,2032,C726,-,FC,F1,9C,0,0,4,7,1,1,3,00,00,01,C726,,,1267,1,
C726,2032,C726,-,FC,F1,9C,0,0,4,7,1,1,3,00,00,01,C726,,,1268,1,
C726,2032,C726,-,FC,F1,9C,0,0,4,7,1,1,3,00,00,01,C726,,,1269,1,
C726,2032,C726,-,FC,F1,9C,0,0,4,7,1,1,3,00,00,01,C726,,,1270,1,
C726,2032,C726,-,FC,F1,9C,0,0,4,7,1,1,3,00,00,01,C726,,,1271,1,
OBJECT,2032,C74C,-,FC,F1,9C,0,0,4,7,1,1,3,00,00,01,7,$0207,5E,1271,1,
OBJECT,2032,C74C,-,FC,F1,9C,0,0,4,7,1,1,3,00,00,01,8,$0208,45,1271,1,
OBJECT,2032,C74C,-,FC,F1,9C,0,0,4,7,1,1,3,00,00,01,9,$0209,01,1271,1,
OBJECT,2032,C74C,-,FC,F1,9C,0,0,4,7,1,1,3,00,00,01,10,$020A,4B,1271,1,
OBJECT,2032,C74C,-,FC,F1,9C,0,0,4,7,1,1,3,00,00,01,11,$020B,09,1271,1,
FRAME,2032,C74C,-,FC,F1,9C,0,0,4,7,1,1,3,00,00,01,,,,,1271,1,
RNG,2033,C535,-,FC,F1,9C,0,0,4,7,1,1,3,00,00,01,C535,,,1271,1,
FRAME,2033,C74C,-,AD,9E,9D,1,1,5,1,1,1,3,00,00,01,,,,,1271,1,
RNG,2034,C535,-,AD,9E,9D,1,1,5,1,1,1,3,00,00,01,C535,,,1271,1,
FRAME,2034,C74A,-,B4,94,9E,0,0,4,1,1,1,3,00,00,01,,,,,1271,1,
RNG,2035,C535,-,B4,94,9E,0,0,4,1,1,1,3,00,00,01,C535,,,1271,1,
C726,2035,C726,-,9C,97,9F,0,0,4,1,1,1,3,00,00,01,C726,,,1272,1,
OBJECT,2035,E05F,-,9C,97,9F,0,0,4,1,1,1,3,00,00,01,12,$020C,26,1272,1,
FRAME,2035,E05F,-,9C,97,9F,0,0,4,1,1,1,3,00,00,01,,,,,1272,1,
RNG,2036,C535,-,9C,97,9F,0,0,4,1,1,1,3,00,00,01,C535,,,1272,1,
C726,2036,C726,-,64,C0,A0,0,0,4,4,1,1,3,00,00,01,C726,,,1273,1,
C726,2036,C726,-,64,C0,A0,0,0,4,4,1,1,3,00,00,01,C726,,,1274,1,
C726,2036,C726,-,64,C0,A0,0,0,4,4,1,1,3,00,00,01,C726,,,1275,1,
C726,2036,C726,-,64,C0,A0,0,0,4,4,1,1,3,00,00,01,C726,,,1276,1,
C726,2036,C726,-,64,C0,A0,0,0,4,4,1,1,3,00,00,01,C726,,,1277,1,
OBJECT,2036,C74E,-,64,C0,A0,0,0,4,4,1,1,3,00,00,01,13,$020D,5E,1277,1,
OBJECT,2036,C74E,-,64,C0,A0,0,0,4,4,1,1,3,00,00,01,14,$020E,45,1277,1,
OBJECT,2036,C74E,-,64,C0,A0,0,0,4,4,1,1,3,00,00,01,15,$020F,01,1277,1,
OBJECT,2036,C74E,-,64,C0,A0,0,0,4,4,1,1,3,00,00,01,16,$0210,4B,1277,1,
OBJECT,2036,C74E,-,64,C0,A0,0,0,4,4,1,1,3,00,00,01,17,$0211,09,1277,1,
FRAME,2036,C74E,-,64,C0,A0,0,0,4,4,1,1,3,00,00,01,,,,,1277,1,
RNG,2037,C535,-,64,C0,A0,0,0,4,4,1,1,3,00,00,01,C535,,,1277,1,
FRAME,2037,C74E,-,2C,C1,A1,0,0,4,4,1,1,3,00,00,01,,,,,1277,1,
RNG,2038,C535,-,2C,C1,A1,0,0,4,4,1,1,3,00,00,01,C535,,,1277,1,
FRAME,2038,C74C,-,F4,4E,A2,0,0,4,4,1,1,3,00,00,01,,,,,1277,1,
RNG,2039,C535,-,F4,4E,A2,0,0,4,4,1,1,3,00,00,01,C535,,,1277,1,
FRAME,2039,C74C,-,BC,44,A3,0,0,4,4,1,1,3,00,00,01,,,,,1277,1,
RNG,2040,C535,-,BC,44,A3,0,0,4,4,1,1,3,00,00,01,C535,,,1277,1,
C726,2040,C726,-,7C,47,A4,0,0,4,4,1,1,3,00,00,01,C726,,,1278,1,
C726,2040,C726,-,7C,47,A4,0,0,4,4,1,1,3,00,00,01,C726,,,1279,1,
C726,2040,C726,-,7C,47,A4,0,0,4,4,1,1,3,00,00,01,C726,,,1280,1,
C726,2040,C726,-,7C,47,A4,0,0,4,4,1,1,3,00,00,01,C726,,,1281,1,
C726,2040,C726,-,7C,47,A4,0,0,4,4,1,1,3,00,00,01,C726,,,1282,1,
C726,2040,C726,-,7C,47,A4,0,0,4,4,1,1,3,00,00,01,C726,,,1283,1,
OBJECT,2040,C74C,-,7C,47,A4,0,0,4,4,1,1,3,00,00,01,18,$0212,26,1283,1,
OBJECT,2040,C74C,-,7C,47,A4,0,0,4,4,1,1,3,00,00,01,19,$0213,5E,1283,1,
OBJECT,2040,C74C,-,7C,47,A4,0,0,4,4,1,1,3,00,00,01,20,$0214,45,1283,1,
OBJECT,2040,C74C,-,7C,47,A4,0,0,4,4,1,1,3,00,00,01,21,$0215,01,1283,1,
OBJECT,2040,C74C,-,7C,47,A4,0,0,4,4,1,1,3,00,00,01,22,$0216,4B,1283,1,
OBJECT,2040,C74C,-,7C,47,A4,0,0,4,4,1,1,3,00,00,01,23,$0217,09,1283,1,
FRAME,2040,C74C,-,7C,47,A4,0,0,4,4,1,1,3,00,00,01,,,,,1283,1,
RNG,2041,C535,-,7C,47,A4,0,0,4,4,1,1,3,00,00,01,C535,,,1283,1,
FRAME,2041,C74C,-,94,37,A5,0,0,4,3,1,1,3,00,00,01,,,,,1283,1,
RNG,2042,C535,-,94,37,A5,0,0,4,3,1,1,3,00,00,01,C535,,,1283,1,
FRAME,2042,C74C,-,64,3C,A6,0,0,4,3,1,1,3,00,00,01,,,,,1283,1,
RNG,2043,C535,-,64,3C,A6,0,0,4,3,1,1,3,00,00,01,C535,,,1283,1,
FRAME,2043,C74E,-,4E,DE,A7,0,2,6,5,1,1,3,00,00,01,,,,,1283,1,
RNG,2044,C535,-,4E,DE,A7,0,2,6,5,1,1,3,00,00,01,C535,,,1283,1,
C726,2044,C726,-,AE,DE,A8,0,2,6,5,1,1,3,00,00,01,C726,,,1284,1,
C726,2044,C726,-,AE,DE,A8,0,2,6,5,1,1,3,00,00,01,C726,,,1285,1,
C726,2044,C726,-,AE,DE,A8,0,2,6,5,1,1,3,00,00,01,C726,,,1286,1,
C726,2044,C726,-,AE,DE,A8,0,2,6,5,1,1,3,00,00,01,C726,,,1287,1,
OBJECT,2044,C128,-,AE,DE,A8,0,2,6,5,1,1,3,00,00,01,24,$0218,26,1287,1,
OBJECT,2044,C128,-,AE,DE,A8,0,2,6,5,1,1,3,00,00,01,25,$0219,5E,1287,1,
OBJECT,2044,C128,-,AE,DE,A8,0,2,6,5,1,1,3,00,00,01,26,$021A,45,1287,1,
OBJECT,2044,C128,-,AE,DE,A8,0,2,6,5,1,1,3,00,00,01,27,$021B,01,1287,1,
FRAME,2044,C128,-,AE,DE,A8,0,2,6,5,1,1,3,00,00,01,,,,,1287,1,
C726,2045,C726,-,AE,DE,A8,0,2,6,5,0,1,3,00,00,01,C726,,,1288,1,
C726,2045,C726,-,AE,DE,A8,0,2,6,5,0,1,3,00,00,01,C726,,,1289,1,
OBJECT,2045,C74A,-,AE,DE,A8,0,2,6,5,0,1,3,00,00,01,28,$021C,4B,1289,1,
OBJECT,2045,C74A,-,AE,DE,A8,0,2,6,5,0,1,3,00,00,01,29,$021D,09,1289,1,
FRAME,2045,C74A,-,AE,DE,A8,0,2,6,5,0,1,3,00,00,01,,,,,1289,1,
RNG,2046,C535,-,AE,DE,A8,0,2,6,5,1,2,3,00,00,01,C535,,,1289,1,
FRAME,2046,C74C,-,AC,2A,A9,0,0,4,2,1,2,3,00,00,01,,,,,1289,1,
RNG,2047,C535,-,AC,2A,A9,0,0,4,2,1,1,3,00,00,01,C535,,,1289,1,
FRAME,2047,C74C,-,AA,C7,AA,0,2,2,4,1,1,3,00,00,01,,,,,1289,1,
RNG,2048,C535,-,AA,C7,AA,0,2,2,4,1,1,3,00,00,01,C535,,,1289,1,
C726,2048,C726,-,A8,5C,AB,0,0,0,5,1,1,3,00,00,01,C726,,,1290,1,
OBJECT,2048,E05F,-,A8,5C,AB,0,0,0,5,1,1,3,00,00,01,30,$021E,26,1290,1,
FRAME,2048,E05F,-,A8,5C,AB,0,0,0,5,1,1,3,00,00,01,,,,,1290,1,
RNG,2049,C535,-,A8,5C,AB,0,0,0,5,1,1,3,00,00,01,C535,,,1290,1,
C726,2049,C726,-,A6,FE,AC,0,2,6,7,1,1,3,00,00,01,C726,,,1291,1,
C726,2049,C726,-,A6,FE,AC,0,2,6,7,1,1,3,00,00,01,C726,,,1292,1,
C726,2049,C726,-,A6,FE,AC,0,2,6,7,1,1,3,00,00,01,C726,,,1293,1,
C726,2049,C726,-,A6,FE,AC,0,2,6,7,1,1,3,00,00,01,C726,,,1294,1,
C726,2049,C726,-,A6,FE,AC,0,2,6,7,1,1,3,00,00,01,C726,,,1295,1,
OBJECT,2049,C74C,-,A6,FE,AC,0,2,6,7,1,1,3,00,00,01,31,$021F,5E,1295,1,
OBJECT,2049,C74C,-,A6,FE,AC,0,2,6,7,1,1,3,00,00,01,32,$0220,45,1295,1,
OBJECT,2049,C74C,-,A6,FE,AC,0,2,6,7,1,1,3,00,00,01,33,$0221,01,1295,1,
OBJECT,2049,C74C,-,A6,FE,AC,0,2,6,7,1,1,3,00,00,01,34,$0222,4B,1295,1,
OBJECT,2049,C74C,-,A6,FE,AC,0,2,6,7,1,1,3,00,00,01,35,$0223,09,1295,1,
FRAME,2049,C74C,-,A6,FE,AC,0,2,6,7,1,1,3,00,00,01,,,,,1295,1,
RNG,2050,C535,-,A6,FE,AC,0,2,6,7,1,1,3,00,00,01,C535,,,1295,1,
FRAME,2050,C74A,-,A4,04,AD,0,0,4,0,1,1,3,00,00,01,,,,,1295,1,
RNG,2051,C535,-,A4,04,AD,0,0,4,0,1,1,3,00,00,01,C535,,,1295,1,
FRAME,2051,C74A,-,A2,A4,AE,0,2,2,2,1,1,3,00,00,01,,,,,1295,1,
RNG,2052,C535,-,A2,A4,AE,0,2,2,2,1,1,3,00,00,01,C535,,,1295,1,
C726,2052,C726,-,77,A4,AF,1,3,7,2,1,1,3,00,00,01,C726,,,1296,1,
OBJECT,2052,E02C,-,77,A4,AF,1,3,7,2,1,1,3,00,00,01,36,$0224,26,1296,1,
FRAME,2052,E02C,-,77,A4,AF,1,3,7,2,1,1,3,00,00,01,,,,,1296,1,
RNG,2053,C535,-,77,A4,AF,1,3,7,2,1,1,3,00,00,01,C535,,,1296,1,
C726,2053,C726,-,75,61,B0,1,1,5,6,1,1,3,00,00,01,C726,,,1297,1,
C726,2053,C726,-,75,61,B0,1,1,5,6,1,1,3,00,00,01,C726,,,1298,1,
C726,2053,C726,-,75,61,B0,1,1,5,6,1,1,3,00,00,01,C726,,,1299,1,
C726,2053,C726,-,75,61,B0,1,1,5,6,1,1,3,00,00,01,C726,,,1300,1,
C726,2053,C726,-,75,61,B0,1,1,5,6,1,1,3,00,00,01,C726,,,1301,1,
OBJECT,2053,C74A,-,75,61,B0,1,1,5,6,1,1,3,00,00,01,37,$0225,5E,1301,1,
OBJECT,2053,C74A,-,75,61,B0,1,1,5,6,1,1,3,00,00,01,38,$0226,45,1301,1,
OBJECT,2053,C74A,-,75,61,B0,1,1,5,6,1,1,3,00,00,01,39,$0227,01,1301,1,
OBJECT,2053,C74A,-,75,61,B0,1,1,5,6,1,1,3,00,00,01,40,$0228,4B,1301,1,
OBJECT,2053,C74A,-,75,61,B0,1,1,5,6,1,1,3,00,00,01,41,$0229,09,1301,1,
FRAME,2053,C74A,-,75,61,B0,1,1,5,6,1,1,3,00,00,01,,,,,1301,1,
RNG,2054,C535,-,75,61,B0,1,1,5,6,1,1,3,00,00,01,C535,,,1301,1,
FRAME,2054,C74E,-,5A,48,B1,0,2,2,4,1,1,3,00,00,01,,,,,1301,1,
RNG,2055,C535,-,5A,48,B1,0,2,2,4,1,1,3,00,00,01,C535,,,1301,1,
FRAME,2055,C750,-,58,DD,B2,0,0,0,5,1,1,3,00,00,01,,,,,1301,1,
RNG,2056,C535,-,58,DD,B2,0,0,0,5,1,1,3,00,00,01,C535,,,1301,1,
FRAME,2056,C74E,-,4D,76,B3,1,1,5,7,1,1,3,00,00,01,,,,,1301,1,
RNG,2057,C535,-,4D,76,B3,1,1,5,7,1,1,3,00,00,01,C535,,,1301,1,
C726,2057,C726,-,4B,3F,B4,1,3,3,3,1,1,3,00,00,01,C726,,,1302,1,
C726,2057,C726,-,4B,3F,B4,1,3,3,3,1,1,3,00,00,01,C726,,,1303,1,
C726,2057,C726,-,4B,3F,B4,1,3,3,3,1,1,3,00,00,01,C726,,,1304,1,
C726,2057,C726,-,4B,3F,B4,1,3,3,3,1,1,3,00,00,01,C726,,,1305,1,
C726,2057,C726,-,4B,3F,B4,1,3,3,3,1,1,3,00,00,01,C726,,,1306,1,
C726,2057,C726,-,4B,3F,B4,1,3,3,3,1,1,3,00,00,01,C726,,,1307,1,
OBJECT,2057,C74C,-,4B,3F,B4,1,3,3,3,1,1,3,00,00,01,42,$022A,26,1307,1,
OBJECT,2057,C74C,-,4B,3F,B4,1,3,3,3,1,1,3,00,00,01,43,$022B,5E,1307,1,
OBJECT,2057,C74C,-,4B,3F,B4,1,3,3,3,1,1,3,00,00,01,44,$022C,45,1307,1,
OBJECT,2057,C74C,-,4B,3F,B4,1,3,3,3,1,1,3,00,00,01,45,$022D,01,1307,1,
OBJECT,2057,C74C,-,4B,3F,B4,1,3,3,3,1,1,3,00,00,01,46,$022E,4B,1307,1,
OBJECT,2057,C74C,-,4B,3F,B4,1,3,3,3,1,1,3,00,00,01,47,$022F,09,1307,1,
FRAME,2057,C74C,-,4B,3F,B4,1,3,3,3,1,1,3,00,00,01,,,,,1307,1,
RNG,2058,C535,-,4B,3F,B4,1,3,3,3,1,1,3,00,00,01,C535,,,1307,1,
FRAME,2058,C74C,-,1F,46,B5,1,3,7,4,1,1,3,00,00,01,,,,,1307,1,
RNG,2059,C535,-,1F,46,B5,1,3,7,4,1,1,3,00,00,01,C535,,,1307,1,
FRAME,2059,C74C,-,1D,2E,B6,1,1,5,2,1,1,3,00,00,01,,,,,1307,1,
RNG,2060,C535,-,1D,2E,B6,1,1,5,2,1,1,3,00,00,01,C535,,,1307,1,
FRAME,2060,C74C,-,01,F6,B7,1,1,1,7,1,1,3,00,00,01,,,,,1307,1,
RNG,2061,C535,-,01,F6,B7,1,1,1,7,1,1,3,00,00,01,C535,,,1307,1,
C726,2061,C726,-,FF,BE,B8,1,3,7,3,1,1,3,00,00,01,C726,,,1308,1,
C726,2061,C726,-,FF,BE,B8,1,3,7,3,1,1,3,00,00,01,C726,,,1309,1,
C726,2061,C726,-,FF,BE,B8,1,3,7,3,1,1,3,00,00,01,C726,,,1310,1,
C726,2061,C726,-,FF,BE,B8,1,3,7,3,1,1,3,00,00,01,C726,,,1311,1,
C726,2061,C726,-,FF,BE,B8,1,3,7,3,1,1,3,00,00,01,C726,,,1312,1,
OBJECT,2061,C731,-,FF,BE,B8,1,3,7,3,1,1,3,00,00,01,48,$0230,26,1312,1,
OBJECT,2061,C731,-,FF,BE,B8,1,3,7,3,1,1,3,00,00,01,49,$0231,5E,1312,1,
OBJECT,2061,C731,-,FF,BE,B8,1,3,7,3,1,1,3,00,00,01,50,$0232,45,1312,1,
OBJECT,2061,C731,-,FF,BE,B8,1,3,7,3,1,1,3,00,00,01,51,$0233,01,1312,1,
OBJECT,2061,C731,-,FF,BE,B8,1,3,7,3,1,1,3,00,00,01,52,$0234,4B,1312,1,
FRAME,2061,C731,-,FF,BE,B8,1,3,7,3,1,1,3,00,00,01,,,,,1312,1,
C726,2062,C726,-,FF,BE,B8,1,3,7,3,0,1,3,00,00,01,C726,,,1313,1,
OBJECT,2062,C74C,-,FF,BE,B8,1,3,7,3,0,1,3,00,00,01,53,$0235,09,1313,1,
FRAME,2062,C74C,-,FF,BE,B8,1,3,7,3,0,1,3,00,00,01,,,,,1313,1,
RNG,2063,C535,-,FF,BE,B8,1,3,7,3,1,2,3,00,00,01,C535,,,1313,1,
FRAME,2063,C74C,-,F3,86,B9,1,3,3,0,1,2,3,00,00,01,,,,,1313,1,
RNG,2064,C535,-,F3,86,B9,1,3,3,0,1,1,3,00,00,01,C535,,,1313,1,
FRAME,2064,C74C,-,F1,4E,BA,1,1,1,4,1,1,3,00,00,01,,,,,1313,1,
RNG,2065,C535,-,F1,4E,BA,1,1,1,4,1,1,3,00,00,01,C535,,,1313,1,
C726,2065,C726,-,C4,0E,BB,0,0,4,0,1,1,3,00,00,01,C726,,,1314,1,
C726,2065,C726,-,C4,0E,BB,0,0,4,0,1,1,3,00,00,01,C726,,,1315,1,
OBJECT,2065,C3FB,-,C4,0E,BB,0,0,4,0,1,1,3,00,00,01,54,$0236,26,1315,1,
OBJECT,2065,C3FB,-,C4,0E,BB,0,0,4,0,1,1,3,00,00,01,55,$0237,5E,1315,1,
FRAME,2065,C3FB,-,C4,0E,BB,0,0,4,0,1,1,3,00,00,01,,,,,1315,1,
C726,2066,C726,-,C4,0E,BB,0,0,4,0,0,1,3,00,00,01,C726,,,1316,1,
C726,2066,C726,-,C4,0E,BB,0,0,4,0,0,1,3,00,00,01,C726,,,1317,1,
C726,2066,C726,-,C4,0E,BB,0,0,4,0,0,1,3,00,00,01,C726,,,1318,1,
C726,2066,C726,-,C4,0E,BB,0,0,4,0,0,1,3,00,00,01,C726,,,1319,1,
OBJECT,2066,C74E,-,C4,0E,BB,0,0,4,0,0,1,3,00,00,01,56,$0238,45,1319,1,
OBJECT,2066,C74E,-,C4,0E,BB,0,0,4,0,0,1,3,00,00,01,57,$0239,01,1319,1,
OBJECT,2066,C74E,-,C4,0E,BB,0,0,4,0,0,1,3,00,00,01,58,$023A,4B,1319,1,
OBJECT,2066,C74E,-,C4,0E,BB,0,0,4,0,0,1,3,00,00,01,59,$023B,09,1319,1,
FRAME,2066,C74E,-,C4,0E,BB,0,0,4,0,0,1,3,00,00,01,,,,,1319,1,
RNG,2067,C535,-,C4,0E,BB,0,0,4,0,1,2,3,00,00,01,C535,,,1319,1,
FRAME,2067,C74A,-,96,26,BC,0,2,6,2,1,2,3,00,00,01,,,,,1319,1,
RNG,2068,C535,-,96,26,BC,0,2,6,2,1,1,3,00,00,01,C535,,,1319,1,
FRAME,2068,C74E,-,79,F6,BD,1,1,1,7,1,1,3,00,00,01,,,,,1319,1,
RNG,2069,C535,-,79,F6,BD,1,1,1,7,1,1,3,00,00,01,C535,,,1319,1,
C726,2069,C726,-,5B,E7,BE,1,3,3,6,1,1,3,00,00,01,C726,,,1320,1,
OBJECT,2069,E05F,-,5B,E7,BE,1,3,3,6,1,1,3,00,00,01,60,$023C,26,1320,1,
FRAME,2069,E05F,-,5B,E7,BE,1,3,3,6,1,1,3,00,00,01,,,,,1320,1,
RNG,2070,C535,-,5B,E7,BE,1,3,3,6,1,1,3,00,00,01,C535,,,1320,1,
C726,2070,C726,-,4E,94,BF,0,2,6,1,1,1,3,00,00,01,C726,,,1321,1,
C726,2070,C726,-,4E,94,BF,0,2,6,1,1,1,3,00,00,01,C726,,,1322,1,
C726,2070,C726,-,4E,94,BF,0,2,6,1,1,1,3,00,00,01,C726,,,1323,1,
C726,2070,C726,-,4E,94,BF,0,2,6,1,1,1,3,00,00,01,C726,,,1324,1,
C726,2070,C726,-,4E,94,BF,0,2,6,1,1,1,3,00,00,01,C726,,,1325,1,
OBJECT,2070,C74A,-,4E,94,BF,0,2,6,1,1,1,3,00,00,01,0,$0200,4B,1325,1,
OBJECT,2070,C74A,-,4E,94,BF,0,2,6,1,1,1,3,00,00,01,1,$0201,09,1325,1,
OBJECT,2070,C74A,-,4E,94,BF,0,2,6,1,1,1,3,00,00,01,61,$023D,5E,1325,1,
OBJECT,2070,C74A,-,4E,94,BF,0,2,6,1,1,1,3,00,00,01,62,$023E,45,1325,1,
OBJECT,2070,C74A,-,4E,94,BF,0,2,6,1,1,1,3,00,00,01,63,$023F,01,1325,1,
FRAME,2070,C74A,-,4E,94,BF,0,2,6,1,1,1,3,00,00,01,,,,,1325,1,
RNG,2071,C535,-,4E,94,BF,0,2,6,1,1,1,3,00,00,01,C535,,,1325,1,
FRAME,2071,C74E,-,40,63,C0,0,0,0,6,1,1,3,00,00,01,,,,,1325,1,
RNG,2072,C535,-,40,63,C0,0,0,0,6,1,1,3,00,00,01,C535,,,1325,1,
FRAME,2072,C74E,-,11,6A,C1,1,1,1,6,1,1,3,00,00,01,,,,,1325,1,
RNG,2073,C535,-,11,6A,C1,1,1,1,6,1,1,3,00,00,01,C535,,,1325,1,
C726,2073,C726,-,E1,33,C2,1,1,1,3,1,1,3,00,00,01,C726,,,1326,1,
OBJECT,2073,E065,-,E1,33,C2,1,1,1,3,1,1,3,00,00,01,2,$0202,26,1326,1,
FRAME,2073,E065,-,E1,33,C2,1,1,1,3,1,1,3,00,00,01,,,,,1326,1,
RNG,2074,C535,-,E1,33,C2,1,1,1,3,1,1,3,00,00,01,C535,,,1326,1,
C726,2074,C726,-,C2,27,C3,0,2,2,2,1,1,3,00,00,01,C726,,,1327,1,
C726,2074,C726,-,C2,27,C3,0,2,2,2,1,1,3,00,00,01,C726,,,1328,1,
C726,2074,C726,-,C2,27,C3,0,2,2,2,1,1,3,00,00,01,C726,,,1329,1,
C726,2074,C726,-,C2,27,C3,0,2,2,2,1,1,3,00,00,01,C726,,,1330,1,
C726,2074,C726,-,C2,27,C3,0,2,2,2,1,1,3,00,00,01,C726,,,1331,1,
OBJECT,2074,C74C,-,C2,27,C3,0,2,2,2,1,1,3,00,00,01,3,$0203,5E,1331,1,
OBJECT,2074,C74C,-,C2,27,C3,0,2,2,2,1,1,3,00,00,01,4,$0204,45,1331,1,
OBJECT,2074,C74C,-,C2,27,C3,0,2,2,2,1,1,3,00,00,01,5,$0205,01,1331,1,
OBJECT,2074,C74C,-,C2,27,C3,0,2,2,2,1,1,3,00,00,01,6,$0206,4B,1331,1,
OBJECT,2074,C74C,-,C2,27,C3,0,2,2,2,1,1,3,00,00,01,7,$0207,09,1331,1,
FRAME,2074,C74C,-,C2,27,C3,0,2,2,2,1,1,3,00,00,01,,,,,1331,1,
RNG,2075,C535,-,C2,27,C3,0,2,2,2,1,1,3,00,00,01,C535,,,1331,1,
FRAME,2075,C74C,-,A2,B7,C4,0,2,2,3,1,1,3,00,00,01,,,,,1331,1,
RNG,2076,C535,-,A2,B7,C4,0,2,2,3,1,1,3,00,00,01,C535,,,1331,1,
FRAME,2076,C74C,-,93,D5,C5,1,3,3,5,1,1,3,00,00,01,,,,,1331,1,
RNG,2077,C535,-,93,D5,C5,1,3,3,5,1,1,3,00,00,01,C535,,,1331,1,
FRAME,2077,C74C,-,83,77,C6,1,3,3,7,1,1,3,00,00,01,,,,,1331,1,
RNG,2078,C535,-,83,77,C6,1,3,3,7,1,1,3,00,00,01,C535,,,1331,1,
C726,2078,C726,-,55,3F,C7,1,1,5,3,1,1,3,00,00,01,C726,,,1332,1,
C726,2078,C726,-,55,3F,C7,1,1,5,3,1,1,3,00,00,01,C726,,,1333,1,
C726,2078,C726,-,55,3F,C7,1,1,5,3,1,1,3,00,00,01,C726,,,1334,1,
C726,2078,C726,-,55,3F,C7,1,1,5,3,1,1,3,00,00,01,C726,,,1335,1,
C726,2078,C726,-,55,3F,C7,1,1,5,3,1,1,3,00,00,01,C726,,,1336,1,
C726,2078,C726,-,55,3F,C7,1,1,5,3,1,1,3,00,00,01,C726,,,1337,1,
OBJECT,2078,C74A,-,55,3F,C7,1,1,5,3,1,1,3,00,00,01,8,$0208,26,1337,1,
OBJECT,2078,C74A,-,55,3F,C7,1,1,5,3,1,1,3,00,00,01,9,$0209,5E,1337,1,
OBJECT,2078,C74A,-,55,3F,C7,1,1,5,3,1,1,3,00,00,01,10,$020A,45,1337,1,
OBJECT,2078,C74A,-,55,3F,C7,1,1,5,3,1,1,3,00,00,01,11,$020B,01,1337,1,
OBJECT,2078,C74A,-,55,3F,C7,1,1,5,3,1,1,3,00,00,01,12,$020C,4B,1337,1,
OBJECT,2078,C74A,-,55,3F,C7,1,1,5,3,1,1,3,00,00,01,13,$020D,09,1337,1,
FRAME,2078,C74A,-,55,3F,C7,1,1,5,3,1,1,3,00,00,01,,,,,1337,1,
RNG,2079,C535,-,55,3F,C7,1,1,5,3,1,1,3,00,00,01,C535,,,1337,1,
FRAME,2079,C74C,-,28,DF,C8,0,0,0,5,1,1,3,00,00,01,,,,,1337,1,
RNG,2080,C535,-,28,DF,C8,0,0,0,5,1,1,3,00,00,01,C535,,,1337,1,
FRAME,2080,C74E,-,0A,E5,C9,0,2,2,6,1,1,3,00,00,01,,,,,1337,1,
RNG,2081,C535,-,0A,E5,C9,0,2,2,6,1,1,3,00,00,01,C535,,,1337,1,
FRAME,2081,C74A,-,ED,05,CA,1,1,5,0,1,1,3,00,00,01,,,,,1337,1,
RNG,2082,C535,-,ED,05,CA,1,1,5,0,1,1,3,00,00,01,C535,,,1337,1,
C726,2082,C726,-,DF,A6,CB,1,3,7,2,1,1,3,00,00,01,C726,,,1338,1,
C726,2082,C726,-,DF,A6,CB,1,3,7,2,1,1,3,00,00,01,C726,,,1339,1,
C726,2082,C726,-,DF,A6,CB,1,3,7,2,1,1,3,00,00,01,C726,,,1340,1,
C726,2082,C726,-,DF,A6,CB,1,3,7,2,1,1,3,00,00,01,C726,,,1341,1,
OBJECT,2082,C3B4,-,DF,A6,CB,1,3,7,2,1,1,3,00,00,01,14,$020E,26,1341,1,
OBJECT,2082,C3B4,-,DF,A6,CB,1,3,7,2,1,1,3,00,00,01,15,$020F,5E,1341,1,
OBJECT,2082,C3B4,-,DF,A6,CB,1,3,7,2,1,1,3,00,00,01,16,$0210,45,1341,1,
OBJECT,2082,C3B4,-,DF,A6,CB,1,3,7,2,1,1,3,00,00,01,17,$0211,01,1341,1,
FRAME,2082,C3B4,-,DF,A6,CB,1,3,7,2,1,1,3,00,00,01,,,,,1341,1,
C726,2083,C726,-,DF,A6,CB,1,3,7,2,0,1,3,00,00,01,C726,,,1342,1,
C726,2083,C726,-,DF,A6,CB,1,3,7,2,0,1,3,00,00,01,C726,,,1343,1,
OBJECT,2083,C74A,-,DF,A6,CB,1,3,7,2,0,1,3,00,00,01,18,$0212,4B,1343,1,
OBJECT,2083,C74A,-,DF,A6,CB,1,3,7,2,0,1,3,00,00,01,19,$0213,09,1343,1,
FRAME,2083,C74A,-,DF,A6,CB,1,3,7,2,0,1,3,00,00,01,,,,,1343,1,
RNG,2084,C535,-,DF,A6,CB,1,3,7,2,1,2,3,00,00,01,C535,,,1343,1,
FRAME,2084,C74A,-,D2,6C,CC,0,2,2,6,1,2,3,00,00,01,,,,,1343,1,
RNG,2085,C535,-,D2,6C,CC,0,2,2,6,1,1,3,00,00,01,C535,,,1343,1,
FRAME,2085,C74E,-,D0,15,CD,0,0,0,1,1,1,3,00,00,01,,,,,1343,1,
RNG,2086,C535,-,D0,15,CD,0,0,0,1,1,1,3,00,00,01,C535,,,1343,1,
C726,2086,C726,-,A4,15,CE,0,0,4,1,1,1,3,00,00,01,C726,,,1344,1,
OBJECT,2086,E062,-,A4,15,CE,0,0,4,1,1,1,3,00,00,01,20,$0214,26,1344,1,
FRAME,2086,E062,-,A4,15,CE,0,0,4,1,1,1,3,00,00,01,,,,,1344,1,
RNG,2087,C535,-,A4,15,CE,0,0,4,1,1,1,3,00,00,01,C535,,,1344,1,
C726,2087,C726,-,A2,A2,CF,0,2,2,2,1,1,3,00,00,01,C726,,,1345,1,
C726,2087,C726,-,A2,A2,CF,0,2,2,2,1,1,3,00,00,01,C726,,,1346,1,
C726,2087,C726,-,A2,A2,CF,0,2,2,2,1,1,3,00,00,01,C726,,,1347,1,
C726,2087,C726,-,A2,A2,CF,0,2,2,2,1,1,3,00,00,01,C726,,,1348,1,
C726,2087,C726,-,A2,A2,CF,0,2,2,2,1,1,3,00,00,01,C726,,,1349,1,
OBJECT,2087,C74C,-,A2,A2,CF,0,2,2,2,1,1,3,00,00,01,21,$0215,5E,1349,1,
OBJECT,2087,C74C,-,A2,A2,CF,0,2,2,2,1,1,3,00,00,01,22,$0216,45,1349,1,
OBJECT,2087,C74C,-,A2,A2,CF,0,2,2,2,1,1,3,00,00,01,23,$0217,01,1349,1,
OBJECT,2087,C74C,-,A2,A2,CF,0,2,2,2,1,1,3,00,00,01,24,$0218,4B,1349,1,
OBJECT,2087,C74C,-,A2,A2,CF,0,2,2,2,1,1,3,00,00,01,25,$0219,09,1349,1,
FRAME,2087,C74C,-,A2,A2,CF,0,2,2,2,1,1,3,00,00,01,,,,,1349,1,
RNG,2088,C535,-,A2,A2,CF,0,2,2,2,1,1,3,00,00,01,C535,,,1349,1,
FRAME,2088,C74C,-,86,95,D0,0,2,6,1,1,1,3,00,00,01,,,,,1349,1,
RNG,2089,C535,-,86,95,D0,0,2,6,1,1,1,3,00,00,01,C535,,,1349,1,
FRAME,2089,C74E,-,84,98,D1,0,0,4,1,1,1,3,00,00,01,,,,,1349,1,
RNG,2090,C535,-,84,98,D1,0,0,4,1,1,1,3,00,00,01,C535,,,1349,1,
C726,2090,C726,-,78,E4,D2,0,0,0,6,1,1,3,00,00,01,C726,,,1350,1,
OBJECT,2090,E00A,-,78,E4,D2,0,0,0,6,1,1,3,00,00,01,26,$021A,26,1350,1,
FRAME,2090,E00A,-,78,E4,D2,0,0,0,6,1,1,3,00,00,01,,,,,1350,1,
RNG,2091,C535,-,78,E4,D2,0,0,0,6,1,1,3,00,00,01,C535,,,1350,1,
C726,2091,C726,-,76,BC,D3,0,2,6,3,1,1,3,00,00,01,C726,,,1351,1,
C726,2091,C726,-,76,BC,D3,0,2,6,3,1,1,3,00,00,01,C726,,,1352,1,
C726,2091,C726,-,76,BC,D3,0,2,6,3,1,1,3,00,00,01,C726,,,1353,1,
C726,2091,C726,-,76,BC,D3,0,2,6,3,1,1,3,00,00,01,C726,,,1354,1,
C726,2091,C726,-,76,BC,D3,0,2,6,3,1,1,3,00,00,01,C726,,,1355,1,
OBJECT,2091,C74C,-,76,BC,D3,0,2,6,3,1,1,3,00,00,01,27,$021B,5E,1355,1,
OBJECT,2091,C74C,-,76,BC,D3,0,2,6,3,1,1,3,00,00,01,28,$021C,45,1355,1,
OBJECT,2091,C74C,-,76,BC,D3,0,2,6,3,1,1,3,00,00,01,29,$021D,01,1355,1,
OBJECT,2091,C74C,-,76,BC,D3,0,2,6,3,1,1,3,00,00,01,30,$021E,4B,1355,1,
OBJECT,2091,C74C,-,76,BC,D3,0,2,6,3,1,1,3,00,00,01,31,$021F,09,1355,1,
FRAME,2091,C74C,-,76,BC,D3,0,2,6,3,1,1,3,00,00,01,,,,,1355,1,
RNG,2092,C535,-,76,BC,D3,0,2,6,3,1,1,3,00,00,01,C535,,,1355,1,
FRAME,2092,C74C,-,4B,51,D4,1,3,3,5,1,1,3,00,00,01,,,,,1355,1,
RNG,2093,C535,-,4B,51,D4,1,3,3,5,1,1,3,00,00,01,C535,,,1355,1,
FRAME,2093,C74C,-,49,F3,D5,1,1,1,7,1,1,3,00,00,01,,,,,1355,1,
RNG,2094,C535,-,49,F3,D5,1,1,1,7,1,1,3,00,00,01,C535,,,1355,1,
FRAME,2094,C74C,-,2E,BB,D6,0,2,6,3,1,1,3,00,00,01,,,,,1355,1,
RNG,2095,C535,-,2E,BB,D6,0,2,6,3,1,1,3,00,00,01,C535,,,1355,1,
C726,2095,C726,-,2C,5B,D7,0,0,4,5,1,1,3,00,00,01,C726,,,1356,1,
C726,2095,C726,-,2C,5B,D7,0,0,4,5,1,1,3,00,00,01,C726,,,1357,1,
C726,2095,C726,-,2C,5B,D7,0,0,4,5,1,1,3,00,00,01,C726,,,1358,1,
C726,2095,C726,-,2C,5B,D7,0,0,4,5,1,1,3,00,00,01,C726,,,1359,1,
C726,2095,C726,-,2C,5B,D7,0,0,4,5,1,1,3,00,00,01,C726,,,1360,1,
C726,2095,C726,-,2C,5B,D7,0,0,4,5,1,1,3,00,00,01,C726,,,1361,1,
OBJECT,2095,C74A,-,2C,5B,D7,0,0,4,5,1,1,3,00,00,01,32,$0220,26,1361,1,
OBJECT,2095,C74A,-,2C,5B,D7,0,0,4,5,1,1,3,00,00,01,33,$0221,5E,1361,1,
OBJECT,2095,C74A,-,2C,5B,D7,0,0,4,5,1,1,3,00,00,01,34,$0222,45,1361,1,
OBJECT,2095,C74A,-,2C,5B,D7,0,0,4,5,1,1,3,00,00,01,35,$0223,01,1361,1,
OBJECT,2095,C74A,-,2C,5B,D7,0,0,4,5,1,1,3,00,00,01,36,$0224,4B,1361,1,
OBJECT,2095,C74A,-,2C,5B,D7,0,0,4,5,1,1,3,00,00,01,37,$0225,09,1361,1,
FRAME,2095,C74A,-,2C,5B,D7,0,0,4,5,1,1,3,00,00,01,,,,,1361,1,
RNG,2096,C535,-,2C,5B,D7,0,0,4,5,1,1,3,00,00,01,C535,,,1361,1,
FRAME,2096,C74E,-,21,61,D8,1,1,1,6,1,1,3,00,00,01,,,,,1361,1,
RNG,2097,C535,-,21,61,D8,1,1,1,6,1,1,3,00,00,01,C535,,,1361,1,
FRAME,2097,C74E,-,0F,81,D9,1,3,7,0,1,1,3,00,00,01,,,,,1361,1,
RNG,2098,C535,-,0F,81,D9,1,3,7,0,1,1,3,00,00,01,C535,,,1361,1,
FRAME,2098,C74E,-,14,CC,DA,0,0,4,4,1,1,3,00,00,01,,,,,1361,1,
RNG,2099,C535,-,14,CC,DA,0,0,4,4,1,1,3,00,00,01,C535,,,1361,1,
C726,2099,C726,-,17,C6,DB,1,3,7,4,1,1,3,00,00,01,C726,,,1362,1,
C726,2099,C726,-,17,C6,DB,1,3,7,4,1,1,3,00,00,01,C726,,,1363,1,
C726,2099,C726,-,17,C6,DB,1,3,7,4,1,1,3,00,00,01,C726,,,1364,1,
C726,2099,C726,-,17,C6,DB,1,3,7,4,1,1,3,00,00,01,C726,,,1365,1,
OBJECT,2099,FF0D,-,17,C6,DB,1,3,7,4,1,1,3,00,00,01,38,$0226,26,1365,1,
OBJECT,2099,FF0D,-,17,C6,DB,1,3,7,4,1,1,3,00,00,01,39,$0227,5E,1365,1,
OBJECT,2099,FF0D,-,17,C6,DB,1,3,7,4,1,1,3,00,00,01,40,$0228,45,1365,1,
OBJECT,2099,FF0D,-,17,C6,DB,1,3,7,4,1,1,3,00,00,01,41,$0229,01,1365,1,
FRAME,2099,FF0D,-,17,C6,DB,1,3,7,4,1,1,3,00,00,01,,,,,1365,1,
C726,2100,C726,-,17,C6,DB,1,3,7,4,0,1,3,00,00,01,C726,,,1366,1,
C726,2100,C726,-,17,C6,DB,1,3,7,4,0,1,3,00,00,01,C726,,,1367,1,
OBJECT,2100,C74C,-,17,C6,DB,1,3,7,4,0,1,3,00,00,01,42,$022A,4B,1367,1,
OBJECT,2100,C74C,-,17,C6,DB,1,3,7,4,0,1,3,00,00,01,43,$022B,09,1367,1,
FRAME,2100,C74C,-,17,C6,DB,1,3,7,4,0,1,3,00,00,01,,,,,1367,1,
RNG,2101,C535,-,17,C6,DB,1,3,7,4,1,2,3,00,00,01,C535,,,1367,1,
FRAME,2101,C74C,-,C4,6F,DC,0,0,4,6,1,2,3,00,00,01,,,,,1367,1,
RNG,2102,C535,-,C4,6F,DC,0,0,4,6,1,1,3,00,00,01,C535,,,1367,1,
FRAME,2102,C74A,-,C9,6F,DD,1,1,1,6,1,1,3,00,00,01,,,,,1367,1,
RNG,2103,C535,-,C9,6F,DD,1,1,1,6,1,1,3,00,00,01,C535,,,1367,1,
C726,2103,C726,-,CC,FC,DE,0,0,4,7,1,1,3,00,00,01,C726,,,1368,1,
C726,2103,C726,-,CC,FC,DE,0,0,4,7,1,1,3,00,00,01,C726,,,1369,1,
OBJECT,2103,C2EA,-,CC,FC,DE,0,0,4,7,1,1,3,00,00,01,44,$022C,26,1369,1,
OBJECT,2103,C2EA,-,CC,FC,DE,0,0,4,7,1,1,3,00,00,01,45,$022D,5E,1369,1,
FRAME,2103,C2EA,-,CC,FC,DE,0,0,4,7,1,1,3,00,00,01,,,,,1369,1,
C726,2104,C726,-,CC,FC,DE,0,0,4,7,0,1,3,00,00,01,C726,,,1370,1,
C726,2104,C726,-,CC,FC,DE,0,0,4,7,0,1,3,00,00,01,C726,,,1371,1,
C726,2104,C726,-,CC,FC,DE,0,0,4,7,0,1,3,00,00,01,C726,,,1372,1,
C726,2104,C726,-,CC,FC,DE,0,0,4,7,0,1,3,00,00,01,C726,,,1373,1,
OBJECT,2104,C74C,-,CC,FC,DE,0,0,4,7,0,1,3,00,00,01,46,$022E,45,1373,1,
OBJECT,2104,C74C,-,CC,FC,DE,0,0,4,7,0,1,3,00,00,01,47,$022F,01,1373,1,
OBJECT,2104,C74C,-,CC,FC,DE,0,0,4,7,0,1,3,00,00,01,48,$0230,4B,1373,1,
OBJECT,2104,C74C,-,CC,FC,DE,0,0,4,7,0,1,3,00,00,01,49,$0231,09,1373,1,
FRAME,2104,C74C,-,CC,FC,DE,0,0,4,7,0,1,3,00,00,01,,,,,1373,1,
RNG,2105,C535,-,CC,FC,DE,0,0,4,7,1,2,3,00,00,01,C535,,,1373,1,
FRAME,2105,C74E,-,95,EF,DF,1,1,5,6,1,2,3,00,00,01,,,,,1373,1,
RNG,2106,C535,-,95,EF,DF,1,1,5,6,1,1,3,00,00,01,C535,,,1373,1,
FRAME,2106,C74C,-,97,F2,E0,1,3,7,7,1,1,3,00,00,01,,,,,1373,1,
RNG,2107,C535,-,97,F2,E0,1,3,7,7,1,1,3,00,00,01,C535,,,1373,1,
C726,2107,C726,-,67,3E,E1,1,3,7,3,1,1,3,00,00,01,C726,,,1374,1,
OBJECT,2107,E022,-,67,3E,E1,1,3,7,3,1,1,3,00,00,01,50,$0232,26,1374,1,
FRAME,2107,E022,-,67,3E,E1,1,3,7,3,1,1,3,00,00,01,,,,,1374,1,
RNG,2108,C535,-,67,3E,E1,1,3,7,3,1,1,3,00,00,01,C535,,,1374,1,
C726,2108,C726,-,85,16,E2,1,1,5,1,1,1,3,00,00,01,C726,,,1375,1,
C726,2108,C726,-,85,16,E2,1,1,5,1,1,1,3,00,00,01,C726,,,1376,1,
C726,2108,C726,-,85,16,E2,1,1,5,1,1,1,3,00,00,01,C726,,,1377,1,
C726,2108,C726,-,85,16,E2,1,1,5,1,1,1,3,00,00,01,C726,,,1378,1,
C726,2108,C726,-,85,16,E2,1,1,5,1,1,1,3,00,00,01,C726,,,1379,1,
OBJECT,2108,C74E,-,85,16,E2,1,1,5,1,1,1,3,00,00,01,51,$0233,5E,1379,1,
OBJECT,2108,C74E,-,85,16,E2,1,1,5,1,1,1,3,00,00,01,52,$0234,45,1379,1,
OBJECT,2108,C74E,-,85,16,E2,1,1,5,1,1,1,3,00,00,01,53,$0235,01,1379,1,
OBJECT,2108,C74E,-,85,16,E2,1,1,5,1,1,1,3,00,00,01,54,$0236,4B,1379,1,
OBJECT,2108,C74E,-,85,16,E2,1,1,5,1,1,1,3,00,00,01,55,$0237,09,1379,1,
FRAME,2108,C74E,-,85,16,E2,1,1,5,1,1,1,3,00,00,01,,,,,1379,1,
RNG,2109,C535,-,85,16,E2,1,1,5,1,1,1,3,00,00,01,C535,,,1379,1,
FRAME,2109,C74E,-,2E,AB,E3,0,2,6,2,1,1,3,00,00,01,,,,,1379,1,
RNG,2110,C535,-,2E,AB,E3,0,2,6,2,1,1,3,00,00,01,C535,,,1379,1,
FRAME,2110,C74C,-,2E,54,E4,0,2,6,5,1,1,3,00,00,01,,,,,1379,1,
RNG,2111,C535,-,2E,54,E4,0,2,6,5,1,1,3,00,00,01,C535,,,1379,1,
C726,2111,C726,-,BB,89,E5,1,3,3,0,1,1,3,00,00,01,C726,,,1380,1,
OBJECT,2111,E061,-,BB,89,E5,1,3,3,0,1,1,3,00,00,01,56,$0238,26,1380,1,
FRAME,2111,E061,-,BB,89,E5,1,3,3,0,1,1,3,00,00,01,,,,,1380,1,
RNG,2112,C535,-,BB,89,E5,1,3,3,0,1,1,3,00,00,01,C535,,,1380,1,
C726,2112,C726,-,C0,A9,E6,0,0,0,2,1,1,3,00,00,01,C726,,,1381,1,
C726,2112,C726,-,C0,A9,E6,0,0,0,2,1,1,3,00,00,01,C726,,,1382,1,
C726,2112,C726,-,C0,A9,E6,0,0,0,2,1,1,3,00,00,01,C726,,,1383,1,
C726,2112,C726,-,C0,A9,E6,0,0,0,2,1,1,3,00,00,01,C726,,,1384,1,
C726,2112,C726,-,C0,A9,E6,0,0,0,2,1,1,3,00,00,01,C726,,,1385,1,
OBJECT,2112,C74A,-,C0,A9,E6,0,0,0,2,1,1,3,00,00,01,57,$0239,5E,1385,1,
OBJECT,2112,C74A,-,C0,A9,E6,0,0,0,2,1,1,3,00,00,01,58,$023A,45,1385,1,
OBJECT,2112,C74A,-,C0,A9,E6,0,0,0,2,1,1,3,00,00,01,59,$023B,01,1385,1,
OBJECT,2112,C74A,-,C0,A9,E6,0,0,0,2,1,1,3,00,00,01,60,$023C,4B,1385,1,
OBJECT,2112,C74A,-,C0,A9,E6,0,0,0,2,1,1,3,00,00,01,61,$023D,09,1385,1,
FRAME,2112,C74A,-,C0,A9,E6,0,0,0,2,1,1,3,00,00,01,,,,,1385,1,
RNG,2113,C535,-,C0,A9,E6,0,0,0,2,1,1,3,00,00,01,C535,,,1385,1,
FRAME,2113,C752,-,C3,CF,E7,1,3,3,4,1,1,3,00,00,01,,,,,1385,1,
RNG,2114,C535,-,C3,CF,E7,1,3,3,4,1,1,3,00,00,01,C535,,,1385,1,
FRAME,2114,C74C,-,70,96,E8,0,0,0,1,1,1,3,00,00,01,,,,,1385,1,
RNG,2115,C535,-,70,96,E8,0,0,0,1,1,1,3,00,00,01,C535,,,1385,1,
FRAME,2115,C74C,-,73,3F,E9,1,3,3,3,1,1,3,00,00,01,,,,,1385,1,
RNG,2116,C535,-,73,3F,E9,1,3,3,3,1,1,3,00,00,01,C535,,,1385,1,
C726,2116,C726,-,76,3F,EA,0,2,6,3,1,1,3,00,00,01,C726,,,1386,1,
C726,2116,C726,-,76,3F,EA,0,2,6,3,1,1,3,00,00,01,C726,,,1387,1,
C726,2116,C726,-,76,3F,EA,0,2,6,3,1,1,3,00,00,01,C726,,,1388,1,
C726,2116,C726,-,76,3F,EA,0,2,6,3,1,1,3,00,00,01,C726,,,1389,1,
C726,2116,C726,-,76,3F,EA,0,2,6,3,1,1,3,00,00,01,C726,,,1390,1,
C726,2116,C726,-,76,3F,EA,0,2,6,3,1,1,3,00,00,01,C726,,,1391,1,
OBJECT,2116,C74E,-,76,3F,EA,0,2,6,3,1,1,3,00,00,01,0,$0200,45,1391,1,
OBJECT,2116,C74E,-,76,3F,EA,0,2,6,3,1,1,3,00,00,01,1,$0201,01,1391,1,
OBJECT,2116,C74E,-,76,3F,EA,0,2,6,3,1,1,3,00,00,01,2,$0202,4B,1391,1,
OBJECT,2116,C74E,-,76,3F,EA,0,2,6,3,1,1,3,00,00,01,3,$0203,09,1391,1,
OBJECT,2116,C74E,-,76,3F,EA,0,2,6,3,1,1,3,00,00,01,62,$023E,26,1391,1,
OBJECT,2116,C74E,-,76,3F,EA,0,2,6,3,1,1,3,00,00,01,63,$023F,5E,1391,1,
FRAME,2116,C74E,-,76,3F,EA,0,2,6,3,1,1,3,00,00,01,,,,,1391,1,
RNG,2117,C535,-,76,3F,EA,0,2,6,3,1,1,3,00,00,01,C535,,,1391,1,
FRAME,2117,C74A,-,46,C4,EB,0,2,6,4,1,1,3,00,00,01,,,,,1391,1,
RNG,2118,C535,-,46,C4,EB,0,2,6,4,1,1,3,00,00,01,C535,,,1391,1,
FRAME,2118,C74A,-,49,91,EC,1,1,1,1,1,1,3,00,00,01,,,,,1391,1,
RNG,2119,C535,-,49,91,EC,1,1,1,1,1,1,3,00,00,01,C535,,,1391,1,
FRAME,2119,C74A,-,95,16,ED,1,1,5,1,1,1,3,00,00,01,,,,,1391,1,
RNG,2120,C535,-,95,16,ED,1,1,5,1,1,1,3,00,00,01,C535,,,1391,1,
C726,2120,C726,-,5B,E4,EE,1,3,3,6,1,1,3,00,00,01,C726,,,1392,1,
C726,2120,C726,-,5B,E4,EE,1,3,3,6,1,1,3,00,00,01,C726,,,1393,1,
C726,2120,C726,-,5B,E4,EE,1,3,3,6,1,1,3,00,00,01,C726,,,1394,1,
C726,2120,C726,-,5B,E4,EE,1,3,3,6,1,1,3,00,00,01,C726,,,1395,1,
OBJECT,2120,C30C,-,5B,E4,EE,1,3,3,6,1,1,3,00,00,01,4,$0204,26,1395,1,
OBJECT,2120,C30C,-,5B,E4,EE,1,3,3,6,1,1,3,00,00,01,5,$0205,5E,1395,1,
OBJECT,2120,C30C,-,5B,E4,EE,1,3,3,6,1,1,3,00,00,01,6,$0206,45,1395,1,
OBJECT,2120,C30C,-,5B,E4,EE,1,3,3,6,1,1,3,00,00,01,7,$0207,01,1395,1,
FRAME,2120,C30C,-,5B,E4,EE,1,3,3,6,1,1,3,00,00,01,,,,,1395,1,
C726,2121,C726,-,5B,E4,EE,1,3,3,6,0,1,3,00,00,01,C726,,,1396,1,
C726,2121,C726,-,5B,E4,EE,1,3,3,6,0,1,3,00,00,01,C726,,,1397,1,
OBJECT,2121,C74E,-,5B,E4,EE,1,3,3,6,0,1,3,00,00,01,8,$0208,4B,1397,1,
OBJECT,2121,C74E,-,5B,E4,EE,1,3,3,6,0,1,3,00,00,01,9,$0209,09,1397,1,
FRAME,2121,C74E,-,5B,E4,EE,1,3,3,6,0,1,3,00,00,01,,,,,1397,1,
RNG,2122,C535,-,5B,E4,EE,1,3,3,6,1,2,3,00,00,01,C535,,,1397,1,
FRAME,2122,C74E,-,DD,69,EF,1,1,5,6,1,2,3,00,00,01,,,,,1397,1,
RNG,2123,C535,-,DD,69,EF,1,1,5,6,1,1,3,00,00,01,C535,,,1397,1,
FRAME,2123,C74C,-,A6,38,F0,0,2,6,3,1,1,3,00,00,01,,,,,1397,1,
RNG,2124,C535,-,A6,38,F0,0,2,6,3,1,1,3,00,00,01,C535,,,1397,1,
C726,2124,C726,-,A7,BD,F1,1,3,7,3,1,1,3,00,00,01,C726,,,1398,1,
OBJECT,2124,E05F,-,A7,BD,F1,1,3,7,3,1,1,3,00,00,01,10,$020A,26,1398,1,
FRAME,2124,E05F,-,A7,BD,F1,1,3,7,3,1,1,3,00,00,01,,,,,1398,1,
RNG,2125,C535,-,A7,BD,F1,1,3,7,3,1,1,3,00,00,01,C535,,,1398,1,
C726,2125,C726,-,77,8D,F2,1,3,7,0,1,1,3,00,00,01,C726,,,1399,1,
C726,2125,C726,-,77,8D,F2,1,3,7,0,1,1,3,00,00,01,C726,,,1400,1,
C726,2125,C726,-,77,8D,F2,1,3,7,0,1,1,3,00,00,01,C726,,,1401,1,
C726,2125,C726,-,77,8D,F2,1,3,7,0,1,1,3,00,00,01,C726,,,1402,1,
C726,2125,C726,-,77,8D,F2,1,3,7,0,1,1,3,00,00,01,C726,,,1403,1,
OBJECT,2125,C74C,-,77,8D,F2,1,3,7,0,1,1,3,00,00,01,11,$020B,5E,1403,1,
OBJECT,2125,C74C,-,77,8D,F2,1,3,7,0,1,1,3,00,00,01,12,$020C,45,1403,1,
OBJECT,2125,C74C,-,77,8D,F2,1,3,7,0,1,1,3,00,00,01,13,$020D,01,1403,1,
OBJECT,2125,C74C,-,77,8D,F2,1,3,7,0,1,1,3,00,00,01,14,$020E,4B,1403,1,
OBJECT,2125,C74C,-,77,8D,F2,1,3,7,0,1,1,3,00,00,01,15,$020F,09,1403,1,
FRAME,2125,C74C,-,77,8D,F2,1,3,7,0,1,1,3,00,00,01,,,,,1403,1,
RNG,2126,C535,-,77,8D,F2,1,3,7,0,1,1,3,00,00,01,C535,,,1403,1,
FRAME,2126,C74A,-,7A,12,F3,0,2,2,1,1,1,3,00,00,01,,,,,1403,1,
RNG,2127,C535,-,7A,12,F3,0,2,2,1,1,1,3,00,00,01,C535,,,1403,1,
FRAME,2127,C74A,-,C6,E3,F4,0,2,6,6,1,1,3,00,00,01,,,,,1403,1,
RNG,2128,C535,-,C6,E3,F4,0,2,6,6,1,1,3,00,00,01,C535,,,1403,1,
C726,2128,C726,-,F4,68,F5,0,0,4,6,1,1,3,00,00,01,C726,,,1404,1,
OBJECT,2128,E05D,-,F4,68,F5,0,0,4,6,1,1,3,00,00,01,16,$0210,26,1404,1,
FRAME,2128,E05D,-,F4,68,F5,0,0,4,6,1,1,3,00,00,01,,,,,1404,1,
RNG,2129,C535,-,F4,68,F5,0,0,4,6,1,1,3,00,00,01,C535,,,1404,1,
C726,2129,C726,-,77,3A,F6,1,3,7,3,1,1,3,00,00,01,C726,,,1405,1,
C726,2129,C726,-,77,3A,F6,1,3,7,3,1,1,3,00,00,01,C726,,,1406,1,
C726,2129,C726,-,77,3A,F6,1,3,7,3,1,1,3,00,00,01,C726,,,1407,1,
C726,2129,C726,-,77,3A,F6,1,3,7,3,1,1,3,00,00,01,C726,,,1408,1,
C726,2129,C726,-,77,3A,F6,1,3,7,3,1,1,3,00,00,01,C726,,,1409,1,
OBJECT,2129,C74A,-,77,3A,F6,1,3,7,3,1,1,3,00,00,01,17,$0211,5E,1409,1,
OBJECT,2129,C74A,-,77,3A,F6,1,3,7,3,1,1,3,00,00,01,18,$0212,45,1409,1,
OBJECT,2129,C74A,-,77,3A,F6,1,3,7,3,1,1,3,00,00,01,19,$0213,01,1409,1,
OBJECT,2129,C74A,-,77,3A,F6,1,3,7,3,1,1,3,00,00,01,20,$0214,4B,1409,1,
OBJECT,2129,C74A,-,77,3A,F6,1,3,7,3,1,1,3,00,00,01,21,$0215,09,1409,1,
FRAME,2129,C74A,-,77,3A,F6,1,3,7,3,1,1,3,00,00,01,,,,,1409,1,
RNG,2130,C535,-,77,3A,F6,1,3,7,3,1,1,3,00,00,01,C535,,,1409,1,
FRAME,2130,C74E,-,40,9A,F7,0,0,0,1,1,1,3,00,00,01,,,,,1409,1,
RNG,2131,C535,-,40,9A,F7,0,0,0,1,1,1,3,00,00,01,C535,,,1409,1,
FRAME,2131,C74E,-,42,DD,F8,0,2,2,5,1,1,3,00,00,01,,,,,1409,1,
RNG,2132,C535,-,42,DD,F8,0,2,2,5,1,1,3,00,00,01,C535,,,1409,1,
FRAME,2132,C74C,-,12,21,F9,0,2,2,2,1,1,3,00,00,01,,,,,1409,1,
RNG,2133,C535,-,12,21,F9,0,2,2,2,1,1,3,00,00,01,C535,,,1409,1,
C726,2133,C726,-,15,74,FA,1,1,5,7,1,1,3,00,00,01,C726,,,1410,1,
C726,2133,C726,-,15,74,FA,1,1,5,7,1,1,3,00,00,01,C726,,,1411,1,
C726,2133,C726,-,15,74,FA,1,1,5,7,1,1,3,00,00,01,C726,,,1412,1,
C726,2133,C726,-,15,74,FA,1,1,5,7,1,1,3,00,00,01,C726,,,1413,1,
C726,2133,C726,-,15,74,FA,1,1,5,7,1,1,3,00,00,01,C726,,,1414,1,
C726,2133,C726,-,15,74,FA,1,1,5,7,1,1,3,00,00,01,C726,,,1415,1,
OBJECT,2133,C74C,-,15,74,FA,1,1,5,7,1,1,3,00,00,01,22,$0216,26,1415,1,
OBJECT,2133,C74C,-,15,74,FA,1,1,5,7,1,1,3,00,00,01,23,$0217,5E,1415,1,
OBJECT,2133,C74C,-,15,74,FA,1,1,5,7,1,1,3,00,00,01,24,$0218,45,1415,1,
OBJECT,2133,C74C,-,15,74,FA,1,1,5,7,1,1,3,00,00,01,25,$0219,01,1415,1,
OBJECT,2133,C74C,-,15,74,FA,1,1,5,7,1,1,3,00,00,01,26,$021A,4B,1415,1,
OBJECT,2133,C74C,-,15,74,FA,1,1,5,7,1,1,3,00,00,01,27,$021B,09,1415,1,
FRAME,2133,C74C,-,15,74,FA,1,1,5,7,1,1,3,00,00,01,,,,,1415,1,
RNG,2134,C535,-,15,74,FA,1,1,5,7,1,1,3,00,00,01,C535,,,1415,1,
FRAME,2134,C74A,-,61,C8,FB,1,1,1,4,1,1,3,00,00,01,,,,,1415,1,
RNG,2135,C535,-,61,C8,FB,1,1,1,4,1,1,3,00,00,01,C535,,,1415,1,
FRAME,2135,C74A,-,C3,2B,FC,1,3,3,2,1,1,3,00,00,01,,,,,1415,1,
RNG,2136,C535,-,C3,2B,FC,1,3,3,2,1,1,3,00,00,01,C535,,,1415,1,
FRAME,2136,C74E,-,46,8F,FD,0,2,6,0,1,1,3,00,00,01,,,,,1415,1,
RNG,2137,C535,-,46,8F,FD,0,2,6,0,1,1,3,00,00,01,C535,,,1415,1,
C726,2137,C726,-,92,D4,FE,0,2,2,5,1,1,3,00,00,01,C726,,,1416,1,
C726,2137,C726,-,92,D4,FE,0,2,2,5,1,1,3,00,00,01,C726,,,1417,1,
C726,2137,C726,-,92,D4,FE,0,2,2,5,1,1,3,00,00,01,C726,,,1418,1,
C726,2137,C726,-,92,D4,FE,0,2,2,5,1,1,3,00,00,01,C726,,,1419,1,
OBJECT,2137,C0D9,-,92,D4,FE,0,2,2,5,1,1,3,00,00,01,28,$021C,26,1419,1,
OBJECT,2137,C0D9,-,92,D4,FE,0,2,2,5,1,1,3,00,00,01,29,$021D,5E,1419,1,
OBJECT,2137,C0D9,-,92,D4,FE,0,2,2,5,1,1,3,00,00,01,30,$021E,45,1419,1,
OBJECT,2137,C0D9,-,92,D4,FE,0,2,2,5,1,1,3,00,00,01,31,$021F,01,1419,1,
FRAME,2137,C0D9,-,92,D4,FE,0,2,2,5,1,1,3,00,00,01,,,,,1419,1,
C726,2138,C726,-,92,D4,FE,0,2,2,5,0,1,3,00,00,01,C726,,,1420,1,
C726,2138,C726,-,92,D4,FE,0,2,2,5,0,1,3,00,00,01,C726,,,1421,1,
OBJECT,2138,C74A,-,92,D4,FE,0,2,2,5,0,1,3,00,00,01,32,$0220,4B,1421,1,
OBJECT,2138,C74A,-,92,D4,FE,0,2,2,5,0,1,3,00,00,01,33,$0221,09,1421,1,
FRAME,2138,C74A,-,92,D4,FE,0,2,2,5,0,1,3,00,00,01,,,,,1421,1,
RNG,2139,C535,-,92,D4,FE,0,2,2,5,1,2,3,00,00,01,C535,,,1421,1,
FRAME,2139,C74C,-,78,1A,FF,0,0,0,1,1,2,3,00,00,01,,,,,1421,1,
RNG,2140,C535,-,78,1A,FF,0,0,0,1,1,1,3,00,00,01,C535,,,1421,1,
FRAME,2140,C74A,-,FB,6F,00,1,3,3,6,1,1,3,00,00,01,,,,,1421,1,
RNG,2141,C535,-,FB,6F,00,1,3,3,6,1,1,3,00,00,01,C535,,,1421,1,
C726,2141,C726,-,CB,FC,01,1,3,3,7,1,1,3,00,00,01,C726,,,1422,1,
OBJECT,2141,FB52,-,CB,FC,01,1,3,3,7,1,1,3,00,00,01,34,$0222,26,1422,1,
FRAME,2141,FB52,-,CB,FC,01,1,3,3,7,1,1,3,00,00,01,,,,,1422,1,
RNG,2142,C535,-,CB,FC,01,1,3,3,7,1,1,3,00,00,01,C535,,,1422,1,
C726,2142,C726,-,A6,CF,02,0,2,6,4,1,1,3,00,00,01,C726,,,1423,1,
C726,2142,C726,-,A6,CF,02,0,2,6,4,1,1,3,00,00,01,C726,,,1424,1,
C726,2142,C726,-,A6,CF,02,0,2,6,4,1,1,3,00,00,01,C726,,,1425,1,
C726,2142,C726,-,A6,CF,02,0,2,6,4,1,1,3,00,00,01,C726,,,1426,1,
C726,2142,C726,-,A6,CF,02,0,2,6,4,1,1,3,00,00,01,C726,,,1427,1,
OBJECT,2142,C74C,-,A6,CF,02,0,2,6,4,1,1,3,00,00,01,35,$0223,5E,1427,1,
OBJECT,2142,C74C,-,A6,CF,02,0,2,6,4,1,1,3,00,00,01,36,$0224,45,1427,1,
OBJECT,2142,C74C,-,A6,CF,02,0,2,6,4,1,1,3,00,00,01,37,$0225,01,1427,1,
OBJECT,2142,C74C,-,A6,CF,02,0,2,6,4,1,1,3,00,00,01,38,$0226,4B,1427,1,
OBJECT,2142,C74C,-,A6,CF,02,0,2,6,4,1,1,3,00,00,01,39,$0227,09,1427,1,
FRAME,2142,C74C,-,A6,CF,02,0,2,6,4,1,1,3,00,00,01,,,,,1427,1,
RNG,2143,C535,-,A6,CF,02,0,2,6,4,1,1,3,00,00,01,C535,,,1427,1,
FRAME,2143,C74C,-,53,D6,03,1,3,3,5,1,1,3,00,00,01,,,,,1427,1,
RNG,2144,C535,-,53,D6,03,1,3,3,5,1,1,3,00,00,01,C535,,,1427,1,
FRAME,2144,C74C,-,7E,63,04,0,2,6,6,1,1,3,00,00,01,,,,,1427,1,
RNG,2145,C535,-,7E,63,04,0,2,6,6,1,1,3,00,00,01,C535,,,1427,1,
C726,2145,C726,-,85,3E,05,1,1,5,3,1,1,3,00,00,01,C726,,,1428,1,
OBJECT,2145,E060,-,85,3E,05,1,1,5,3,1,1,3,00,00,01,40,$0228,26,1428,1,
FRAME,2145,E060,-,85,3E,05,1,1,5,3,1,1,3,00,00,01,,,,,1428,1,
RNG,2146,C535,-,85,3E,05,1,1,5,3,1,1,3,00,00,01,C535,,,1428,1,
C726,2146,C726,-,52,45,06,0,2,2,4,1,1,3,00,00,01,C726,,,1429,1,
C726,2146,C726,-,52,45,06,0,2,2,4,1,1,3,00,00,01,C726,,,1430,1,
C726,2146,C726,-,52,45,06,0,2,2,4,1,1,3,00,00,01,C726,,,1431,1,
C726,2146,C726,-,52,45,06,0,2,2,4,1,1,3,00,00,01,C726,,,1432,1,
C726,2146,C726,-,52,45,06,0,2,2,4,1,1,3,00,00,01,C726,,,1433,1,
OBJECT,2146,C74C,-,52,45,06,0,2,2,4,1,1,3,00,00,01,41,$0229,5E,1433,1,
OBJECT,2146,C74C,-,52,45,06,0,2,2,4,1,1,3,00,00,01,42,$022A,45,1433,1,
OBJECT,2146,C74C,-,52,45,06,0,2,2,4,1,1,3,00,00,01,43,$022B,01,1433,1,
OBJECT,2146,C74C,-,52,45,06,0,2,2,4,1,1,3,00,00,01,44,$022C,4B,1433,1,
OBJECT,2146,C74C,-,52,45,06,0,2,2,4,1,1,3,00,00,01,45,$022D,09,1433,1,
FRAME,2146,C74C,-,52,45,06,0,2,2,4,1,1,3,00,00,01,,,,,1433,1,
RNG,2147,C535,-,52,45,06,0,2,2,4,1,1,3,00,00,01,C535,,,1433,1,
FRAME,2147,C74C,-,D5,5D,07,1,1,5,5,1,1,3,00,00,01,,,,,1433,1,
RNG,2148,C535,-,D5,5D,07,1,1,5,5,1,1,3,00,00,01,C535,,,1433,1,
FRAME,2148,C74E,-,DC,C6,08,0,0,4,4,1,1,3,00,00,01,,,,,1433,1,
RNG,2149,C535,-,DC,C6,08,0,0,4,4,1,1,3,00,00,01,C535,,,1433,1,
FRAME,2149,C74A,-,6C,CE,09,0,0,4,4,1,1,3,00,00,01,,,,,1433,1,
RNG,2150,C535,-,6C,CE,09,0,0,4,4,1,1,3,00,00,01,C535,,,1433,1,
C726,2150,C726,-,73,5B,0A,1,3,3,5,1,1,3,00,00,01,C726,,,1434,1,
C726,2150,C726,-,73,5B,0A,1,3,3,5,1,1,3,00,00,01,C726,,,1435,1,
C726,2150,C726,-,73,5B,0A,1,3,3,5,1,1,3,00,00,01,C726,,,1436,1,
C726,2150,C726,-,73,5B,0A,1,3,3,5,1,1,3,00,00,01,C726,,,1437,1,
C726,2150,C726,-,73,5B,0A,1,3,3,5,1,1,3,00,00,01,C726,,,1438,1,
C726,2150,C726,-,73,5B,0A,1,3,3,5,1,1,3,00,00,01,C726,,,1439,1,
OBJECT,2150,C74C,-,73,5B,0A,1,3,3,5,1,1,3,00,00,01,46,$022E,26,1439,1,
OBJECT,2150,C74C,-,73,5B,0A,1,3,3,5,1,1,3,00,00,01,47,$022F,5E,1439,1,
OBJECT,2150,C74C,-,73,5B,0A,1,3,3,5,1,1,3,00,00,01,48,$0230,45,1439,1,
OBJECT,2150,C74C,-,73,5B,0A,1,3,3,5,1,1,3,00,00,01,49,$0231,01,1439,1,
OBJECT,2150,C74C,-,73,5B,0A,1,3,3,5,1,1,3,00,00,01,50,$0232,4B,1439,1,
OBJECT,2150,C74C,-,73,5B,0A,1,3,3,5,1,1,3,00,00,01,51,$0233,09,1439,1,
FRAME,2150,C74C,-,73,5B,0A,1,3,3,5,1,1,3,00,00,01,,,,,1439,1,
RNG,2151,C535,-,73,5B,0A,1,3,3,5,1,1,3,00,00,01,C535,,,1439,1,
FRAME,2151,C74E,-,18,2A,0B,0,0,0,2,1,1,3,00,00,01,,,,,1439,1,
RNG,2152,C535,-,18,2A,0B,0,0,0,2,1,1,3,00,00,01,C535,,,1439,1,
FRAME,2152,C74E,-,F7,31,0C,1,3,7,3,1,1,3,00,00,01,,,,,1439,1,
RNG,2153,C535,-,F7,31,0C,1,3,7,3,1,1,3,00,00,01,C535,,,1439,1,
FRAME,2153,C74A,-,20,BE,0D,0,0,0,3,1,1,3,00,00,01,,,,,1439,1,
RNG,2154,C535,-,20,BE,0D,0,0,0,3,1,1,3,00,00,01,C535,,,1439,1,
C726,2154,C726,-,27,95,0E,1,3,7,1,1,1,3,00,00,01,C726,,,1440,1,
C726,2154,C726,-,27,95,0E,1,3,7,1,1,1,3,00,00,01,C726,,,1441,1,
C726,2154,C726,-,27,95,0E,1,3,7,1,1,1,3,00,00,01,C726,,,1442,1,
C726,2154,C726,-,27,95,0E,1,3,7,1,1,1,3,00,00,01,C726,,,1443,1,
C726,2154,C726,-,27,95,0E,1,3,7,1,1,1,3,00,00,01,C726,,,1444,1,
OBJECT,2154,E71D,-,27,95,0E,1,3,7,1,1,1,3,00,00,01,52,$0234,26,1444,1,
OBJECT,2154,E71D,-,27,95,0E,1,3,7,1,1,1,3,00,00,01,53,$0235,5E,1444,1,
OBJECT,2154,E71D,-,27,95,0E,1,3,7,1,1,1,3,00,00,01,54,$0236,45,1444,1,
OBJECT,2154,E71D,-,27,95,0E,1,3,7,1,1,1,3,00,00,01,55,$0237,01,1444,1,
OBJECT,2154,E71D,-,27,95,0E,1,3,7,1,1,1,3,00,00,01,56,$0238,4B,1444,1,
FRAME,2154,E71D,-,27,95,0E,1,3,7,1,1,1,3,00,00,01,,,,,1444,1,
RNG,2155,C535,-,27,95,0E,1,3,7,1,1,1,3,00,00,01,C535,,,1444,1,
C726,2155,C726,-,73,9C,0F,1,3,3,1,1,1,3,00,00,01,C726,,,1445,1,
OBJECT,2155,C74E,-,73,9C,0F,1,3,3,1,1,1,3,00,00,01,57,$0239,09,1445,1,
FRAME,2155,C74E,-,73,9C,0F,1,3,3,1,1,1,3,00,00,01,,,,,1445,1,
RNG,2156,C535,-,73,9C,0F,1,3,3,1,1,1,3,00,00,01,C535,,,1445,1,
FRAME,2156,C74E,-,DF,29,10,1,3,7,2,1,1,3,00,00,01,,,,,1445,1,
RNG,2157,C535,-,DF,29,10,1,3,7,2,1,1,3,00,00,01,C535,,,1445,1,
FRAME,2157,C74E,-,60,08,11,0,0,0,0,1,1,3,00,00,01,,,,,1445,1,
RNG,2158,C535,-,60,08,11,0,0,0,0,1,1,3,00,00,01,C535,,,1445,1,
C726,2158,C726,-,05,0F,12,1,1,5,0,1,1,3,00,00,01,C726,,,1446,1,
C726,2158,C726,-,05,0F,12,1,1,5,0,1,1,3,00,00,01,C726,,,1447,1,
OBJECT,2158,FF16,-,05,0F,12,1,1,5,0,1,1,3,00,00,01,58,$023A,26,1447,1,
OBJECT,2158,FF16,-,05,0F,12,1,1,5,0,1,1,3,00,00,01,59,$023B,5E,1447,1,
FRAME,2158,FF16,-,05,0F,12,1,1,5,0,1,1,3,00,00,01,,,,,1447,1,
RNG,2159,C535,-,05,0F,12,1,1,5,0,1,1,3,00,00,01,C535,,,1447,1,
C726,2159,C726,-,E4,B8,13,0,0,4,3,1,1,3,00,00,01,C726,,,1448,1,
C726,2159,C726,-,E4,B8,13,0,0,4,3,1,1,3,00,00,01,C726,,,1449,1,
C726,2159,C726,-,E4,B8,13,0,0,4,3,1,1,3,00,00,01,C726,,,1450,1,
C726,2159,C726,-,E4,B8,13,0,0,4,3,1,1,3,00,00,01,C726,,,1451,1,
OBJECT,2159,C74A,-,E4,B8,13,0,0,4,3,1,1,3,00,00,01,60,$023C,45,1451,1,
OBJECT,2159,C74A,-,E4,B8,13,0,0,4,3,1,1,3,00,00,01,61,$023D,01,1451,1,
OBJECT,2159,C74A,-,E4,B8,13,0,0,4,3,1,1,3,00,00,01,62,$023E,4B,1451,1,
OBJECT,2159,C74A,-,E4,B8,13,0,0,4,3,1,1,3,00,00,01,63,$023F,09,1451,1,
FRAME,2159,C74A,-,E4,B8,13,0,0,4,3,1,1,3,00,00,01,,,,,1451,1,
RNG,2160,C535,-,E4,B8,13,0,0,4,3,1,1,3,00,00,01,C535,,,1451,1,
FRAME,2160,C74A,-,0D,B8,14,1,1,5,3,1,1,3,00,00,01,,,,,1451,1,
RNG,2161,C535,-,0D,B8,14,1,1,5,3,1,1,3,00,00,01,C535,,,1451,1,
FRAME,2161,C74C,-,14,45,15,0,0,4,4,1,1,3,00,00,01,,,,,1451,1,
RNG,2162,C535,-,14,45,15,0,0,4,4,1,1,3,00,00,01,C535,,,1451,1,
C726,2162,C726,-,4C,39,16,0,0,4,3,1,1,3,00,00,01,C726,,,1452,1,
OBJECT,2162,E010,-,4C,39,16,0,0,4,3,1,1,3,00,00,01,0,$0200,26,1452,1,
FRAME,2162,E010,-,4C,39,16,0,0,4,3,1,1,3,00,00,01,,,,,1452,1,
RNG,2163,C535,-,4C,39,16,0,0,4,3,1,1,3,00,00,01,C535,,,1452,1,
C726,2163,C726,-,35,3C,17,1,1,5,3,1,1,3,00,00,01,C726,,,1453,1,
C726,2163,C726,-,35,3C,17,1,1,5,3,1,1,3,00,00,01,C726,,,1454,1,
C726,2163,C726,-,35,3C,17,1,1,5,3,1,1,3,00,00,01,C726,,,1455,1,
C726,2163,C726,-,35,3C,17,1,1,5,3,1,1,3,00,00,01,C726,,,1456,1,
C726,2163,C726,-,35,3C,17,1,1,5,3,1,1,3,00,00,01,C726,,,1457,1,
OBJECT,2163,C74E,-,35,3C,17,1,1,5,3,1,1,3,00,00,01,1,$0201,5E,1457,1,
OBJECT,2163,C74E,-,35,3C,17,1,1,5,3,1,1,3,00,00,01,2,$0202,45,1457,1,
OBJECT,2163,C74E,-,35,3C,17,1,1,5,3,1,1,3,00,00,01,3,$0203,01,1457,1,
OBJECT,2163,C74E,-,35,3C,17,1,1,5,3,1,1,3,00,00,01,4,$0204,4B,1457,1,
OBJECT,2163,C74E,-,35,3C,17,1,1,5,3,1,1,3,00,00,01,5,$0205,09,1457,1,
FRAME,2163,C74E,-,35,3C,17,1,1,5,3,1,1,3,00,00,01,,,,,1457,1,
RNG,2164,C535,-,35,3C,17,1,1,5,3,1,1,3,00,00,01,C535,,,1457,1,
FRAME,2164,C74C,-,3E,C9,18,0,2,6,4,1,1,3,00,00,01,,,,,1457,1,
RNG,2165,C535,-,3E,C9,18,0,2,6,4,1,1,3,00,00,01,C535,,,1457,1,
FRAME,2165,C74E,-,C3,BE,19,1,3,3,3,1,1,3,00,00,01,,,,,1457,1,
RNG,2166,C535,-,C3,BE,19,1,3,3,3,1,1,3,00,00,01,C535,,,1457,1,
FRAME,2166,C74E,-,4A,C1,1A,0,2,2,4,1,1,3,00,00,01,,,,,1457,1,
RNG,2167,C535,-,4A,C1,1A,0,2,2,4,1,1,3,00,00,01,C535,,,1457,1,
C726,2167,C726,-,EC,4E,1B,0,0,4,4,1,1,3,00,00,01,C726,,,1458,1,
C726,2167,C726,-,EC,4E,1B,0,0,4,4,1,1,3,00,00,01,C726,,,1459,1,
C726,2167,C726,-,EC,4E,1B,0,0,4,4,1,1,3,00,00,01,C726,,,1460,1,
C726,2167,C726,-,EC,4E,1B,0,0,4,4,1,1,3,00,00,01,C726,,,1461,1,
C726,2167,C726,-,EC,4E,1B,0,0,4,4,1,1,3,00,00,01,C726,,,1462,1,
C726,2167,C726,-,EC,4E,1B,0,0,4,4,1,1,3,00,00,01,C726,,,1463,1,
OBJECT,2167,C74A,-,EC,4E,1B,0,0,4,4,1,1,3,00,00,01,6,$0206,26,1463,1,
OBJECT,2167,C74A,-,EC,4E,1B,0,0,4,4,1,1,3,00,00,01,7,$0207,5E,1463,1,
OBJECT,2167,C74A,-,EC,4E,1B,0,0,4,4,1,1,3,00,00,01,8,$0208,45,1463,1,
OBJECT,2167,C74A,-,EC,4E,1B,0,0,4,4,1,1,3,00,00,01,9,$0209,01,1463,1,
OBJECT,2167,C74A,-,EC,4E,1B,0,0,4,4,1,1,3,00,00,01,10,$020A,4B,1463,1,
OBJECT,2167,C74A,-,EC,4E,1B,0,0,4,4,1,1,3,00,00,01,11,$020B,09,1463,1,
FRAME,2167,C74A,-,EC,4E,1B,0,0,4,4,1,1,3,00,00,01,,,,,1463,1,
RNG,2168,C535,-,EC,4E,1B,0,0,4,4,1,1,3,00,00,01,C535,,,1463,1,
FRAME,2168,C74E,-,EC,44,1C,0,0,4,4,1,1,3,00,00,01,,,,,1463,1,
RNG,2169,C535,-,EC,44,1C,0,0,4,4,1,1,3,00,00,01,C535,,,1463,1,
FRAME,2169,C74E,-,95,47,1D,1,1,5,4,1,1,3,00,00,01,,,,,1463,1,
RNG,2170,C535,-,95,47,1D,1,1,5,4,1,1,3,00,00,01,C535,,,1463,1,
FRAME,2170,C74E,-,9B,D4,1E,1,3,3,5,1,1,3,00,00,01,,,,,1463,1,
RNG,2171,C535,-,9B,D4,1E,1,3,3,5,1,1,3,00,00,01,C535,,,1463,1,
C726,2171,C726,-,20,CB,1F,0,0,0,4,1,1,3,00,00,01,C726,,,1464,1,
C726,2171,C726,-,20,CB,1F,0,0,0,4,1,1,3,00,00,01,C726,,,1465,1,
C726,2171,C726,-,20,CB,1F,0,0,0,4,1,1,3,00,00,01,C726,,,1466,1,
C726,2171,C726,-,20,CB,1F,0,0,0,4,1,1,3,00,00,01,C726,,,1467,1,
C726,2171,C726,-,20,CB,1F,0,0,0,4,1,1,3,00,00,01,C726,,,1468,1,
C726,2171,C726,-,20,CB,1F,0,0,0,4,1,1,3,00,00,01,C726,,,1469,1,
OBJECT,2171,C74C,-,20,CB,1F,0,0,0,4,1,1,3,00,00,01,12,$020C,26,1469,1,
OBJECT,2171,C74C,-,20,CB,1F,0,0,0,4,1,1,3,00,00,01,13,$020D,5E,1469,1,
OBJECT,2171,C74C,-,20,CB,1F,0,0,0,4,1,1,3,00,00,01,14,$020E,45,1469,1,
OBJECT,2171,C74C,-,20,CB,1F,0,0,0,4,1,1,3,00,00,01,15,$020F,01,1469,1,
OBJECT,2171,C74C,-,20,CB,1F,0,0,0,4,1,1,3,00,00,01,16,$0210,4B,1469,1,
OBJECT,2171,C74C,-,20,CB,1F,0,0,0,4,1,1,3,00,00,01,17,$0211,09,1469,1,
FRAME,2171,C74C,-,20,CB,1F,0,0,0,4,1,1,3,00,00,01,,,,,1469,1,
RNG,2172,C535,-,20,CB,1F,0,0,0,4,1,1,3,00,00,01,C535,,,1469,1,
FRAME,2172,C74C,-,A8,CE,20,0,0,0,4,1,1,3,00,00,01,,,,,1469,1,
RNG,2173,C535,-,A8,CE,20,0,0,0,4,1,1,3,00,00,01,C535,,,1469,1,
FRAME,2173,C74E,-,48,BC,21,0,0,0,3,1,1,3,00,00,01,,,,,1469,1,
RNG,2174,C535,-,48,BC,21,0,0,0,3,1,1,3,00,00,01,C535,,,1469,1,
FRAME,2174,C74C,-,48,AF,22,0,0,0,2,1,1,3,00,00,01,,,,,1469,1,
RNG,2175,C535,-,48,AF,22,0,0,0,2,1,1,3,00,00,01,C535,,,1469,1,
C726,2175,C726,-,CE,B2,23,0,2,6,3,1,1,3,00,00,01,C726,,,1470,1,
C726,2175,C726,-,CE,B2,23,0,2,6,3,1,1,3,00,00,01,C726,,,1471,1,
C726,2175,C726,-,CE,B2,23,0,2,6,3,1,1,3,00,00,01,C726,,,1472,1,
OBJECT,2175,FF13,-,CE,B2,23,0,2,6,3,1,1,3,00,00,01,18,$0212,26,1472,1,
OBJECT,2175,FF13,-,CE,B2,23,0,2,6,3,1,1,3,00,00,01,19,$0213,5E,1472,1,
OBJECT,2175,FF13,-,CE,B2,23,0,2,6,3,1,1,3,00,00,01,20,$0214,45,1472,1,
FRAME,2175,FF13,-,CE,B2,23,0,2,6,3,1,1,3,00,00,01,,,,,1472,1,
RNG,2176,C535,-,CE,B2,23,0,2,6,3,1,1,3,00,00,01,C535,,,1472,1,
C726,2176,C726,-,57,FE,24,1,3,7,7,1,1,3,00,00,01,C726,,,1473,1,
C726,2176,C726,-,57,FE,24,1,3,7,7,1,1,3,00,00,01,C726,,,1474,1,
C726,2176,C726,-,57,FE,24,1,3,7,7,1,1,3,00,00,01,C726,,,1475,1,
OBJECT,2176,C74C,-,57,FE,24,1,3,7,7,1,1,3,00,00,01,21,$0215,01,1475,1,
OBJECT,2176,C74C,-,57,FE,24,1,3,7,7,1,1,3,00,00,01,22,$0216,4B,1475,1,
OBJECT,2176,C74C,-,57,FE,24,1,3,7,7,1,1,3,00,00,01,23,$0217,09,1475,1,
FRAME,2176,C74C,-,57,FE,24,1,3,7,7,1,1,3,00,00,01,,,,,1475,1,
RNG,2177,C535,-,57,FE,24,1,3,7,7,1,1,3,00,00,01,C535,,,1475,1,
FRAME,2177,C74E,-,DB,D1,25,1,3,3,5,1,1,3,00,00,01,,,,,1475,1,
RNG,2178,C535,-,DB,D1,25,1,3,3,5,1,1,3,00,00,01,C535,,,1475,1,
FRAME,2178,C74C,-,65,66,26,1,1,5,6,1,1,3,00,00,01,,,,,1475,1,
RNG,2179,C535,-,65,66,26,1,1,5,6,1,1,3,00,00,01,C535,,,1475,1,
C726,2179,C726,-,1E,0B,27,0,2,6,0,1,1,3,00,00,01,C726,,,1476,1,
OBJECT,2179,E04D,-,1E,0B,27,0,2,6,0,1,1,3,00,00,01,24,$0218,26,1476,1,
FRAME,2179,E04D,-,1E,0B,27,0,2,6,0,1,1,3,00,00,01,,,,,1476,1,
RNG,2180,C535,-,1E,0B,27,0,2,6,0,1,1,3,00,00,01,C535,,,1476,1,
C726,2180,C726,-,9F,D8,28,1,3,7,5,1,1,3,00,00,01,C726,,,1477,1,
C726,2180,C726,-,9F,D8,28,1,3,7,5,1,1,3,00,00,01,C726,,,1478,1,
C726,2180,C726,-,9F,D8,28,1,3,7,5,1,1,3,00,00,01,C726,,,1479,1,
C726,2180,C726,-,9F,D8,28,1,3,7,5,1,1,3,00,00,01,C726,,,1480,1,
C726,2180,C726,-,9F,D8,28,1,3,7,5,1,1,3,00,00,01,C726,,,1481,1,
OBJECT,2180,C74C,-,9F,D8,28,1,3,7,5,1,1,3,00,00,01,25,$0219,5E,1481,1,
OBJECT,2180,C74C,-,9F,D8,28,1,3,7,5,1,1,3,00,00,01,26,$021A,45,1481,1,
OBJECT,2180,C74C,-,9F,D8,28,1,3,7,5,1,1,3,00,00,01,27,$021B,01,1481,1,
OBJECT,2180,C74C,-,9F,D8,28,1,3,7,5,1,1,3,00,00,01,28,$021C,4B,1481,1,
OBJECT,2180,C74C,-,9F,D8,28,1,3,7,5,1,1,3,00,00,01,29,$021D,09,1481,1,
FRAME,2180,C74C,-,9F,D8,28,1,3,7,5,1,1,3,00,00,01,,,,,1481,1,
RNG,2181,C535,-,9F,D8,28,1,3,7,5,1,1,3,00,00,01,C535,,,1481,1,
FRAME,2181,C74C,-,A6,DD,29,0,2,6,5,1,1,3,00,00,01,,,,,1481,1,
RNG,2182,C535,-,A6,DD,29,0,2,6,5,1,1,3,00,00,01,C535,,,1481,1,
FRAME,2182,C74A,-,6F,AB,2A,1,3,7,2,1,1,3,00,00,01,,,,,1481,1,
RNG,2183,C535,-,6F,AB,2A,1,3,7,2,1,1,3,00,00,01,C535,,,1481,1,
C726,2183,C726,-,B1,B0,2B,1,1,1,3,1,1,3,00,00,01,C726,,,1482,1,
OBJECT,2183,E034,-,B1,B0,2B,1,1,1,3,1,1,3,00,00,01,30,$021E,26,1482,1,
FRAME,2183,E034,-,B1,B0,2B,1,1,1,3,1,1,3,00,00,01,,,,,1482,1,
RNG,2184,C535,-,B1,B0,2B,1,1,1,3,1,1,3,00,00,01,C535,,,1482,1,
C726,2184,C726,-,81,7F,2C,1,1,1,7,1,1,3,00,00,01,C726,,,1483,1,
C726,2184,C726,-,81,7F,2C,1,1,1,7,1,1,3,00,00,01,C726,,,1484,1,
C726,2184,C726,-,81,7F,2C,1,1,1,7,1,1,3,00,00,01,C726,,,1485,1,
C726,2184,C726,-,81,7F,2C,1,1,1,7,1,1,3,00,00,01,C726,,,1486,1,
C726,2184,C726,-,81,7F,2C,1,1,1,7,1,1,3,00,00,01,C726,,,1487,1,
OBJECT,2184,C74E,-,81,7F,2C,1,1,1,7,1,1,3,00,00,01,31,$021F,5E,1487,1,
OBJECT,2184,C74E,-,81,7F,2C,1,1,1,7,1,1,3,00,00,01,32,$0220,45,1487,1,
OBJECT,2184,C74E,-,81,7F,2C,1,1,1,7,1,1,3,00,00,01,33,$0221,01,1487,1,
OBJECT,2184,C74E,-,81,7F,2C,1,1,1,7,1,1,3,00,00,01,34,$0222,4B,1487,1,
OBJECT,2184,C74E,-,81,7F,2C,1,1,1,7,1,1,3,00,00,01,35,$0223,09,1487,1,
FRAME,2184,C74E,-,81,7F,2C,1,1,1,7,1,1,3,00,00,01,,,,,1487,1,
RNG,2185,C535,-,81,7F,2C,1,1,1,7,1,1,3,00,00,01,C535,,,1487,1,
FRAME,2185,C74C,-,A2,84,2D,0,2,2,0,1,1,3,00,00,01,,,,,1487,1,
RNG,2186,C535,-,A2,84,2D,0,2,2,0,1,1,3,00,00,01,C535,,,1487,1,
FRAME,2186,C74A,-,4B,54,2E,1,3,3,5,1,1,3,00,00,01,,,,,1487,1,
RNG,2187,C535,-,4B,54,2E,1,3,3,5,1,1,3,00,00,01,C535,,,1487,1,
FRAME,2187,C74C,-,4C,80,2F,0,0,4,0,1,1,3,00,00,01,,,,,1487,1,
RNG,2188,C535,-,4C,80,2F,0,0,4,0,1,1,3,00,00,01,C535,,,1487,1,
C726,2188,C726,-,E9,59,30,1,1,1,5,1,1,3,00,00,01,C726,,,1488,1,
C726,2188,C726,-,E9,59,30,1,1,1,5,1,1,3,00,00,01,C726,,,1489,1,
C726,2188,C726,-,E9,59,30,1,1,1,5,1,1,3,00,00,01,C726,,,1490,1,
C726,2188,C726,-,E9,59,30,1,1,1,5,1,1,3,00,00,01,C726,,,1491,1,
C726,2188,C726,-,E9,59,30,1,1,1,5,1,1,3,00,00,01,C726,,,1492,1,
C726,2188,C726,-,E9,59,30,1,1,1,5,1,1,3,00,00,01,C726,,,1493,1,
OBJECT,2188,C74C,-,E9,59,30,1,1,1,5,1,1,3,00,00,01,36,$0224,26,1493,1,
OBJECT,2188,C74C,-,E9,59,30,1,1,1,5,1,1,3,00,00,01,37,$0225,5E,1493,1,
OBJECT,2188,C74C,-,E9,59,30,1,1,1,5,1,1,3,00,00,01,38,$0226,45,1493,1,
OBJECT,2188,C74C,-,E9,59,30,1,1,1,5,1,1,3,00,00,01,39,$0227,01,1493,1,
OBJECT,2188,C74C,-,E9,59,30,1,1,1,5,1,1,3,00,00,01,40,$0228,4B,1493,1,
OBJECT,2188,C74C,-,E9,59,30,1,1,1,5,1,1,3,00,00,01,41,$0229,09,1493,1,
FRAME,2188,C74C,-,E9,59,30,1,1,1,5,1,1,3,00,00,01,,,,,1493,1,
RNG,2189,C535,-,E9,59,30,1,1,1,5,1,1,3,00,00,01,C535,,,1493,1,
FRAME,2189,C74C,-,1E,58,31,0,2,6,5,1,1,3,00,00,01,,,,,1493,1,
RNG,2190,C535,-,1E,58,31,0,2,6,5,1,1,3,00,00,01,C535,,,1493,1,
FRAME,2190,C74C,-,21,48,32,1,1,1,4,1,1,3,00,00,01,,,,,1493,1,
RNG,2191,C535,-,21,48,32,1,1,1,4,1,1,3,00,00,01,C535,,,1493,1,
FRAME,2191,C74C,-,C6,75,33,0,2,6,7,1,1,3,00,00,01,,,,,1493,1,
RNG,2192,C535,-,C6,75,33,0,2,6,7,1,1,3,00,00,01,C535,,,1493,1,
C726,2192,C726,-,4D,17,34,1,1,5,1,1,1,3,00,00,01,C726,,,1494,1,
C726,2192,C726,-,4D,17,34,1,1,5,1,1,1,3,00,00,01,C726,,,1495,1,
C726,2192,C726,-,4D,17,34,1,1,5,1,1,1,3,00,00,01,C726,,,1496,1,
C726,2192,C726,-,4D,17,34,1,1,5,1,1,1,3,00,00,01,C726,,,1497,1,
OBJECT,2192,C312,-,4D,17,34,1,1,5,1,1,1,3,00,00,01,42,$022A,26,1497,1,
OBJECT,2192,C312,-,4D,17,34,1,1,5,1,1,1,3,00,00,01,43,$022B,5E,1497,1,
OBJECT,2192,C312,-,4D,17,34,1,1,5,1,1,1,3,00,00,01,44,$022C,45,1497,1,
OBJECT,2192,C312,-,4D,17,34,1,1,5,1,1,1,3,00,00,01,45,$022D,01,1497,1,
FRAME,2192,C312,-,4D,17,34,1,1,5,1,1,1,3,00,00,01,,,,,1497,1,
RNG,2193,C535,-,4D,17,34,1,1,5,1,1,1,3,00,00,01,C535,,,1497,1,
C726,2193,C726,-,33,17,35,1,3,3,1,1,1,3,00,00,01,C726,,,1498,1,
C726,2193,C726,-,33,17,35,1,3,3,1,1,1,3,00,00,01,C726,,,1499,1,
OBJECT,2193,C74A,-,33,17,35,1,3,3,1,1,1,3,00,00,01,46,$022E,4B,1499,1,
OBJECT,2193,C74A,-,33,17,35,1,3,3,1,1,1,3,00,00,01,47,$022F,09,1499,1,
FRAME,2193,C74A,-,33,17,35,1,3,3,1,1,1,3,00,00,01,,,,,1499,1,
RNG,2194,C535,-,33,17,35,1,3,3,1,1,1,3,00,00,01,C535,,,1499,1,
FRAME,2194,C74E,-,BA,D4,36,0,2,2,5,1,1,3,00,00,01,,,,,1499,1,
RNG,2195,C535,-,BA,D4,36,0,2,2,5,1,1,3,00,00,01,C535,,,1499,1,
FRAME,2195,C74E,-,57,9F,37,1,3,7,1,1,1,3,00,00,01,,,,,1499,1,
RNG,2196,C535,-,57,9F,37,1,3,7,1,1,1,3,00,00,01,C535,,,1499,1,
C726,2196,C726,-,94,A6,38,0,0,4,2,1,1,3,00,00,01,C726,,,1500,1,
OBJECT,2196,E01F,-,94,A6,38,0,0,4,2,1,1,3,00,00,01,48,$0230,26,1500,1,
FRAME,2196,E01F,-,94,A6,38,0,0,4,2,1,1,3,00,00,01,,,,,1500,1,
RNG,2197,C535,-,94,A6,38,0,0,4,2,1,1,3,00,00,01,C535,,,1500,1,
C726,2197,C726,-,97,DE,39,1,3,7,5,1,1,3,00,00,01,C726,,,1501,1,
C726,2197,C726,-,97,DE,39,1,3,7,5,1,1,3,00,00,01,C726,,,1502,1,
C726,2197,C726,-,97,DE,39,1,3,7,5,1,1,3,00,00,01,C726,,,1503,1,
C726,2197,C726,-,97,DE,39,1,3,7,5,1,1,3,00,00,01,C726,,,1504,1,
C726,2197,C726,-,97,DE,39,1,3,7,5,1,1,3,00,00,01,C726,,,1505,1,
OBJECT,2197,C74A,-,97,DE,39,1,3,7,5,1,1,3,00,00,01,49,$0231,5E,1505,1,
OBJECT,2197,C74A,-,97,DE,39,1,3,7,5,1,1,3,00,00,01,50,$0232,45,1505,1,
OBJECT,2197,C74A,-,97,DE,39,1,3,7,5,1,1,3,00,00,01,51,$0233,01,1505,1,
OBJECT,2197,C74A,-,97,DE,39,1,3,7,5,1,1,3,00,00,01,52,$0234,4B,1505,1,
OBJECT,2197,C74A,-,97,DE,39,1,3,7,5,1,1,3,00,00,01,53,$0235,09,1505,1,
FRAME,2197,C74A,-,97,DE,39,1,3,7,5,1,1,3,00,00,01,,,,,1505,1,
RNG,2198,C535,-,97,DE,39,1,3,7,5,1,1,3,00,00,01,C535,,,1505,1,
FRAME,2198,C74E,-,3C,C7,3A,0,0,4,4,1,1,3,00,00,01,,,,,1505,1,
RNG,2199,C535,-,3C,C7,3A,0,0,4,4,1,1,3,00,00,01,C535,,,1505,1,
FRAME,2199,C74C,-,C4,D7,3B,0,0,4,5,1,1,3,00,00,01,,,,,1505,1,
RNG,2200,C535,-,C4,D7,3B,0,0,4,5,1,1,3,00,00,01,C535,,,1505,1,
C726,2200,C726,-,AA,74,3C,0,2,2,7,1,1,3,00,00,01,C726,,,1506,1,
OBJECT,2200,E026,-,AA,74,3C,0,2,2,7,1,1,3,00,00,01,54,$0236,26,1506,1,
FRAME,2200,E026,-,AA,74,3C,0,2,2,7,1,1,3,00,00,01,,,,,1506,1,
RNG,2201,C535,-,AA,74,3C,0,2,2,7,1,1,3,00,00,01,C535,,,1506,1,
C726,2201,C726,-,32,3F,3D,0,2,2,3,1,1,3,00,00,01,C726,,,1507,1,
C726,2201,C726,-,32,3F,3D,0,2,2,3,1,1,3,00,00,01,C726,,,1508,1,
C726,2201,C726,-,32,3F,3D,0,2,2,3,1,1,3,00,00,01,C726,,,1509,1,
C726,2201,C726,-,32,3F,3D,0,2,2,3,1,1,3,00,00,01,C726,,,1510,1,
C726,2201,C726,-,32,3F,3D,0,2,2,3,1,1,3,00,00,01,C726,,,1511,1,
OBJECT,2201,C74E,-,32,3F,3D,0,2,2,3,1,1,3,00,00,01,55,$0237,5E,1511,1,
OBJECT,2201,C74E,-,32,3F,3D,0,2,2,3,1,1,3,00,00,01,56,$0238,45,1511,1,
OBJECT,2201,C74E,-,32,3F,3D,0,2,2,3,1,1,3,00,00,01,57,$0239,01,1511,1,
OBJECT,2201,C74E,-,32,3F,3D,0,2,2,3,1,1,3,00,00,01,58,$023A,4B,1511,1,
OBJECT,2201,C74E,-,32,3F,3D,0,2,2,3,1,1,3,00,00,01,59,$023B,09,1511,1,
FRAME,2201,C74E,-,32,3F,3D,0,2,2,3,1,1,3,00,00,01,,,,,1511,1,
RNG,2202,C535,-,32,3F,3D,0,2,2,3,1,1,3,00,00,01,C535,,,1511,1,
FRAME,2202,C74E,-,18,46,3E,0,0,0,4,1,1,3,00,00,01,,,,,1511,1,
RNG,2203,C535,-,18,46,3E,0,0,0,4,1,1,3,00,00,01,C535,,,1511,1,
FRAME,2203,C74A,-,A0,2E,3F,0,0,0,2,1,1,3,00,00,01,,,,,1511,1,
RNG,2204,C535,-,A0,2E,3F,0,0,0,2,1,1,3,00,00,01,C535,,,1511,1,
FRAME,2204,C74E,-,3D,16,40,1,1,5,1,1,1,3,00,00,01,,,,,1511,1,
RNG,2205,C535,-,3D,16,40,1,1,5,1,1,1,3,00,00,01,C535,,,1511,1,
C726,2205,C726,-,82,FE,41,0,2,2,7,1,1,3,00,00,01,C726,,,1512,1,
C726,2205,C726,-,82,FE,41,0,2,2,7,1,1,3,00,00,01,C726,,,1513,1,
C726,2205,C726,-,82,FE,41,0,2,2,7,1,1,3,00,00,01,C726,,,1514,1,
C726,2205,C726,-,82,FE,41,0,2,2,7,1,1,3,00,00,01,C726,,,1515,1,
C726,2205,C726,-,82,FE,41,0,2,2,7,1,1,3,00,00,01,C726,,,1516,1,
C726,2205,C726,-,82,FE,41,0,2,2,7,1,1,3,00,00,01,C726,,,1517,1,
OBJECT,2205,C74E,-,82,FE,41,0,2,2,7,1,1,3,00,00,01,0,$0200,4B,1517,1,
OBJECT,2205,C74E,-,82,FE,41,0,2,2,7,1,1,3,00,00,01,1,$0201,09,1517,1,
OBJECT,2205,C74E,-,82,FE,41,0,2,2,7,1,1,3,00,00,01,60,$023C,26,1517,1,
OBJECT,2205,C74E,-,82,FE,41,0,2,2,7,1,1,3,00,00,01,61,$023D,5E,1517,1,
OBJECT,2205,C74E,-,82,FE,41,0,2,2,7,1,1,3,00,00,01,62,$023E,45,1517,1,
OBJECT,2205,C74E,-,82,FE,41,0,2,2,7,1,1,3,00,00,01,63,$023F,01,1517,1,
FRAME,2205,C74E,-,82,FE,41,0,2,2,7,1,1,3,00,00,01,,,,,1517,1,
RNG,2206,C535,-,82,FE,41,0,2,2,7,1,1,3,00,00,01,C535,,,1517,1,
FRAME,2206,C74E,-,85,E6,42,1,1,5,6,1,1,3,00,00,01,,,,,1517,1,
RNG,2207,C535,-,85,E6,42,1,1,5,6,1,1,3,00,00,01,C535,,,1517,1,
FRAME,2207,C74E,-,2E,C6,43,0,2,6,4,1,1,3,00,00,01,,,,,1517,1,
RNG,2208,C535,-,2E,C6,43,0,2,6,4,1,1,3,00,00,01,C535,,,1517,1,
FRAME,2208,C74E,-,2E,DE,44,0,2,6,5,1,1,3,00,00,01,,,,,1517,1,
RNG,2209,C535,-,2E,DE,44,0,2,6,5,1,1,3,00,00,01,C535,,,1517,1,
C726,2209,C726,-,C3,AE,45,1,3,3,2,1,1,3,00,00,01,C726,,,1518,1,
C726,2209,C726,-,C3,AE,45,1,3,3,2,1,1,3,00,00,01,C726,,,1519,1,
C726,2209,C726,-,C3,AE,45,1,3,3,2,1,1,3,00,00,01,C726,,,1520,1,
C726,2209,C726,-,C3,AE,45,1,3,3,2,1,1,3,00,00,01,C726,,,1521,1,
OBJECT,2209,C1A3,-,C3,AE,45,1,3,3,2,1,1,3,00,00,01,2,$0202,26,1521,1,
OBJECT,2209,C1A3,-,C3,AE,45,1,3,3,2,1,1,3,00,00,01,3,$0203,5E,1521,1,
OBJECT,2209,C1A3,-,C3,AE,45,1,3,3,2,1,1,3,00,00,01,4,$0204,45,1521,1,
OBJECT,2209,C1A3,-,C3,AE,45,1,3,3,2,1,1,3,00,00,01,5,$0205,01,1521,1,
FRAME,2209,C1A3,-,C3,AE,45,1,3,3,2,1,1,3,00,00,01,,,,,1521,1,
RNG,2210,C535,-,C3,AE,45,1,3,3,2,1,1,3,00,00,01,C535,,,1521,1,
C726,2210,C726,-,7E,9D,46,0,2,6,1,1,1,3,00,00,01,C726,,,1522,1,
C726,2210,C726,-,7E,9D,46,0,2,6,1,1,1,3,00,00,01,C726,,,1523,1,
OBJECT,2210,C750,-,7E,9D,46,0,2,6,1,1,1,3,00,00,01,6,$0206,4B,1523,1,
OBJECT,2210,C750,-,7E,9D,46,0,2,6,1,1,1,3,00,00,01,7,$0207,09,1523,1,
FRAME,2210,C750,-,7E,9D,46,0,2,6,1,1,1,3,00,00,01,,,,,1523,1,
RNG,2211,C535,-,7E,9D,46,0,2,6,1,1,1,3,00,00,01,C535,,,1523,1,
FRAME,2211,C74C,-,23,8B,47,1,3,3,0,1,1,3,00,00,01,,,,,1523,1,
RNG,2212,C535,-,23,8B,47,1,3,3,0,1,1,3,00,00,01,C535,,,1523,1,
FRAME,2212,C74C,-,AC,82,48,0,0,4,0,1,1,3,00,00,01,,,,,1523,1,
RNG,2213,C535,-,AC,82,48,0,0,4,0,1,1,3,00,00,01,C535,,,1523,1,
C726,2213,C726,-,C4,85,49,0,0,4,0,1,1,3,00,00,01,C726,,,1524,1,
OBJECT,2213,E061,-,C4,85,49,0,0,4,0,1,1,3,00,00,01,8,$0208,26,1524,1,
FRAME,2213,E061,-,C4,85,49,0,0,4,0,1,1,3,00,00,01,,,,,1524,1,
RNG,2214,C535,-,C4,85,49,0,0,4,0,1,1,3,00,00,01,C535,,,1524,1,
C726,2214,C726,-,2D,2E,4A,1,1,5,2,1,1,3,00,00,01,C726,,,1525,1,
C726,2214,C726,-,2D,2E,4A,1,1,5,2,1,1,3,00,00,01,C726,,,1526,1,
C726,2214,C726,-,2D,2E,4A,1,1,5,2,1,1,3,00,00,01,C726,,,1527,1,
C726,2214,C726,-,2D,2E,4A,1,1,5,2,1,1,3,00,00,01,C726,,,1528,1,
C726,2214,C726,-,2D,2E,4A,1,1,5,2,1,1,3,00,00,01,C726,,,1529,1,
OBJECT,2214,C74C,-,2D,2E,4A,1,1,5,2,1,1,3,00,00,01,9,$0209,5E,1529,1,
OBJECT,2214,C74C,-,2D,2E,4A,1,1,5,2,1,1,3,00,00,01,10,$020A,45,1529,1,
OBJECT,2214,C74C,-,2D,2E,4A,1,1,5,2,1,1,3,00,00,01,11,$020B,01,1529,1,
OBJECT,2214,C74C,-,2D,2E,4A,1,1,5,2,1,1,3,00,00,01,12,$020C,4B,1529,1,
OBJECT,2214,C74C,-,2D,2E,4A,1,1,5,2,1,1,3,00,00,01,13,$020D,09,1529,1,
FRAME,2214,C74C,-,2D,2E,4A,1,1,5,2,1,1,3,00,00,01,,,,,1529,1,
RNG,2215,C535,-,2D,2E,4A,1,1,5,2,1,1,3,00,00,01,C535,,,1529,1,
FRAME,2215,C74C,-,3D,5E,4B,1,1,5,5,1,1,3,00,00,01,,,,,1529,1,
RNG,2216,C535,-,3D,5E,4B,1,1,5,5,1,1,3,00,00,01,C535,,,1529,1,
FRAME,2216,C74C,-,5D,EB,4C,1,1,5,6,1,1,3,00,00,01,,,,,1529,1,
RNG,2217,C535,-,5D,EB,4C,1,1,5,6,1,1,3,00,00,01,C535,,,1529,1,
C726,2217,C726,-,83,2B,4D,1,3,3,2,1,1,3,00,00,01,C726,,,1530,1,
OBJECT,2217,E024,-,83,2B,4D,1,3,3,2,1,1,3,00,00,01,14,$020E,26,1530,1,
FRAME,2217,E024,-,83,2B,4D,1,3,3,2,1,1,3,00,00,01,,,,,1530,1,
RNG,2218,C535,-,83,2B,4D,1,3,3,2,1,1,3,00,00,01,C535,,,1530,1,
C726,2218,C726,-,4A,31,4E,0,2,2,3,1,1,3,00,00,01,C726,,,1531,1,
C726,2218,C726,-,4A,31,4E,0,2,2,3,1,1,3,00,00,01,C726,,,1532,1,
C726,2218,C726,-,4A,31,4E,0,2,2,3,1,1,3,00,00,01,C726,,,1533,1,
C726,2218,C726,-,4A,31,4E,0,2,2,3,1,1,3,00,00,01,C726,,,1534,1,
C726,2218,C726,-,4A,31,4E,0,2,2,3,1,1,3,00,00,01,C726,,,1535,1,
OBJECT,2218,C74A,-,4A,31,4E,0,2,2,3,1,1,3,00,00,01,15,$020F,5E,1535,1,
OBJECT,2218,C74A,-,4A,31,4E,0,2,2,3,1,1,3,00,00,01,16,$0210,45,1535,1,
OBJECT,2218,C74A,-,4A,31,4E,0,2,2,3,1,1,3,00,00,01,17,$0211,01,1535,1,
OBJECT,2218,C74A,-,4A,31,4E,0,2,2,3,1,1,3,00,00,01,18,$0212,4B,1535,1,
OBJECT,2218,C74A,-,4A,31,4E,0,2,2,3,1,1,3,00,00,01,19,$0213,09,1535,1,
FRAME,2218,C74A,-,4A,31,4E,0,2,2,3,1,1,3,00,00,01,,,,,1535,1,
RNG,2219,C535,-,4A,31,4E,0,2,2,3,1,1,3,00,00,01,C535,,,1535,1,
FRAME,2219,C74A,-,EE,DE,4F,0,2,6,5,1,1,3,00,00,01,,,,,1535,1,
RNG,2220,C535,-,EE,DE,4F,0,2,6,5,1,1,3,00,00,01,C535,,,1535,1,
FRAME,2220,C74A,-,78,D5,50,0,0,0,5,1,1,3,00,00,01,,,,,1535,1,
RNG,2221,C535,-,78,D5,50,0,0,0,5,1,1,3,00,00,01,C535,,,1535,1,
FRAME,2221,C74C,-,40,D8,51,0,0,0,5,1,1,3,00,00,01,,,,,1535,1,
RNG,2222,C535,-,40,D8,51,0,0,0,5,1,1,3,00,00,01,C535,,,1535,1,
C726,2222,C726,-,08,A1,52,0,0,0,2,1,1,3,00,00,01,C726,,,1536,1,
C726,2222,C726,-,08,A1,52,0,0,0,2,1,1,3,00,00,01,C726,,,1537,1,
C726,2222,C726,-,08,A1,52,0,0,0,2,1,1,3,00,00,01,C726,,,1538,1,
C726,2222,C726,-,08,A1,52,0,0,0,2,1,1,3,00,00,01,C726,,,1539,1,
C726,2222,C726,-,08,A1,52,0,0,0,2,1,1,3,00,00,01,C726,,,1540,1,
C726,2222,C726,-,08,A1,52,0,0,0,2,1,1,3,00,00,01,C726,,,1541,1,
OBJECT,2222,C74E,-,08,A1,52,0,0,0,2,1,1,3,00,00,01,20,$0214,26,1541,1,
OBJECT,2222,C74E,-,08,A1,52,0,0,0,2,1,1,3,00,00,01,21,$0215,5E,1541,1,
OBJECT,2222,C74E,-,08,A1,52,0,0,0,2,1,1,3,00,00,01,22,$0216,45,1541,1,
OBJECT,2222,C74E,-,08,A1,52,0,0,0,2,1,1,3,00,00,01,23,$0217,01,1541,1,
OBJECT,2222,C74E,-,08,A1,52,0,0,0,2,1,1,3,00,00,01,24,$0218,4B,1541,1,
OBJECT,2222,C74E,-,08,A1,52,0,0,0,2,1,1,3,00,00,01,25,$0219,09,1541,1,
FRAME,2222,C74E,-,08,A1,52,0,0,0,2,1,1,3,00,00,01,,,,,1541,1,
RNG,2223,C535,-,08,A1,52,0,0,0,2,1,1,3,00,00,01,C535,,,1541,1,
FRAME,2223,C74A,-,D0,A3,53,0,0,0,2,1,1,3,00,00,01,,,,,1541,1,
RNG,2224,C535,-,D0,A3,53,0,0,0,2,1,1,3,00,00,01,C535,,,1541,1,
FRAME,2224,C74E,-,98,73,54,0,0,0,7,1,1,3,00,00,01,,,,,1541,1,
RNG,2225,C535,-,98,73,54,0,0,0,7,1,1,3,00,00,01,C535,,,1541,1,
FRAME,2225,C74A,-,3E,86,55,0,2,6,0,1,1,3,00,00,01,,,,,1541,1,
RNG,2226,C535,-,3E,86,55,0,2,6,0,1,1,3,00,00,01,C535,,,1541,1,
C726,2226,C726,-,C7,A6,56,1,3,7,2,1,1,3,00,00,01,C726,,,1542,1,
C726,2226,C726,-,C7,A6,56,1,3,7,2,1,1,3,00,00,01,C726,,,1543,1,
C726,2226,C726,-,C7,A6,56,1,3,7,2,1,1,3,00,00,01,C726,,,1544,1,
C726,2226,C726,-,C7,A6,56,1,3,7,2,1,1,3,00,00,01,C726,,,1545,1,
OBJECT,2226,C3BD,-,C7,A6,56,1,3,7,2,1,1,3,00,00,01,26,$021A,26,1545,1,
OBJECT,2226,C3BD,-,C7,A6,56,1,3,7,2,1,1,3,00,00,01,27,$021B,5E,1545,1,
OBJECT,2226,C3BD,-,C7,A6,56,1,3,7,2,1,1,3,00,00,01,28,$021C,45,1545,1,
OBJECT,2226,C3BD,-,C7,A6,56,1,3,7,2,1,1,3,00,00,01,29,$021D,01,1545,1,
FRAME,2226,C3BD,-,C7,A6,56,1,3,7,2,1,1,3,00,00,01,,,,,1545,1,
C726,2227,C726,-,C7,A6,56,1,3,7,2,0,1,3,00,00,01,C726,,,1546,1,
C726,2227,C726,-,C7,A6,56,1,3,7,2,0,1,3,00,00,01,C726,,,1547,1,
OBJECT,2227,C74A,-,C7,A6,56,1,3,7,2,0,1,3,00,00,01,30,$021E,4B,1547,1,
OBJECT,2227,C74A,-,C7,A6,56,1,3,7,2,0,1,3,00,00,01,31,$021F,09,1547,1,
FRAME,2227,C74A,-,C7,A6,56,1,3,7,2,0,1,3,00,00,01,,,,,1547,1,
RNG,2228,C535,-,C7,A6,56,1,3,7,2,1,2,3,00,00,01,C535,,,1547,1,
FRAME,2228,C74A,-,AF,23,57,1,3,7,2,1,2,3,00,00,01,,,,,1547,1,
RNG,2229,C535,-,AF,23,57,1,3,7,2,1,1,3,00,00,01,C535,,,1547,1,
FRAME,2229,C74A,-,8F,07,58,1,3,7,0,1,1,3,00,00,01,,,,,1547,1,
RNG,2230,C535,-,8F,07,58,1,3,7,0,1,1,3,00,00,01,C535,,,1547,1,
C726,2230,C726,-,92,A9,59,0,2,2,2,1,1,3,00,00,01,C726,,,1548,1,
OBJECT,2230,E024,-,92,A9,59,0,2,2,2,1,1,3,00,00,01,32,$0220,26,1548,1,
FRAME,2230,E024,-,92,A9,59,0,2,2,2,1,1,3,00,00,01,,,,,1548,1,
RNG,2231,C535,-,92,A9,59,0,2,2,2,1,1,3,00,00,01,C535,,,1548,1,
C726,2231,C726,-,62,01,5A,0,2,2,0,1,1,3,00,00,01,C726,,,1549,1,
C726,2231,C726,-,62,01,5A,0,2,2,0,1,1,3,00,00,01,C726,,,1550,1,
C726,2231,C726,-,62,01,5A,0,2,2,0,1,1,3,00,00,01,C726,,,1551,1,
C726,2231,C726,-,62,01,5A,0,2,2,0,1,1,3,00,00,01,C726,,,1552,1,
C726,2231,C726,-,62,01,5A,0,2,2,0,1,1,3,00,00,01,C726,,,1553,1,
OBJECT,2231,C74E,-,62,01,5A,0,2,2,0,1,1,3,00,00,01,33,$0221,5E,1553,1,
OBJECT,2231,C74E,-,62,01,5A,0,2,2,0,1,1,3,00,00,01,34,$0222,45,1553,1,
OBJECT,2231,C74E,-,62,01,5A,0,2,2,0,1,1,3,00,00,01,35,$0223,01,1553,1,
OBJECT,2231,C74E,-,62,01,5A,0,2,2,0,1,1,3,00,00,01,36,$0224,4B,1553,1,
OBJECT,2231,C74E,-,62,01,5A,0,2,2,0,1,1,3,00,00,01,37,$0225,09,1553,1,
FRAME,2231,C74E,-,62,01,5A,0,2,2,0,1,1,3,00,00,01,,,,,1553,1,
RNG,2232,C535,-,62,01,5A,0,2,2,0,1,1,3,00,00,01,C535,,,1553,1,
FRAME,2232,C74E,-,29,21,5B,1,1,1,2,1,1,3,00,00,01,,,,,1553,1,
RNG,2233,C535,-,29,21,5B,1,1,1,2,1,1,3,00,00,01,C535,,,1553,1,
FRAME,2233,C74A,-,89,3F,5C,1,1,1,3,1,1,3,00,00,01,,,,,1553,1,
RNG,2234,C535,-,89,3F,5C,1,1,1,3,1,1,3,00,00,01,C535,,,1553,1,
C726,2234,C726,-,2B,21,5D,1,3,3,2,1,1,3,00,00,01,C726,,,1554,1,
OBJECT,2234,E01F,-,2B,21,5D,1,3,3,2,1,1,3,00,00,01,38,$0226,26,1554,1,
FRAME,2234,E01F,-,2B,21,5D,1,3,3,2,1,1,3,00,00,01,,,,,1554,1,
RNG,2235,C535,-,2B,21,5D,1,3,3,2,1,1,3,00,00,01,C535,,,1554,1,
C726,2235,C726,-,2B,6D,5E,1,3,3,6,1,1,3,00,00,01,C726,,,1555,1,
C726,2235,C726,-,2B,6D,5E,1,3,3,6,1,1,3,00,00,01,C726,,,1556,1,
C726,2235,C726,-,2B,6D,5E,1,3,3,6,1,1,3,00,00,01,C726,,,1557,1,
C726,2235,C726,-,2B,6D,5E,1,3,3,6,1,1,3,00,00,01,C726,,,1558,1,
C726,2235,C726,-,2B,6D,5E,1,3,3,6,1,1,3,00,00,01,C726,,,1559,1,
OBJECT,2235,C74E,-,2B,6D,5E,1,3,3,6,1,1,3,00,00,01,39,$0227,5E,1559,1,
OBJECT,2235,C74E,-,2B,6D,5E,1,3,3,6,1,1,3,00,00,01,40,$0228,45,1559,1,
OBJECT,2235,C74E,-,2B,6D,5E,1,3,3,6,1,1,3,00,00,01,41,$0229,01,1559,1,
OBJECT,2235,C74E,-,2B,6D,5E,1,3,3,6,1,1,3,00,00,01,42,$022A,4B,1559,1,
OBJECT,2235,C74E,-,2B,6D,5E,1,3,3,6,1,1,3,00,00,01,43,$022B,09,1559,1,
FRAME,2235,C74E,-,2B,6D,5E,1,3,3,6,1,1,3,00,00,01,,,,,1559,1,
RNG,2236,C535,-,2B,6D,5E,1,3,3,6,1,1,3,00,00,01,C535,,,1559,1,
FRAME,2236,C74C,-,C8,31,5F,0,0,0,3,1,1,3,00,00,01,,,,,1559,1,
RNG,2237,C535,-,C8,31,5F,0,0,0,3,1,1,3,00,00,01,C535,,,1559,1,
FRAME,2237,C74E,-,7A,C6,60,0,2,2,4,1,1,3,00,00,01,,,,,1559,1,
RNG,2238,C535,-,7A,C6,60,0,2,2,4,1,1,3,00,00,01,C535,,,1559,1,
FRAME,2238,C74A,-,81,F2,61,1,1,1,7,1,1,3,00,00,01,,,,,1559,1,
RNG,2239,C535,-,81,F2,61,1,1,1,7,1,1,3,00,00,01,C535,,,1559,1,
C726,2239,C726,-,69,CA,62,1,1,1,4,1,1,3,00,00,01,C726,,,1560,1,
C726,2239,C726,-,69,CA,62,1,1,1,4,1,1,3,00,00,01,C726,,,1561,1,
C726,2239,C726,-,69,CA,62,1,1,1,4,1,1,3,00,00,01,C726,,,1562,1,
C726,2239,C726,-,69,CA,62,1,1,1,4,1,1,3,00,00,01,C726,,,1563,1,
C726,2239,C726,-,69,CA,62,1,1,1,4,1,1,3,00,00,01,C726,,,1564,1,
C726,2239,C726,-,69,CA,62,1,1,1,4,1,1,3,00,00,01,C726,,,1565,1,
OBJECT,2239,C74C,-,69,CA,62,1,1,1,4,1,1,3,00,00,01,44,$022C,26,1565,1,
OBJECT,2239,C74C,-,69,CA,62,1,1,1,4,1,1,3,00,00,01,45,$022D,5E,1565,1,
OBJECT,2239,C74C,-,69,CA,62,1,1,1,4,1,1,3,00,00,01,46,$022E,45,1565,1,
OBJECT,2239,C74C,-,69,CA,62,1,1,1,4,1,1,3,00,00,01,47,$022F,01,1565,1,
OBJECT,2239,C74C,-,69,CA,62,1,1,1,4,1,1,3,00,00,01,48,$0230,4B,1565,1,
OBJECT,2239,C74C,-,69,CA,62,1,1,1,4,1,1,3,00,00,01,49,$0231,09,1565,1,
FRAME,2239,C74C,-,69,CA,62,1,1,1,4,1,1,3,00,00,01,,,,,1565,1,
RNG,2240,C535,-,69,CA,62,1,1,1,4,1,1,3,00,00,01,C535,,,1565,1,
FRAME,2240,C74C,-,51,C9,63,1,1,1,4,1,1,3,00,00,01,,,,,1565,1,
RNG,2241,C535,-,51,C9,63,1,1,1,4,1,1,3,00,00,01,C535,,,1565,1,
FRAME,2241,C74C,-,39,B9,64,1,1,1,3,1,1,3,00,00,01,,,,,1565,1,
RNG,2242,C535,-,39,B9,64,1,1,1,3,1,1,3,00,00,01,C535,,,1565,1,
FRAME,2242,C74C,-,21,BC,65,1,1,1,3,1,1,3,00,00,01,,,,,1565,1,
RNG,2243,C535,-,21,BC,65,1,1,1,3,1,1,3,00,00,01,C535,,,1565,1,
C726,2243,C726,-,01,DC,66,1,1,1,5,1,1,3,00,00,01,C726,,,1566,1,
C726,2243,C726,-,01,DC,66,1,1,1,5,1,1,3,00,00,01,C726,,,1567,1,
C726,2243,C726,-,01,DC,66,1,1,1,5,1,1,3,00,00,01,C726,,,1568,1,
C726,2243,C726,-,01,DC,66,1,1,1,5,1,1,3,00,00,01,C726,,,1569,1,
C726,2243,C726,-,01,DC,66,1,1,1,5,1,1,3,00,00,01,C726,,,1570,1,
C726,2243,C726,-,01,DC,66,1,1,1,5,1,1,3,00,00,01,C726,,,1571,1,
C726,2243,C726,-,01,DC,66,1,1,1,5,1,1,3,00,00,01,C726,,,1572,1,
OBJECT,2243,C74E,-,01,DC,66,1,1,1,5,1,1,3,00,00,01,50,$0232,26,1572,1,
OBJECT,2243,C74E,-,01,DC,66,1,1,1,5,1,1,3,00,00,01,51,$0233,5E,1572,1,
OBJECT,2243,C74E,-,01,DC,66,1,1,1,5,1,1,3,00,00,01,52,$0234,5A,1572,1,
OBJECT,2243,C74E,-,01,DC,66,1,1,1,5,1,1,3,00,00,01,53,$0235,45,1572,1,
OBJECT,2243,C74E,-,01,DC,66,1,1,1,5,1,1,3,00,00,01,54,$0236,01,1572,1,
OBJECT,2243,C74E,-,01,DC,66,1,1,1,5,1,1,3,00,00,01,55,$0237,4B,1572,1,
OBJECT,2243,C74E,-,01,DC,66,1,1,1,5,1,1,3,00,00,01,56,$0238,09,1572,1,
FRAME,2243,C74E,-,01,DC,66,1,1,1,5,1,1,3,00,00,01,,,,,1572,1,
RNG,2244,C535,-,01,DC,66,1,1,1,5,1,1,3,00,00,01,C535,,,1572,1,
FRAME,2244,C74E,-,19,C3,67,1,1,1,4,1,1,3,00,00,01,,,,,1572,1,
RNG,2245,C535,-,19,C3,67,1,1,1,4,1,1,3,00,00,01,C535,,,1572,1,
FRAME,2245,C74A,-,E9,A6,68,1,1,1,2,1,1,3,00,00,01,,,,,1572,1,
RNG,2246,C535,-,E9,A6,68,1,1,1,2,1,1,3,00,00,01,C535,,,1572,1,
FRAME,2246,C74E,-,DE,94,69,0,2,6,1,1,1,3,00,00,01,,,,,1572,1,
RNG,2247,C535,-,DE,94,69,0,2,6,1,1,1,3,00,00,01,C535,,,1572,1,
C726,2247,C726,-,3E,88,6A,0,2,6,0,1,1,3,00,00,01,C726,,,1573,1,
C726,2247,C726,-,3E,88,6A,0,2,6,0,1,1,3,00,00,01,C726,,,1574,1,
C726,2247,C726,-,3E,88,6A,0,2,6,0,1,1,3,00,00,01,C726,,,1575,1,
C726,2247,C726,-,3E,88,6A,0,2,6,0,1,1,3,00,00,01,C726,,,1576,1,
C726,2247,C726,-,3E,88,6A,0,2,6,0,1,1,3,00,00,01,C726,,,1577,1,
OBJECT,2247,C657,-,3E,88,6A,0,2,6,0,1,1,3,00,00,01,57,$0239,26,1577,1,
OBJECT,2247,C657,-,3E,88,6A,0,2,6,0,1,1,3,00,00,01,58,$023A,5E,1577,1,
OBJECT,2247,C657,-,3E,88,6A,0,2,6,0,1,1,3,00,00,01,59,$023B,5A,1577,1,
OBJECT,2247,C657,-,3E,88,6A,0,2,6,0,1,1,3,00,00,01,60,$023C,45,1577,1,
OBJECT,2247,C657,-,3E,88,6A,0,2,6,0,1,1,3,00,00,01,61,$023D,01,1577,1,
FRAME,2247,C657,-,3E,88,6A,0,2,6,0,1,1,3,00,00,01,,,,,1577,1,
C726,2248,C726,-,3E,88,6A,0,2,6,0,0,1,3,00,00,01,C726,,,1578,1,
C726,2248,C726,-,3E,88,6A,0,2,6,0,0,1,3,00,00,01,C726,,,1579,1,
OBJECT,2248,C74E,-,3E,88,6A,0,2,6,0,0,1,3,00,00,01,62,$023E,4B,1579,1,
OBJECT,2248,C74E,-,3E,88,6A,0,2,6,0,0,1,3,00,00,01,63,$023F,09,1579,1,
FRAME,2248,C74E,-,3E,88,6A,0,2,6,0,0,1,3,00,00,01,,,,,1579,1,
RNG,2249,C535,-,3E,88,6A,0,2,6,0,1,2,3,00,00,01,C535,,,1579,1,
FRAME,2249,C74A,-,C3,8B,6B,1,3,3,0,1,2,3,00,00,01,,,,,1579,1,
RNG,2250,C535,-,C3,8B,6B,1,3,3,0,1,1,3,00,00,01,C535,,,1579,1,
FRAME,2250,C74C,-,49,38,6C,1,1,1,3,1,1,3,00,00,01,,,,,1579,1,
RNG,2251,C535,-,49,38,6C,1,1,1,3,1,1,3,00,00,01,C535,,,1579,1,
C726,2251,C726,-,53,2C,6D,1,3,3,2,1,1,3,00,00,01,C726,,,1580,1,
C726,2251,C726,-,53,2C,6D,1,3,3,2,1,1,3,00,00,01,C726,,,1581,1,
C726,2251,C726,-,53,2C,6D,1,3,3,2,1,1,3,00,00,01,C726,,,1582,1,
OBJECT,2251,B269,-,53,2C,6D,1,3,3,2,1,1,3,00,00,01,0,$0200,26,1582,1,
OBJECT,2251,B269,-,53,2C,6D,1,3,3,2,1,1,3,00,00,01,1,$0201,5E,1582,1,
OBJECT,2251,B269,-,53,2C,6D,1,3,3,2,1,1,3,00,00,01,2,$0202,5A,1582,1,
FRAME,2251,B269,-,53,2C,6D,1,3,3,2,1,1,3,00,00,01,,,,,1582,1,
RNG,2252,C535,-,53,2C,6D,1,3,3,2,1,1,3,00,00,01,C535,,,1582,1,
C726,2252,C726,-,5D,2F,6E,1,1,5,2,1,1,3,00,00,01,C726,,,1583,1,
C726,2252,C726,-,5D,2F,6E,1,1,5,2,1,1,3,00,00,01,C726,,,1584,1,
C726,2252,C726,-,5D,2F,6E,1,1,5,2,1,1,3,00,00,01,C726,,,1585,1,
C726,2252,C726,-,5D,2F,6E,1,1,5,2,1,1,3,00,00,01,C726,,,1586,1,
OBJECT,2252,C74A,-,5D,2F,6E,1,1,5,2,1,1,3,00,00,01,3,$0203,45,1586,1,
OBJECT,2252,C74A,-,5D,2F,6E,1,1,5,2,1,1,3,00,00,01,4,$0204,01,1586,1,
OBJECT,2252,C74A,-,5D,2F,6E,1,1,5,2,1,1,3,00,00,01,5,$0205,4B,1586,1,
OBJECT,2252,C74A,-,5D,2F,6E,1,1,5,2,1,1,3,00,00,01,6,$0206,09,1586,1,
FRAME,2252,C74A,-,5D,2F,6E,1,1,5,2,1,1,3,00,00,01,,,,,1586,1,
RNG,2253,C535,-,5D,2F,6E,1,1,5,2,1,1,3,00,00,01,C535,,,1586,1,
FRAME,2253,C74A,-,75,F8,6F,1,1,5,7,1,1,3,00,00,01,,,,,1586,1,
RNG,2254,C535,-,75,F8,6F,1,1,5,7,1,1,3,00,00,01,C535,,,1586,1,
FRAME,2254,C74E,-,DA,FF,70,0,2,2,7,1,1,3,00,00,01,,,,,1586,1,
RNG,2255,C535,-,DA,FF,70,0,2,2,7,1,1,3,00,00,01,C535,,,1586,1,
C726,2255,C726,-,60,CF,71,0,0,0,4,1,1,3,00,00,01,C726,,,1587,1,
OBJECT,2255,D0E1,-,60,CF,71,0,0,0,4,1,1,3,00,00,01,7,$0207,26,1587,1,
FRAME,2255,D0E1,-,60,CF,71,0,0,0,4,1,1,3,00,00,01,,,,,1587,1,
RNG,2256,C535,-,60,CF,71,0,0,0,4,1,1,3,00,00,01,C535,,,1587,1,
C726,2256,C726,-,C5,DB,72,1,1,5,5,1,1,3,00,00,01,C726,,,1588,1,
C726,2256,C726,-,C5,DB,72,1,1,5,5,1,1,3,00,00,01,C726,,,1589,1,
C726,2256,C726,-,C5,DB,72,1,1,5,5,1,1,3,00,00,01,C726,,,1590,1,
C726,2256,C726,-,C5,DB,72,1,1,5,5,1,1,3,00,00,01,C726,,,1591,1,
C726,2256,C726,-,C5,DB,72,1,1,5,5,1,1,3,00,00,01,C726,,,1592,1,
C726,2256,C726,-,C5,DB,72,1,1,5,5,1,1,3,00,00,01,C726,,,1593,1,
OBJECT,2256,C74C,-,C5,DB,72,1,1,5,5,1,1,3,00,00,01,8,$0208,5E,1593,1,
OBJECT,2256,C74C,-,C5,DB,72,1,1,5,5,1,1,3,00,00,01,9,$0209,5A,1593,1,
OBJECT,2256,C74C,-,C5,DB,72,1,1,5,5,1,1,3,00,00,01,10,$020A,45,1593,1,
OBJECT,2256,C74C,-,C5,DB,72,1,1,5,5,1,1,3,00,00,01,11,$020B,01,1593,1,
OBJECT,2256,C74C,-,C5,DB,72,1,1,5,5,1,1,3,00,00,01,12,$020C,4B,1593,1,
OBJECT,2256,C74C,-,C5,DB,72,1,1,5,5,1,1,3,00,00,01,13,$020D,09,1593,1,
FRAME,2256,C74C,-,C5,DB,72,1,1,5,5,1,1,3,00,00,01,,,,,1593,1,
RNG,2257,C535,-,C5,DB,72,1,1,5,5,1,1,3,00,00,01,C535,,,1593,1,
FRAME,2257,C74E,-,4B,84,73,1,3,3,0,1,1,3,00,00,01,,,,,1593,1,
RNG,2258,C535,-,4B,84,73,1,3,3,0,1,1,3,00,00,01,C535,,,1593,1,
FRAME,2258,C74E,-,F5,84,74,1,1,5,0,1,1,3,00,00,01,,,,,1593,1,
RNG,2259,C535,-,F5,84,74,1,1,5,0,1,1,3,00,00,01,C535,,,1593,1,
C726,2259,C726,-,A2,11,75,0,2,2,1,1,1,3,00,00,01,C726,,,1594,1,
OBJECT,2259,E022,-,A2,11,75,0,2,2,1,1,1,3,00,00,01,14,$020E,26,1594,1,
FRAME,2259,E022,-,A2,11,75,0,2,2,1,1,1,3,00,00,01,,,,,1594,1,
RNG,2260,C535,-,A2,11,75,0,2,2,1,1,1,3,00,00,01,C535,,,1594,1,
C726,2260,C726,-,AD,05,76,1,1,5,0,1,1,3,00,00,01,C726,,,1595,1,
C726,2260,C726,-,AD,05,76,1,1,5,0,1,1,3,00,00,01,C726,,,1596,1,
C726,2260,C726,-,AD,05,76,1,1,5,0,1,1,3,00,00,01,C726,,,1597,1,
C726,2260,C726,-,AD,05,76,1,1,5,0,1,1,3,00,00,01,C726,,,1598,1,
C726,2260,C726,-,AD,05,76,1,1,5,0,1,1,3,00,00,01,C726,,,1599,1,
C726,2260,C726,-,AD,05,76,1,1,5,0,1,1,3,00,00,01,C726,,,1600,1,
OBJECT,2260,C74A,-,AD,05,76,1,1,5,0,1,1,3,00,00,01,15,$020F,5E,1600,1,
OBJECT,2260,C74A,-,AD,05,76,1,1,5,0,1,1,3,00,00,01,16,$0210,5A,1600,1,
OBJECT,2260,C74A,-,AD,05,76,1,1,5,0,1,1,3,00,00,01,17,$0211,45,1600,1,
OBJECT,2260,C74A,-,AD,05,76,1,1,5,0,1,1,3,00,00,01,18,$0212,01,1600,1,
OBJECT,2260,C74A,-,AD,05,76,1,1,5,0,1,1,3,00,00,01,19,$0213,4B,1600,1,
OBJECT,2260,C74A,-,AD,05,76,1,1,5,0,1,1,3,00,00,01,20,$0214,09,1600,1,
FRAME,2260,C74A,-,AD,05,76,1,1,5,0,1,1,3,00,00,01,,,,,1600,1,
RNG,2261,C535,-,AD,05,76,1,1,5,0,1,1,3,00,00,01,C535,,,1600,1,
FRAME,2261,C74C,-,B0,08,77,0,0,0,0,1,1,3,00,00,01,,,,,1600,1,
RNG,2262,C535,-,B0,08,77,0,0,0,0,1,1,3,00,00,01,C535,,,1600,1,
FRAME,2262,C74C,-,3D,AD,78,1,1,5,2,1,1,3,00,00,01,,,,,1600,1,
RNG,2263,C535,-,3D,AD,78,1,1,5,2,1,1,3,00,00,01,C535,,,1600,1,
C726,2263,C726,-,ED,8C,79,1,1,5,0,1,1,3,00,00,01,C726,,,1601,1,
OBJECT,2263,E062,-,ED,8C,79,1,1,5,0,1,1,3,00,00,01,21,$0215,26,1601,1,
FRAME,2263,E062,-,ED,8C,79,1,1,5,0,1,1,3,00,00,01,,,,,1601,1,
RNG,2264,C535,-,ED,8C,79,1,1,5,0,1,1,3,00,00,01,C535,,,1601,1,
C726,2264,C726,-,F4,B5,7A,0,0,4,3,1,1,3,00,00,01,C726,,,1602,1,
C726,2264,C726,-,F4,B5,7A,0,0,4,3,1,1,3,00,00,01,C726,,,1603,1,
C726,2264,C726,-,F4,B5,7A,0,0,4,3,1,1,3,00,00,01,C726,,,1604,1,
C726,2264,C726,-,F4,B5,7A,0,0,4,3,1,1,3,00,00,01,C726,,,1605,1,
C726,2264,C726,-,F4,B5,7A,0,0,4,3,1,1,3,00,00,01,C726,,,1606,1,
C726,2264,C726,-,F4,B5,7A,0,0,4,3,1,1,3,00,00,01,C726,,,1607,1,
OBJECT,2264,C74E,-,F4,B5,7A,0,0,4,3,1,1,3,00,00,01,22,$0216,5E,1607,1,
OBJECT,2264,C74E,-,F4,B5,7A,0,0,4,3,1,1,3,00,00,01,23,$0217,5A,1607,1,
OBJECT,2264,C74E,-,F4,B5,7A,0,0,4,3,1,1,3,00,00,01,24,$0218,45,1607,1,
OBJECT,2264,C74E,-,F4,B5,7A,0,0,4,3,1,1,3,00,00,01,25,$0219,01,1607,1,
OBJECT,2264,C74E,-,F4,B5,7A,0,0,4,3,1,1,3,00,00,01,26,$021A,4B,1607,1,
OBJECT,2264,C74E,-,F4,B5,7A,0,0,4,3,1,1,3,00,00,01,27,$021B,09,1607,1,
FRAME,2264,C74E,-,F4,B5,7A,0,0,4,3,1,1,3,00,00,01,,,,,1607,1,
RNG,2265,C535,-,F4,B5,7A,0,0,4,3,1,1,3,00,00,01,C535,,,1607,1,
FRAME,2265,C74E,-,81,B6,7B,1,1,1,3,1,1,3,00,00,01,,,,,1607,1,
RNG,2266,C535,-,81,B6,7B,1,1,1,3,1,1,3,00,00,01,C535,,,1607,1,
FRAME,2266,C74C,-,35,43,7C,1,1,5,4,1,1,3,00,00,01,,,,,1607,1,
RNG,2267,C535,-,35,43,7C,1,1,5,4,1,1,3,00,00,01,C535,,,1607,1,
C726,2267,C726,-,3C,38,7D,0,0,4,3,1,1,3,00,00,01,C726,,,1608,1,
OBJECT,2267,E061,-,3C,38,7D,0,0,4,3,1,1,3,00,00,01,28,$021C,26,1608,1,
FRAME,2267,E061,-,3C,38,7D,0,0,4,3,1,1,3,00,00,01,,,,,1608,1,
RNG,2268,C535,-,3C,38,7D,0,0,4,3,1,1,3,00,00,01,C535,,,1608,1,
C726,2268,C726,-,54,3B,7E,0,0,4,3,1,1,3,00,00,01,C726,,,1609,1,
C726,2268,C726,-,54,3B,7E,0,0,4,3,1,1,3,00,00,01,C726,,,1610,1,
C726,2268,C726,-,54,3B,7E,0,0,4,3,1,1,3,00,00,01,C726,,,1611,1,
C726,2268,C726,-,54,3B,7E,0,0,4,3,1,1,3,00,00,01,C726,,,1612,1,
C726,2268,C726,-,54,3B,7E,0,0,4,3,1,1,3,00,00,01,C726,,,1613,1,
C726,2268,C726,-,54,3B,7E,0,0,4,3,1,1,3,00,00,01,C726,,,1614,1,
OBJECT,2268,C74C,-,54,3B,7E,0,0,4,3,1,1,3,00,00,01,29,$021D,5E,1614,1,
OBJECT,2268,C74C,-,54,3B,7E,0,0,4,3,1,1,3,00,00,01,30,$021E,5A,1614,1,
OBJECT,2268,C74C,-,54,3B,7E,0,0,4,3,1,1,3,00,00,01,31,$021F,45,1614,1,
OBJECT,2268,C74C,-,54,3B,7E,0,0,4,3,1,1,3,00,00,01,32,$0220,01,1614,1,
OBJECT,2268,C74C,-,54,3B,7E,0,0,4,3,1,1,3,00,00,01,33,$0221,4B,1614,1,
OBJECT,2268,C74C,-,54,3B,7E,0,0,4,3,1,1,3,00,00,01,34,$0222,09,1614,1,
FRAME,2268,C74C,-,54,3B,7E,0,0,4,3,1,1,3,00,00,01,,,,,1614,1,
RNG,2269,C535,-,54,3B,7E,0,0,4,3,1,1,3,00,00,01,C535,,,1614,1,
FRAME,2269,C74E,-,BD,E8,7F,1,1,5,6,1,1,3,00,00,01,,,,,1614,1,
RNG,2270,C535,-,BD,E8,7F,1,1,5,6,1,1,3,00,00,01,C535,,,1614,1,
FRAME,2270,C74C,-,C5,DD,80,1,1,5,5,1,1,3,00,00,01,,,,,1614,1,
RNG,2271,C535,-,C5,DD,80,1,1,5,5,1,1,3,00,00,01,C535,,,1614,1,
C726,2271,C726,-,52,E0,81,0,2,2,6,1,1,3,00,00,01,C726,,,1615,1,
OBJECT,2271,E047,-,52,E0,81,0,2,2,6,1,1,3,00,00,01,35,$0223,26,1615,1,
FRAME,2271,E047,-,52,E0,81,0,2,2,6,1,1,3,00,00,01,,,,,1615,1,
RNG,2272,C535,-,52,E0,81,0,2,2,6,1,1,3,00,00,01,C535,,,1615,1,
C726,2272,C726,-,0A,D0,82,0,2,2,5,1,1,3,00,00,01,C726,,,1616,1,
C726,2272,C726,-,0A,D0,82,0,2,2,5,1,1,3,00,00,01,C726,,,1617,1,
C726,2272,C726,-,0A,D0,82,0,2,2,5,1,1,3,00,00,01,C726,,,1618,1,
C726,2272,C726,-,0A,D0,82,0,2,2,5,1,1,3,00,00,01,C726,,,1619,1,
C726,2272,C726,-,0A,D0,82,0,2,2,5,1,1,3,00,00,01,C726,,,1620,1,
C726,2272,C726,-,0A,D0,82,0,2,2,5,1,1,3,00,00,01,C726,,,1621,1,
OBJECT,2272,C74A,-,0A,D0,82,0,2,2,5,1,1,3,00,00,01,36,$0224,5E,1621,1,
OBJECT,2272,C74A,-,0A,D0,82,0,2,2,5,1,1,3,00,00,01,37,$0225,5A,1621,1,
OBJECT,2272,C74A,-,0A,D0,82,0,2,2,5,1,1,3,00,00,01,38,$0226,45,1621,1,
OBJECT,2272,C74A,-,0A,D0,82,0,2,2,5,1,1,3,00,00,01,39,$0227,01,1621,1,
OBJECT,2272,C74A,-,0A,D0,82,0,2,2,5,1,1,3,00,00,01,40,$0228,4B,1621,1,
OBJECT,2272,C74A,-,0A,D0,82,0,2,2,5,1,1,3,00,00,01,41,$0229,09,1621,1,
FRAME,2272,C74A,-,0A,D0,82,0,2,2,5,1,1,3,00,00,01,,,,,1621,1,
RNG,2273,C535,-,0A,D0,82,0,2,2,5,1,1,3,00,00,01,C535,,,1621,1,
FRAME,2273,C74C,-,11,D3,83,1,1,1,5,1,1,3,00,00,01,,,,,1621,1,
RNG,2274,C535,-,11,D3,83,1,1,1,5,1,1,3,00,00,01,C535,,,1621,1,
FRAME,2274,C74C,-,9E,1F,84,0,2,6,1,1,1,3,00,00,01,,,,,1621,1,
RNG,2275,C535,-,9E,1F,84,0,2,6,1,1,1,3,00,00,01,C535,,,1621,1,
FRAME,2275,C74C,-,5A,CD,85,0,2,2,4,1,1,3,00,00,01,,,,,1621,1,
RNG,2276,C535,-,5A,CD,85,0,2,2,4,1,1,3,00,00,01,C535,,,1621,1,
C726,2276,C726,-,61,62,86,1,1,1,6,1,1,3,00,00,01,C726,,,1622,1,
C726,2276,C726,-,61,62,86,1,1,1,6,1,1,3,00,00,01,C726,,,1623,1,
C726,2276,C726,-,61,62,86,1,1,1,6,1,1,3,00,00,01,C726,,,1624,1,
C726,2276,C726,-,61,62,86,1,1,1,6,1,1,3,00,00,01,C726,,,1625,1,
C726,2276,C726,-,61,62,86,1,1,1,6,1,1,3,00,00,01,C726,,,1626,1,
C726,2276,C726,-,61,62,86,1,1,1,6,1,1,3,00,00,01,C726,,,1627,1,
C726,2276,C726,-,61,62,86,1,1,1,6,1,1,3,00,00,01,C726,,,1628,1,
OBJECT,2276,C74C,-,61,62,86,1,1,1,6,1,1,3,00,00,01,42,$022A,26,1628,1,
OBJECT,2276,C74C,-,61,62,86,1,1,1,6,1,1,3,00,00,01,43,$022B,5E,1628,1,
OBJECT,2276,C74C,-,61,62,86,1,1,1,6,1,1,3,00,00,01,44,$022C,5A,1628,1,
OBJECT,2276,C74C,-,61,62,86,1,1,1,6,1,1,3,00,00,01,45,$022D,45,1628,1,
OBJECT,2276,C74C,-,61,62,86,1,1,1,6,1,1,3,00,00,01,46,$022E,01,1628,1,
OBJECT,2276,C74C,-,61,62,86,1,1,1,6,1,1,3,00,00,01,47,$022F,4B,1628,1,
OBJECT,2276,C74C,-,61,62,86,1,1,1,6,1,1,3,00,00,01,48,$0230,09,1628,1,
FRAME,2276,C74C,-,61,62,86,1,1,1,6,1,1,3,00,00,01,,,,,1628,1,
RNG,2277,C535,-,61,62,86,1,1,1,6,1,1,3,00,00,01,C535,,,1628,1,
FRAME,2277,C74C,-,79,04,87,1,1,1,0,1,1,3,00,00,01,,,,,1628,1,
RNG,2278,C535,-,79,04,87,1,1,1,0,1,1,3,00,00,01,C535,,,1628,1,
FRAME,2278,C74C,-,E2,04,88,0,2,2,0,1,1,3,00,00,01,,,,,1628,1,
RNG,2279,C535,-,E2,04,88,0,2,2,0,1,1,3,00,00,01,C535,,,1628,1,
FRAME,2279,C74C,-,EA,C1,89,0,2,2,4,1,1,3,00,00,01,,,,,1628,1,
RNG,2280,C535,-,EA,C1,89,0,2,2,4,1,1,3,00,00,01,C535,,,1628,1,
C726,2280,C726,-,77,8C,8A,1,3,7,0,1,1,3,00,00,01,C726,,,1629,1,
C726,2280,C726,-,77,8C,8A,1,3,7,0,1,1,3,00,00,01,C726,,,1630,1,
C726,2280,C726,-,77,8C,8A,1,3,7,0,1,1,3,00,00,01,C726,,,1631,1,
C726,2280,C726,-,77,8C,8A,1,3,7,0,1,1,3,00,00,01,C726,,,1632,1,
C726,2280,C726,-,77,8C,8A,1,3,7,0,1,1,3,00,00,01,C726,,,1633,1,
C726,2280,C726,-,77,8C,8A,1,3,7,0,1,1,3,00,00,01,C726,,,1634,1,
C726,2280,C726,-,77,8C,8A,1,3,7,0,1,1,3,00,00,01,C726,,,1635,1,
OBJECT,2280,C74A,-,77,8C,8A,1,3,7,0,1,1,3,00,00,01,49,$0231,26,1635,1,
OBJECT,2280,C74A,-,77,8C,8A,1,3,7,0,1,1,3,00,00,01,50,$0232,5E,1635,1,
OBJECT,2280,C74A,-,77,8C,8A,1,3,7,0,1,1,3,00,00,01,51,$0233,5A,1635,1,
OBJECT,2280,C74A,-,77,8C,8A,1,3,7,0,1,1,3,00,00,01,52,$0234,45,1635,1,
OBJECT,2280,C74A,-,77,8C,8A,1,3,7,0,1,1,3,00,00,01,53,$0235,01,1635,1,
OBJECT,2280,C74A,-,77,8C,8A,1,3,7,0,1,1,3,00,00,01,54,$0236,4B,1635,1,
OBJECT,2280,C74A,-,77,8C,8A,1,3,7,0,1,1,3,00,00,01,55,$0237,09,1635,1,
FRAME,2280,C74A,-,77,8C,8A,1,3,7,0,1,1,3,00,00,01,,,,,1635,1,
RNG,2281,C535,-,77,8C,8A,1,3,7,0,1,1,3,00,00,01,C535,,,1635,1,
FRAME,2281,C74C,-,37,93,8B,1,3,7,1,1,1,3,00,00,01,,,,,1635,1,
RNG,2282,C535,-,37,93,8B,1,3,7,1,1,1,3,00,00,01,C535,,,1635,1,
FRAME,2282,C74C,-,3E,AB,8C,0,2,6,2,1,1,3,00,00,01,,,,,1635,1,
RNG,2283,C535,-,3E,AB,8C,0,2,6,2,1,1,3,00,00,01,C535,,,1635,1,
FRAME,2283,C74E,-,CB,14,8D,1,3,3,1,1,1,3,00,00,01,,,,,1635,1,
RNG,2284,C535,-,CB,14,8D,1,3,3,1,1,1,3,00,00,01,C535,,,1635,1,
C726,2284,C726,-,8F,18,8E,1,3,7,1,1,1,3,00,00,01,C726,,,1636,1,
C726,2284,C726,-,8F,18,8E,1,3,7,1,1,1,3,00,00,01,C726,,,1637,1,
C726,2284,C726,-,8F,18,8E,1,3,7,1,1,1,3,00,00,01,C726,,,1638,1,
C726,2284,C726,-,8F,18,8E,1,3,7,1,1,1,3,00,00,01,C726,,,1639,1,
C726,2284,C726,-,8F,18,8E,1,3,7,1,1,1,3,00,00,01,C726,,,1640,1,
OBJECT,2284,C0E7,-,8F,18,8E,1,3,7,1,1,1,3,00,00,01,56,$0238,26,1640,1,
OBJECT,2284,C0E7,-,8F,18,8E,1,3,7,1,1,1,3,00,00,01,57,$0239,5E,1640,1,
OBJECT,2284,C0E7,-,8F,18,8E,1,3,7,1,1,1,3,00,00,01,58,$023A,5A,1640,1,
OBJECT,2284,C0E7,-,8F,18,8E,1,3,7,1,1,1,3,00,00,01,59,$023B,45,1640,1,
OBJECT,2284,C0E7,-,8F,18,8E,1,3,7,1,1,1,3,00,00,01,60,$023C,01,1640,1,
FRAME,2284,C0E7,-,8F,18,8E,1,3,7,1,1,1,3,00,00,01,,,,,1640,1,
C726,2285,C726,-,8F,18,8E,1,3,7,1,0,1,3,00,00,01,C726,,,1641,1,
C726,2285,C726,-,8F,18,8E,1,3,7,1,0,1,3,00,00,01,C726,,,1642,1,
OBJECT,2285,C74C,-,8F,18,8E,1,3,7,1,0,1,3,00,00,01,61,$023D,4B,1642,1,
OBJECT,2285,C74C,-,8F,18,8E,1,3,7,1,0,1,3,00,00,01,62,$023E,09,1642,1,
FRAME,2285,C74C,-,8F,18,8E,1,3,7,1,0,1,3,00,00,01,,,,,1642,1,
RNG,2286,C535,-,8F,18,8E,1,3,7,1,1,2,3,00,00,01,C535,,,1642,1,
FRAME,2286,C74C,-,96,B5,8F,0,2,6,3,1,2,3,00,00,01,,,,,1642,1,
RNG,2287,C535,-,96,B5,8F,0,2,6,3,1,1,3,00,00,01,C535,,,1642,1,
FRAME,2287,C74C,-,36,80,90,0,2,6,0,1,1,3,00,00,01,,,,,1642,1,
RNG,2288,C535,-,36,80,90,0,2,6,0,1,1,3,00,00,01,C535,,,1642,1,
C726,2288,C726,-,36,87,91,0,2,6,0,1,1,3,00,00,01,C726,,,1643,1,
C726,2288,C726,-,36,87,91,0,2,6,0,1,1,3,00,00,01,C726,,,1644,1,
C726,2288,C726,-,36,87,91,0,2,6,0,1,1,3,00,00,01,C726,,,1645,1,
OBJECT,2288,B225,-,36,87,91,0,2,6,0,1,1,3,00,00,01,0,$0200,5E,1645,1,
OBJECT,2288,B225,-,36,87,91,0,2,6,0,1,1,3,00,00,01,1,$0201,5A,1645,1,
OBJECT,2288,B225,-,36,87,91,0,2,6,0,1,1,3,00,00,01,63,$023F,26,1645,1,
FRAME,2288,B225,-,36,87,91,0,2,6,0,1,1,3,00,00,01,,,,,1645,1,
RNG,2289,C535,-,36,87,91,0,2,6,0,1,1,3,00,00,01,C535,,,1645,1,
C726,2289,C726,-,F3,6F,92,1,3,3,6,1,1,3,00,00,01,C726,,,1646,1,
C726,2289,C726,-,F3,6F,92,1,3,3,6,1,1,3,00,00,01,C726,,,1647,1,
C726,2289,C726,-,F3,6F,92,1,3,3,6,1,1,3,00,00,01,C726,,,1648,1,
C726,2289,C726,-,F3,6F,92,1,3,3,6,1,1,3,00,00,01,C726,,,1649,1,
OBJECT,2289,C74E,-,F3,6F,92,1,3,3,6,1,1,3,00,00,01,2,$0202,45,1649,1,
OBJECT,2289,C74E,-,F3,6F,92,1,3,3,6,1,1,3,00,00,01,3,$0203,01,1649,1,
OBJECT,2289,C74E,-,F3,6F,92,1,3,3,6,1,1,3,00,00,01,4,$0204,4B,1649,1,
OBJECT,2289,C74E,-,F3,6F,92,1,3,3,6,1,1,3,00,00,01,5,$0205,09,1649,1,
FRAME,2289,C74E,-,F3,6F,92,1,3,3,6,1,1,3,00,00,01,,,,,1649,1,
RNG,2290,C535,-,F3,6F,92,1,3,3,6,1,1,3,00,00,01,C535,,,1649,1,
FRAME,2290,C74E,-,EF,57,93,1,3,7,5,1,1,3,00,00,01,,,,,1649,1,
RNG,2291,C535,-,EF,57,93,1,3,7,5,1,1,3,00,00,01,C535,,,1649,1,
FRAME,2291,C74E,-,70,3F,94,0,0,0,3,1,1,3,00,00,01,,,,,1649,1,
RNG,2292,C535,-,70,3F,94,0,0,0,3,1,1,3,00,00,01,C535,,,1649,1,
C726,2292,C726,-,40,27,95,0,0,0,2,1,1,3,00,00,01,C726,,,1650,1,
C726,2292,C726,-,40,27,95,0,0,0,2,1,1,3,00,00,01,C726,,,1651,1,
OBJECT,2292,FBD1,-,40,27,95,0,0,0,2,1,1,3,00,00,01,6,$0206,26,1651,1,
OBJECT,2292,FBD1,-,40,27,95,0,0,0,2,1,1,3,00,00,01,7,$0207,5E,1651,1,
FRAME,2292,FBD1,-,40,27,95,0,0,0,2,1,1,3,00,00,01,,,,,1651,1,
RNG,2293,C535,-,40,27,95,0,0,0,2,1,1,3,00,00,01,C535,,,1651,1,
C726,2293,C726,-,45,07,96,1,1,5,0,1,1,3,00,00,01,C726,,,1652,1,
C726,2293,C726,-,45,07,96,1,1,5,0,1,1,3,00,00,01,C726,,,1653,1,
C726,2293,C726,-,45,07,96,1,1,5,0,1,1,3,00,00,01,C726,,,1654,1,
C726,2293,C726,-,45,07,96,1,1,5,0,1,1,3,00,00,01,C726,,,1655,1,
C726,2293,C726,-,45,07,96,1,1,5,0,1,1,3,00,00,01,C726,,,1656,1,
OBJECT,2293,C74C,-,45,07,96,1,1,5,0,1,1,3,00,00,01,8,$0208,5A,1656,1,
OBJECT,2293,C74C,-,45,07,96,1,1,5,0,1,1,3,00,00,01,9,$0209,45,1656,1,
OBJECT,2293,C74C,-,45,07,96,1,1,5,0,1,1,3,00,00,01,10,$020A,01,1656,1,
OBJECT,2293,C74C,-,45,07,96,1,1,5,0,1,1,3,00,00,01,11,$020B,4B,1656,1,
OBJECT,2293,C74C,-,45,07,96,1,1,5,0,1,1,3,00,00,01,12,$020C,09,1656,1,
FRAME,2293,C74C,-,45,07,96,1,1,5,0,1,1,3,00,00,01,,,,,1656,1,
RNG,2294,C535,-,45,07,96,1,1,5,0,1,1,3,00,00,01,C535,,,1656,1,
FRAME,2294,C74C,-,EE,1F,97,0,2,6,1,1,1,3,00,00,01,,,,,1656,1,
RNG,2295,C535,-,EE,1F,97,0,2,6,1,1,1,3,00,00,01,C535,,,1656,1,
FRAME,2295,C74C,-,DE,EF,98,0,2,6,6,1,1,3,00,00,01,,,,,1656,1,
RNG,2296,C535,-,DE,EF,98,0,2,6,6,1,1,3,00,00,01,C535,,,1656,1,
C726,2296,C726,-,77,DE,99,1,3,7,5,1,1,3,00,00,01,C726,,,1657,1,
OBJECT,2296,E061,-,77,DE,99,1,3,7,5,1,1,3,00,00,01,13,$020D,26,1657,1,
FRAME,2296,E061,-,77,DE,99,1,3,7,5,1,1,3,00,00,01,,,,,1657,1,
RNG,2297,C535,-,77,DE,99,1,3,7,5,1,1,3,00,00,01,C535,,,1657,1,
C726,2297,C726,-,27,CC,9A,1,3,7,4,1,1,3,00,00,01,C726,,,1658,1,
C726,2297,C726,-,27,CC,9A,1,3,7,4,1,1,3,00,00,01,C726,,,1659,1,
C726,2297,C726,-,27,CC,9A,1,3,7,4,1,1,3,00,00,01,C726,,,1660,1,
C726,2297,C726,-,27,CC,9A,1,3,7,4,1,1,3,00,00,01,C726,,,1661,1,
C726,2297,C726,-,27,CC,9A,1,3,7,4,1,1,3,00,00,01,C726,,,1662,1,
C726,2297,C726,-,27,CC,9A,1,3,7,4,1,1,3,00,00,01,C726,,,1663,1,
OBJECT,2297,C74A,-,27,CC,9A,1,3,7,4,1,1,3,00,00,01,14,$020E,5E,1663,1,
OBJECT,2297,C74A,-,27,CC,9A,1,3,7,4,1,1,3,00,00,01,15,$020F,5A,1663,1,
OBJECT,2297,C74A,-,27,CC,9A,1,3,7,4,1,1,3,00,00,01,16,$0210,45,1663,1,
OBJECT,2297,C74A,-,27,CC,9A,1,3,7,4,1,1,3,00,00,01,17,$0211,01,1663,1,
OBJECT,2297,C74A,-,27,CC,9A,1,3,7,4,1,1,3,00,00,01,18,$0212,4B,1663,1,
OBJECT,2297,C74A,-,27,CC,9A,1,3,7,4,1,1,3,00,00,01,19,$0213,09,1663,1,
FRAME,2297,C74A,-,27,CC,9A,1,3,7,4,1,1,3,00,00,01,,,,,1663,1,
RNG,2298,C535,-,27,CC,9A,1,3,7,4,1,1,3,00,00,01,C535,,,1663,1,
FRAME,2298,C74C,-,2E,C2,9B,0,2,6,4,1,1,3,00,00,01,,,,,1663,1,
RNG,2299,C535,-,2E,C2,9B,0,2,6,4,1,1,3,00,00,01,C535,,,1663,1,
FRAME,2299,C74C,-,C7,C5,9C,1,3,7,4,1,1,3,00,00,01,,,,,1663,1,
RNG,2300,C535,-,C7,C5,9C,1,3,7,4,1,1,3,00,00,01,C535,,,1663,1,
C726,2300,C726,-,78,72,9D,0,0,0,7,1,1,3,00,00,01,C726,,,1664,1,
OBJECT,2300,E027,-,78,72,9D,0,0,0,7,1,1,3,00,00,01,20,$0214,26,1664,1,
FRAME,2300,E027,-,78,72,9D,0,0,0,7,1,1,3,00,00,01,,,,,1664,1,
RNG,2301,C535,-,78,72,9D,0,0,0,7,1,1,3,00,00,01,C535,,,1664,1,
C726,2301,C726,-,7F,68,9E,1,3,7,6,1,1,3,00,00,01,C726,,,1665,1,
C726,2301,C726,-,7F,68,9E,1,3,7,6,1,1,3,00,00,01,C726,,,1666,1,
C726,2301,C726,-,7F,68,9E,1,3,7,6,1,1,3,00,00,01,C726,,,1667,1,
C726,2301,C726,-,7F,68,9E,1,3,7,6,1,1,3,00,00,01,C726,,,1668,1,
C726,2301,C726,-,7F,68,9E,1,3,7,6,1,1,3,00,00,01,C726,,,1669,1,
C726,2301,C726,-,7F,68,9E,1,3,7,6,1,1,3,00,00,01,C726,,,1670,1,
OBJECT,2301,C74C,-,7F,68,9E,1,3,7,6,1,1,3,00,00,01,21,$0215,5E,1670,1,
OBJECT,2301,C74C,-,7F,68,9E,1,3,7,6,1,1,3,00,00,01,22,$0216,5A,1670,1,
OBJECT,2301,C74C,-,7F,68,9E,1,3,7,6,1,1,3,00,00,01,23,$0217,45,1670,1,
OBJECT,2301,C74C,-,7F,68,9E,1,3,7,6,1,1,3,00,00,01,24,$0218,01,1670,1,
OBJECT,2301,C74C,-,7F,68,9E,1,3,7,6,1,1,3,00,00,01,25,$0219,4B,1670,1,
OBJECT,2301,C74C,-,7F,68,9E,1,3,7,6,1,1,3,00,00,01,26,$021A,09,1670,1,
FRAME,2301,C74C,-,7F,68,9E,1,3,7,6,1,1,3,00,00,01,,,,,1670,1,
RNG,2302,C535,-,7F,68,9E,1,3,7,6,1,1,3,00,00,01,C535,,,1670,1,
FRAME,2302,C74C,-,67,6B,9F,1,3,7,6,1,1,3,00,00,01,,,,,1670,1,
RNG,2303,C535,-,67,6B,9F,1,3,7,6,1,1,3,00,00,01,C535,,,1670,1,
FRAME,2303,C74C,-,2F,94,A0,1,3,7,1,1,1,3,00,00,01,,,,,1670,1,
RNG,2304,C535,-,2F,94,A0,1,3,7,1,1,1,3,00,00,01,C535,,,1670,1,
C726,2304,C726,-,F7,95,A1,1,3,7,1,1,1,3,00,00,01,C726,,,1671,1,
OBJECT,2304,E022,-,F7,95,A1,1,3,7,1,1,1,3,00,00,01,27,$021B,26,1671,1,
FRAME,2304,E022,-,F7,95,A1,1,3,7,1,1,1,3,00,00,01,,,,,1671,1,
RNG,2305,C535,-,F7,95,A1,1,3,7,1,1,1,3,00,00,01,C535,,,1671,1,
C726,2305,C726,-,BF,22,A2,1,3,7,2,1,1,3,00,00,01,C726,,,1672,1,
C726,2305,C726,-,BF,22,A2,1,3,7,2,1,1,3,00,00,01,C726,,,1673,1,
C726,2305,C726,-,BF,22,A2,1,3,7,2,1,1,3,00,00,01,C726,,,1674,1,
C726,2305,C726,-,BF,22,A2,1,3,7,2,1,1,3,00,00,01,C726,,,1675,1,
C726,2305,C726,-,BF,22,A2,1,3,7,2,1,1,3,00,00,01,C726,,,1676,1,
C726,2305,C726,-,BF,22,A2,1,3,7,2,1,1,3,00,00,01,C726,,,1677,1,
OBJECT,2305,C74C,-,BF,22,A2,1,3,7,2,1,1,3,00,00,01,28,$021C,5E,1677,1,
OBJECT,2305,C74C,-,BF,22,A2,1,3,7,2,1,1,3,00,00,01,29,$021D,5A,1677,1,
OBJECT,2305,C74C,-,BF,22,A2,1,3,7,2,1,1,3,00,00,01,30,$021E,45,1677,1,
OBJECT,2305,C74C,-,BF,22,A2,1,3,7,2,1,1,3,00,00,01,31,$021F,01,1677,1,
OBJECT,2305,C74C,-,BF,22,A2,1,3,7,2,1,1,3,00,00,01,32,$0220,4B,1677,1,
OBJECT,2305,C74C,-,BF,22,A2,1,3,7,2,1,1,3,00,00,01,33,$0221,09,1677,1,
FRAME,2305,C74C,-,BF,22,A2,1,3,7,2,1,1,3,00,00,01,,,,,1677,1,
RNG,2306,C535,-,BF,22,A2,1,3,7,2,1,1,3,00,00,01,C535,,,1677,1,
FRAME,2306,C74C,-,87,18,A3,1,3,7,1,1,1,3,00,00,01,,,,,1677,1,
RNG,2307,C535,-,87,18,A3,1,3,7,1,1,1,3,00,00,01,C535,,,1677,1,
FRAME,2307,C74E,-,47,1B,A4,1,3,7,1,1,1,3,00,00,01,,,,,1677,1,
RNG,2308,C535,-,47,1B,A4,1,3,7,1,1,1,3,00,00,01,C535,,,1677,1,
C726,2308,C726,-,5F,0B,A5,1,3,7,0,1,1,3,00,00,01,C726,,,1678,1,
OBJECT,2308,E061,-,5F,0B,A5,1,3,7,0,1,1,3,00,00,01,34,$0222,26,1678,1,
FRAME,2308,E061,-,5F,0B,A5,1,3,7,0,1,1,3,00,00,01,,,,,1678,1,
RNG,2309,C535,-,5F,0B,A5,1,3,7,0,1,1,3,00,00,01,C535,,,1678,1,
C726,2309,C726,-,2F,10,A6,1,3,7,1,1,1,3,00,00,01,C726,,,1679,1,
C726,2309,C726,-,2F,10,A6,1,3,7,1,1,1,3,00,00,01,C726,,,1680,1,
C726,2309,C726,-,2F,10,A6,1,3,7,1,1,1,3,00,00,01,C726,,,1681,1,
C726,2309,C726,-,2F,10,A6,1,3,7,1,1,1,3,00,00,01,C726,,,1682,1,
C726,2309,C726,-,2F,10,A6,1,3,7,1,1,1,3,00,00,01,C726,,,1683,1,
C726,2309,C726,-,2F,10,A6,1,3,7,1,1,1,3,00,00,01,C726,,,1684,1,
OBJECT,2309,C74A,-,2F,10,A6,1,3,7,1,1,1,3,00,00,01,35,$0223,5E,1684,1,
OBJECT,2309,C74A,-,2F,10,A6,1,3,7,1,1,1,3,00,00,01,36,$0224,5A,1684,1,
OBJECT,2309,C74A,-,2F,10,A6,1,3,7,1,1,1,3,00,00,01,37,$0225,45,1684,1,
OBJECT,2309,C74A,-,2F,10,A6,1,3,7,1,1,1,3,00,00,01,38,$0226,01,1684,1,
OBJECT,2309,C74A,-,2F,10,A6,1,3,7,1,1,1,3,00,00,01,39,$0227,4B,1684,1,
OBJECT,2309,C74A,-,2F,10,A6,1,3,7,1,1,1,3,00,00,01,40,$0228,09,1684,1,
FRAME,2309,C74A,-,2F,10,A6,1,3,7,1,1,1,3,00,00,01,,,,,1684,1,
RNG,2310,C535,-,2F,10,A6,1,3,7,1,1,1,3,00,00,01,C535,,,1684,1,
FRAME,2310,C74C,-,19,B2,A7,1,1,1,3,1,1,3,00,00,01,,,,,1684,1,
RNG,2311,C535,-,19,B2,A7,1,1,1,3,1,1,3,00,00,01,C535,,,1684,1,
FRAME,2311,C74C,-,79,B2,A8,1,1,1,3,1,1,3,00,00,01,,,,,1684,1,
RNG,2312,C535,-,79,B2,A8,1,1,1,3,1,1,3,00,00,01,C535,,,1684,1,
FRAME,2312,C74C,-,77,FE,A9,1,3,7,7,1,1,3,00,00,01,,,,,1684,1,
RNG,2313,C535,-,77,FE,A9,1,3,7,7,1,1,3,00,00,01,C535,,,1684,1,
C726,2313,C726,-,75,9B,AA,1,1,5,1,1,1,3,00,00,01,C726,,,1685,1,
C726,2313,C726,-,75,9B,AA,1,1,5,1,1,1,3,00,00,01,C726,,,1686,1,
C726,2313,C726,-,75,9B,AA,1,1,5,1,1,1,3,00,00,01,C726,,,1687,1,
C726,2313,C726,-,75,9B,AA,1,1,5,1,1,1,3,00,00,01,C726,,,1688,1,
C726,2313,C726,-,75,9B,AA,1,1,5,1,1,1,3,00,00,01,C726,,,1689,1,
C726,2313,C726,-,75,9B,AA,1,1,5,1,1,1,3,00,00,01,C726,,,1690,1,
C726,2313,C726,-,75,9B,AA,1,1,5,1,1,1,3,00,00,01,C726,,,1691,1,
OBJECT,2313,C74A,-,75,9B,AA,1,1,5,1,1,1,3,00,00,01,41,$0229,26,1691,1,
OBJECT,2313,C74A,-,75,9B,AA,1,1,5,1,1,1,3,00,00,01,42,$022A,5E,1691,1,
OBJECT,2313,C74A,-,75,9B,AA,1,1,5,1,1,1,3,00,00,01,43,$022B,5A,1691,1,
OBJECT,2313,C74A,-,75,9B,AA,1,1,5,1,1,1,3,00,00,01,44,$022C,45,1691,1,
OBJECT,2313,C74A,-,75,9B,AA,1,1,5,1,1,1,3,00,00,01,45,$022D,01,1691,1,
OBJECT,2313,C74A,-,75,9B,AA,1,1,5,1,1,1,3,00,00,01,46,$022E,4B,1691,1,
OBJECT,2313,C74A,-,75,9B,AA,1,1,5,1,1,1,3,00,00,01,47,$022F,09,1691,1,
FRAME,2313,C74A,-,75,9B,AA,1,1,5,1,1,1,3,00,00,01,,,,,1691,1,
RNG,2314,C535,-,75,9B,AA,1,1,5,1,1,1,3,00,00,01,C535,,,1691,1,
FRAME,2314,C74A,-,73,30,AB,1,3,3,3,1,1,3,00,00,01,,,,,1691,1,
RNG,2315,C535,-,73,30,AB,1,3,3,3,1,1,3,00,00,01,C535,,,1691,1,
FRAME,2315,C74A,-,71,D2,AC,1,1,1,5,1,1,3,00,00,01,,,,,1691,1,
RNG,2316,C535,-,71,D2,AC,1,1,1,5,1,1,3,00,00,01,C535,,,1691,1,
FRAME,2316,C74A,-,6F,D8,AD,1,3,7,5,1,1,3,00,00,01,,,,,1691,1,
RNG,2317,C535,-,6F,D8,AD,1,3,7,5,1,1,3,00,00,01,C535,,,1691,1,
C726,2317,C726,-,6D,78,AE,1,1,5,7,1,1,3,00,00,01,C726,,,1692,1,
C726,2317,C726,-,6D,78,AE,1,1,5,7,1,1,3,00,00,01,C726,,,1693,1,
C726,2317,C726,-,6D,78,AE,1,1,5,7,1,1,3,00,00,01,C726,,,1694,1,
C726,2317,C726,-,6D,78,AE,1,1,5,7,1,1,3,00,00,01,C726,,,1695,1,
C726,2317,C726,-,6D,78,AE,1,1,5,7,1,1,3,00,00,01,C726,,,1696,1,
C726,2317,C726,-,6D,78,AE,1,1,5,7,1,1,3,00,00,01,C726,,,1697,1,
C726,2317,C726,-,6D,78,AE,1,1,5,7,1,1,3,00,00,01,C726,,,1698,1,
OBJECT,2317,C74E,-,6D,78,AE,1,1,5,7,1,1,3,00,00,01,48,$0230,26,1698,1,
OBJECT,2317,C74E,-,6D,78,AE,1,1,5,7,1,1,3,00,00,01,49,$0231,5E,1698,1,
OBJECT,2317,C74E,-,6D,78,AE,1,1,5,7,1,1,3,00,00,01,50,$0232,5A,1698,1,
OBJECT,2317,C74E,-,6D,78,AE,1,1,5,7,1,1,3,00,00,01,51,$0233,45,1698,1,
OBJECT,2317,C74E,-,6D,78,AE,1,1,5,7,1,1,3,00,00,01,52,$0234,01,1698,1,
OBJECT,2317,C74E,-,6D,78,AE,1,1,5,7,1,1,3,00,00,01,53,$0235,4B,1698,1,
OBJECT,2317,C74E,-,6D,78,AE,1,1,5,7,1,1,3,00,00,01,54,$0236,09,1698,1,
FRAME,2317,C74E,-,6D,78,AE,1,1,5,7,1,1,3,00,00,01,,,,,1698,1,
RNG,2318,C535,-,6D,78,AE,1,1,5,7,1,1,3,00,00,01,C535,,,1698,1,
FRAME,2318,C74C,-,42,78,AF,0,2,2,7,1,1,3,00,00,01,,,,,1698,1,
RNG,2319,C535,-,42,78,AF,0,2,2,7,1,1,3,00,00,01,C535,,,1698,1,
FRAME,2319,C74C,-,40,35,B0,0,0,0,3,1,1,3,00,00,01,,,,,1698,1,
RNG,2320,C535,-,40,35,B0,0,0,0,3,1,1,3,00,00,01,C535,,,1698,1,
FRAME,2320,C74C,-,25,1C,B1,1,1,5,1,1,1,3,00,00,01,,,,,1698,1,
RNG,2321,C535,-,25,1C,B1,1,1,5,1,1,1,3,00,00,01,C535,,,1698,1,
C726,2321,C726,-,23,B1,B2,1,3,3,3,1,1,3,00,00,01,C726,,,1699,1,
C726,2321,C726,-,23,B1,B2,1,3,3,3,1,1,3,00,00,01,C726,,,1700,1,
C726,2321,C726,-,23,B1,B2,1,3,3,3,1,1,3,00,00,01,C726,,,1701,1,
C726,2321,C726,-,23,B1,B2,1,3,3,3,1,1,3,00,00,01,C726,,,1702,1,
C726,2321,C726,-,23,B1,B2,1,3,3,3,1,1,3,00,00,01,C726,,,1703,1,
C726,2321,C726,-,23,B1,B2,1,3,3,3,1,1,3,00,00,01,C726,,,1704,1,
OBJECT,2321,C733,-,23,B1,B2,1,3,3,3,1,1,3,00,00,01,55,$0237,26,1704,1,
OBJECT,2321,C733,-,23,B1,B2,1,3,3,3,1,1,3,00,00,01,56,$0238,5E,1704,1,
OBJECT,2321,C733,-,23,B1,B2,1,3,3,3,1,1,3,00,00,01,57,$0239,5A,1704,1,
OBJECT,2321,C733,-,23,B1,B2,1,3,3,3,1,1,3,00,00,01,58,$023A,45,1704,1,
OBJECT,2321,C733,-,23,B1,B2,1,3,3,3,1,1,3,00,00,01,59,$023B,01,1704,1,
OBJECT,2321,C733,-,23,B1,B2,1,3,3,3,1,1,3,00,00,01,60,$023C,4B,1704,1,
FRAME,2321,C733,-,23,B1,B2,1,3,3,3,1,1,3,00,00,01,,,,,1704,1,
C726,2322,C726,-,23,B1,B2,1,3,3,3,0,1,3,00,00,01,C726,,,1705,1,
OBJECT,2322,C74E,-,23,B1,B2,1,3,3,3,0,1,3,00,00,01,61,$023D,09,1705,1,
FRAME,2322,C74E,-,23,B1,B2,1,3,3,3,0,1,3,00,00,01,,,,,1705,1,
RNG,2323,C535,-,23,B1,B2,1,3,3,3,1,2,3,00,00,01,C535,,,1705,1,
FRAME,2323,C74E,-,18,4A,B3,0,0,0,4,1,2,3,00,00,01,,,,,1705,1,
RNG,2324,C535,-,18,4A,B3,0,0,0,4,1,1,3,00,00,01,C535,,,1705,1,
FRAME,2324,C74C,-,16,13,B4,0,2,6,1,1,1,3,00,00,01,,,,,1705,1,
RNG,2325,C535,-,16,13,B4,0,2,6,1,1,1,3,00,00,01,C535,,,1705,1,
C726,2325,C726,-,EA,1A,B5,0,2,2,1,1,1,3,00,00,01,C726,,,1706,1,
C726,2325,C726,-,EA,1A,B5,0,2,2,1,1,1,3,00,00,01,C726,,,1707,1,
C726,2325,C726,-,EA,1A,B5,0,2,2,1,1,1,3,00,00,01,C726,,,1708,1,
C726,2325,C726,-,EA,1A,B5,0,2,2,1,1,1,3,00,00,01,C726,,,1709,1,
OBJECT,2325,C71E,-,EA,1A,B5,0,2,2,1,1,1,3,00,00,01,0,$0200,5A,1709,1,
OBJECT,2325,C71E,-,EA,1A,B5,0,2,2,1,1,1,3,00,00,01,1,$0201,45,1709,1,
OBJECT,2325,C71E,-,EA,1A,B5,0,2,2,1,1,1,3,00,00,01,62,$023E,26,1709,1,
OBJECT,2325,C71E,-,EA,1A,B5,0,2,2,1,1,1,3,00,00,01,63,$023F,5E,1709,1,
FRAME,2325,C71E,-,EA,1A,B5,0,2,2,1,1,1,3,00,00,01,,,,,1709,1,
RNG,2326,C535,-,EA,1A,B5,0,2,2,1,1,1,3,00,00,01,C535,,,1709,1,
C726,2326,C726,-,E8,02,B6,0,0,0,0,1,1,3,00,00,01,C726,,,1710,1,
C726,2326,C726,-,E8,02,B6,0,0,0,0,1,1,3,00,00,01,C726,,,1711,1,
C726,2326,C726,-,E8,02,B6,0,0,0,0,1,1,3,00,00,01,C726,,,1712,1,
OBJECT,2326,C74C,-,E8,02,B6,0,0,0,0,1,1,3,00,00,01,2,$0202,01,1712,1,
OBJECT,2326,C74C,-,E8,02,B6,0,0,0,0,1,1,3,00,00,01,3,$0203,4B,1712,1,
OBJECT,2326,C74C,-,E8,02,B6,0,0,0,0,1,1,3,00,00,01,4,$0204,09,1712,1,
FRAME,2326,C74C,-,E8,02,B6,0,0,0,0,1,1,3,00,00,01,,,,,1712,1,
RNG,2327,C535,-,E8,02,B6,0,0,0,0,1,1,3,00,00,01,C535,,,1712,1,
FRAME,2327,C74C,-,CC,CA,B7,0,0,4,4,1,1,3,00,00,01,,,,,1712,1,
RNG,2328,C535,-,CC,CA,B7,0,0,4,4,1,1,3,00,00,01,C535,,,1712,1,
FRAME,2328,C74A,-,CA,92,B8,0,2,2,1,1,1,3,00,00,01,,,,,1712,1,
RNG,2329,C535,-,CA,92,B8,0,2,2,1,1,1,3,00,00,01,C535,,,1712,1,
C726,2329,C726,-,BE,5A,B9,0,2,6,5,1,1,3,00,00,01,C726,,,1713,1,
C726,2329,C726,-,BE,5A,B9,0,2,6,5,1,1,3,00,00,01,C726,,,1714,1,
C726,2329,C726,-,BE,5A,B9,0,2,6,5,1,1,3,00,00,01,C726,,,1715,1,
OBJECT,2329,C73D,-,BE,5A,B9,0,2,6,5,1,1,3,00,00,01,5,$0205,26,1715,1,
OBJECT,2329,C73D,-,BE,5A,B9,0,2,6,5,1,1,3,00,00,01,6,$0206,5E,1715,1,
OBJECT,2329,C73D,-,BE,5A,B9,0,2,6,5,1,1,3,00,00,01,7,$0207,5A,1715,1,
FRAME,2329,C73D,-,BE,5A,B9,0,2,6,5,1,1,3,00,00,01,,,,,1715,1,
RNG,2330,C535,-,BE,5A,B9,0,2,6,5,1,1,3,00,00,01,C535,,,1715,1,
C726,2330,C726,-,C5,BB,BA,1,1,5,3,1,1,3,00,00,01,C726,,,1716,1,
C726,2330,C726,-,C5,BB,BA,1,1,5,3,1,1,3,00,00,01,C726,,,1717,1,
C726,2330,C726,-,C5,BB,BA,1,1,5,3,1,1,3,00,00,01,C726,,,1718,1,
C726,2330,C726,-,C5,BB,BA,1,1,5,3,1,1,3,00,00,01,C726,,,1719,1,
OBJECT,2330,C74E,-,C5,BB,BA,1,1,5,3,1,1,3,00,00,01,8,$0208,45,1719,1,
OBJECT,2330,C74E,-,C5,BB,BA,1,1,5,3,1,1,3,00,00,01,9,$0209,01,1719,1,
OBJECT,2330,C74E,-,C5,BB,BA,1,1,5,3,1,1,3,00,00,01,10,$020A,4B,1719,1,
OBJECT,2330,C74E,-,C5,BB,BA,1,1,5,3,1,1,3,00,00,01,11,$020B,09,1719,1,
FRAME,2330,C74E,-,C5,BB,BA,1,1,5,3,1,1,3,00,00,01,,,,,1719,1,
RNG,2331,C535,-,C5,BB,BA,1,1,5,3,1,1,3,00,00,01,C535,,,1719,1,
FRAME,2331,C74A,-,98,7B,BB,0,0,0,7,1,1,3,00,00,01,,,,,1719,1,
RNG,2332,C535,-,98,7B,BB,0,0,0,7,1,1,3,00,00,01,C535,,,1719,1,
FRAME,2332,C74E,-,6A,93,BC,0,2,2,1,1,1,3,00,00,01,,,,,1719,1,
RNG,2333,C535,-,6A,93,BC,0,2,2,1,1,1,3,00,00,01,C535,,,1719,1,
C726,2333,C726,-,4D,63,BD,1,1,5,6,1,1,3,00,00,01,C726,,,1720,1,
OBJECT,2333,E062,-,4D,63,BD,1,1,5,6,1,1,3,00,00,01,12,$020C,26,1720,1,
FRAME,2333,E062,-,4D,63,BD,1,1,5,6,1,1,3,00,00,01,,,,,1720,1,
RNG,2334,C535,-,4D,63,BD,1,1,5,6,1,1,3,00,00,01,C535,,,1720,1,
C726,2334,C726,-,2F,54,BE,1,3,7,5,1,1,3,00,00,01,C726,,,1721,1,
C726,2334,C726,-,2F,54,BE,1,3,7,5,1,1,3,00,00,01,C726,,,1722,1,
C726,2334,C726,-,2F,54,BE,1,3,7,5,1,1,3,00,00,01,C726,,,1723,1,
C726,2334,C726,-,2F,54,BE,1,3,7,5,1,1,3,00,00,01,C726,,,1724,1,
C726,2334,C726,-,2F,54,BE,1,3,7,5,1,1,3,00,00,01,C726,,,1725,1,
C726,2334,C726,-,2F,54,BE,1,3,7,5,1,1,3,00,00,01,C726,,,1726,1,
OBJECT,2334,C74C,-,2F,54,BE,1,3,7,5,1,1,3,00,00,01,13,$020D,5E,1726,1,
OBJECT,2334,C74C,-,2F,54,BE,1,3,7,5,1,1,3,00,00,01,14,$020E,5A,1726,1,
OBJECT,2334,C74C,-,2F,54,BE,1,3,7,5,1,1,3,00,00,01,15,$020F,45,1726,1,
OBJECT,2334,C74C,-,2F,54,BE,1,3,7,5,1,1,3,00,00,01,16,$0210,01,1726,1,
OBJECT,2334,C74C,-,2F,54,BE,1,3,7,5,1,1,3,00,00,01,17,$0211,4B,1726,1,
OBJECT,2334,C74C,-,2F,54,BE,1,3,7,5,1,1,3,00,00,01,18,$0212,09,1726,1,
FRAME,2334,C74C,-,2F,54,BE,1,3,7,5,1,1,3,00,00,01,,,,,1726,1,
RNG,2335,C535,-,2F,54,BE,1,3,7,5,1,1,3,00,00,01,C535,,,1726,1,
FRAME,2335,C74C,-,22,01,BF,0,2,2,0,1,1,3,00,00,01,,,,,1726,1,
RNG,2336,C535,-,22,01,BF,0,2,2,0,1,1,3,00,00,01,C535,,,1726,1,
FRAME,2336,C74E,-,14,D0,C0,0,0,4,5,1,1,3,00,00,01,,,,,1726,1,
RNG,2337,C535,-,14,D0,C0,0,0,4,5,1,1,3,00,00,01,C535,,,1726,1,
C726,2337,C726,-,E5,D7,C1,1,1,5,5,1,1,3,00,00,01,C726,,,1727,1,
OBJECT,2337,E034,-,E5,D7,C1,1,1,5,5,1,1,3,00,00,01,19,$0213,26,1727,1,
FRAME,2337,E034,-,E5,D7,C1,1,1,5,5,1,1,3,00,00,01,,,,,1727,1,
RNG,2338,C535,-,E5,D7,C1,1,1,5,5,1,1,3,00,00,01,C535,,,1727,1,
C726,2338,C726,-,B5,A0,C2,1,1,5,2,1,1,3,00,00,01,C726,,,1728,1,
C726,2338,C726,-,B5,A0,C2,1,1,5,2,1,1,3,00,00,01,C726,,,1729,1,
C726,2338,C726,-,B5,A0,C2,1,1,5,2,1,1,3,00,00,01,C726,,,1730,1,
C726,2338,C726,-,B5,A0,C2,1,1,5,2,1,1,3,00,00,01,C726,,,1731,1,
C726,2338,C726,-,B5,A0,C2,1,1,5,2,1,1,3,00,00,01,C726,,,1732,1,
C726,2338,C726,-,B5,A0,C2,1,1,5,2,1,1,3,00,00,01,C726,,,1733,1,
OBJECT,2338,C74E,-,B5,A0,C2,1,1,5,2,1,1,3,00,00,01,20,$0214,5E,1733,1,
OBJECT,2338,C74E,-,B5,A0,C2,1,1,5,2,1,1,3,00,00,01,21,$0215,5A,1733,1,
OBJECT,2338,C74E,-,B5,A0,C2,1,1,5,2,1,1,3,00,00,01,22,$0216,45,1733,1,
OBJECT,2338,C74E,-,B5,A0,C2,1,1,5,2,1,1,3,00,00,01,23,$0217,01,1733,1,
OBJECT,2338,C74E,-,B5,A0,C2,1,1,5,2,1,1,3,00,00,01,24,$0218,4B,1733,1,
OBJECT,2338,C74E,-,B5,A0,C2,1,1,5,2,1,1,3,00,00,01,25,$0219,09,1733,1,
FRAME,2338,C74E,-,B5,A0,C2,1,1,5,2,1,1,3,00,00,01,,,,,1733,1,
RNG,2339,C535,-,B5,A0,C2,1,1,5,2,1,1,3,00,00,01,C535,,,1733,1,
FRAME,2339,C74C,-,96,94,C3,0,2,6,1,1,1,3,00,00,01,,,,,1733,1,
RNG,2340,C535,-,96,94,C3,0,2,6,1,1,1,3,00,00,01,C535,,,1733,1,
FRAME,2340,C74A,-,76,24,C4,0,2,6,2,1,1,3,00,00,01,,,,,1733,1,
RNG,2341,C535,-,76,24,C4,0,2,6,2,1,1,3,00,00,01,C535,,,1733,1,
FRAME,2341,C74C,-,67,42,C5,1,3,7,4,1,1,3,00,00,01,,,,,1733,1,
RNG,2342,C535,-,67,42,C5,1,3,7,4,1,1,3,00,00,01,C535,,,1733,1,
C726,2342,C726,-,57,E4,C6,1,3,7,6,1,1,3,00,00,01,C726,,,1734,1,
C726,2342,C726,-,57,E4,C6,1,3,7,6,1,1,3,00,00,01,C726,,,1735,1,
C726,2342,C726,-,57,E4,C6,1,3,7,6,1,1,3,00,00,01,C726,,,1736,1,
C726,2342,C726,-,57,E4,C6,1,3,7,6,1,1,3,00,00,01,C726,,,1737,1,
C726,2342,C726,-,57,E4,C6,1,3,7,6,1,1,3,00,00,01,C726,,,1738,1,
C726,2342,C726,-,57,E4,C6,1,3,7,6,1,1,3,00,00,01,C726,,,1739,1,
C726,2342,C726,-,57,E4,C6,1,3,7,6,1,1,3,00,00,01,C726,,,1740,1,
OBJECT,2342,C74A,-,57,E4,C6,1,3,7,6,1,1,3,00,00,01,26,$021A,26,1740,1,
OBJECT,2342,C74A,-,57,E4,C6,1,3,7,6,1,1,3,00,00,01,27,$021B,5E,1740,1,
OBJECT,2342,C74A,-,57,E4,C6,1,3,7,6,1,1,3,00,00,01,28,$021C,5A,1740,1,
OBJECT,2342,C74A,-,57,E4,C6,1,3,7,6,1,1,3,00,00,01,29,$021D,45,1740,1,
OBJECT,2342,C74A,-,57,E4,C6,1,3,7,6,1,1,3,00,00,01,30,$021E,01,1740,1,
OBJECT,2342,C74A,-,57,E4,C6,1,3,7,6,1,1,3,00,00,01,31,$021F,4B,1740,1,
OBJECT,2342,C74A,-,57,E4,C6,1,3,7,6,1,1,3,00,00,01,32,$0220,09,1740,1,
FRAME,2342,C74A,-,57,E4,C6,1,3,7,6,1,1,3,00,00,01,,,,,1740,1,
RNG,2343,C535,-,57,E4,C6,1,3,7,6,1,1,3,00,00,01,C535,,,1740,1,
FRAME,2343,C74E,-,29,AC,C7,1,1,1,2,1,1,3,00,00,01,,,,,1740,1,
RNG,2344,C535,-,29,AC,C7,1,1,1,2,1,1,3,00,00,01,C535,,,1740,1,
FRAME,2344,C74E,-,FC,4C,C8,0,0,4,4,1,1,3,00,00,01,,,,,1740,1,
RNG,2345,C535,-,FC,4C,C8,0,0,4,4,1,1,3,00,00,01,C535,,,1740,1,
FRAME,2345,C74C,-,DE,52,C9,0,2,6,5,1,1,3,00,00,01,,,,,1740,1,
RNG,2346,C535,-,DE,52,C9,0,2,6,5,1,1,3,00,00,01,C535,,,1740,1,
C726,2346,C726,-,C1,72,CA,1,1,1,7,1,1,3,00,00,01,C726,,,1741,1,
C726,2346,C726,-,C1,72,CA,1,1,1,7,1,1,3,00,00,01,C726,,,1742,1,
C726,2346,C726,-,C1,72,CA,1,1,1,7,1,1,3,00,00,01,C726,,,1743,1,
C726,2346,C726,-,C1,72,CA,1,1,1,7,1,1,3,00,00,01,C726,,,1744,1,
C726,2346,C726,-,C1,72,CA,1,1,1,7,1,1,3,00,00,01,C726,,,1745,1,
C726,2346,C726,-,C1,72,CA,1,1,1,7,1,1,3,00,00,01,C726,,,1746,1,
OBJECT,2346,C3FB,-,C1,72,CA,1,1,1,7,1,1,3,00,00,01,33,$0221,26,1746,1,
OBJECT,2346,C3FB,-,C1,72,CA,1,1,1,7,1,1,3,00,00,01,34,$0222,5E,1746,1,
OBJECT,2346,C3FB,-,C1,72,CA,1,1,1,7,1,1,3,00,00,01,35,$0223,5A,1746,1,
OBJECT,2346,C3FB,-,C1,72,CA,1,1,1,7,1,1,3,00,00,01,36,$0224,45,1746,1,
OBJECT,2346,C3FB,-,C1,72,CA,1,1,1,7,1,1,3,00,00,01,37,$0225,01,1746,1,
OBJECT,2346,C3FB,-,C1,72,CA,1,1,1,7,1,1,3,00,00,01,38,$0226,4B,1746,1,
FRAME,2346,C3FB,-,C1,72,CA,1,1,1,7,1,1,3,00,00,01,,,,,1746,1,
C726,2347,C726,-,C1,72,CA,1,1,1,7,0,1,3,00,00,01,C726,,,1747,1,
OBJECT,2347,C74C,-,C1,72,CA,1,1,1,7,0,1,3,00,00,01,39,$0227,09,1747,1,
FRAME,2347,C74C,-,C1,72,CA,1,1,1,7,0,1,3,00,00,01,,,,,1747,1,
RNG,2348,C535,-,C1,72,CA,1,1,1,7,1,2,3,00,00,01,C535,,,1747,1,
FRAME,2348,C74C,-,B3,13,CB,1,3,3,1,1,2,3,00,00,01,,,,,1747,1,
RNG,2349,C535,-,B3,13,CB,1,3,3,1,1,1,3,00,00,01,C535,,,1747,1,
FRAME,2349,C74E,-,A6,D9,CC,0,2,6,5,1,1,3,00,00,01,,,,,1747,1,
RNG,2350,C535,-,A6,D9,CC,0,2,6,5,1,1,3,00,00,01,C535,,,1747,1,
C726,2350,C726,-,A4,82,CD,0,0,4,0,1,1,3,00,00,01,C726,,,1748,1,
C726,2350,C726,-,A4,82,CD,0,0,4,0,1,1,3,00,00,01,C726,,,1749,1,
C726,2350,C726,-,A4,82,CD,0,0,4,0,1,1,3,00,00,01,C726,,,1750,1,
OBJECT,2350,B224,-,A4,82,CD,0,0,4,0,1,1,3,00,00,01,40,$0228,26,1750,1,
OBJECT,2350,B224,-,A4,82,CD,0,0,4,0,1,1,3,00,00,01,41,$0229,5E,1750,1,
OBJECT,2350,B224,-,A4,82,CD,0,0,4,0,1,1,3,00,00,01,42,$022A,5A,1750,1,
FRAME,2350,B224,-,A4,82,CD,0,0,4,0,1,1,3,00,00,01,,,,,1750,1,
RNG,2351,C535,-,A4,82,CD,0,0,4,0,1,1,3,00,00,01,C535,,,1750,1,
C726,2351,C726,-,78,82,CE,0,0,0,0,1,1,3,00,00,01,C726,,,1751,1,
C726,2351,C726,-,78,82,CE,0,0,0,0,1,1,3,00,00,01,C726,,,1752,1,
C726,2351,C726,-,78,82,CE,0,0,0,0,1,1,3,00,00,01,C726,,,1753,1,
C726,2351,C726,-,78,82,CE,0,0,0,0,1,1,3,00,00,01,C726,,,1754,1,
OBJECT,2351,C74C,-,78,82,CE,0,0,0,0,1,1,3,00,00,01,43,$022B,45,1754,1,
OBJECT,2351,C74C,-,78,82,CE,0,0,0,0,1,1,3,00,00,01,44,$022C,01,1754,1,
OBJECT,2351,C74C,-,78,82,CE,0,0,0,0,1,1,3,00,00,01,45,$022D,4B,1754,1,
OBJECT,2351,C74C,-,78,82,CE,0,0,0,0,1,1,3,00,00,01,46,$022E,09,1754,1,
FRAME,2351,C74C,-,78,82,CE,0,0,0,0,1,1,3,00,00,01,,,,,1754,1,
RNG,2352,C535,-,78,82,CE,0,0,0,0,1,1,3,00,00,01,C535,,,1754,1,
FRAME,2352,C74C,-,76,0F,CF,0,2,6,0,1,1,3,00,00,01,,,,,1754,1,
RNG,2353,C535,-,76,0F,CF,0,2,6,0,1,1,3,00,00,01,C535,,,1754,1,
FRAME,2353,C74C,-,5A,02,D0,0,2,2,0,1,1,3,00,00,01,,,,,1754,1,
RNG,2354,C535,-,5A,02,D0,0,2,2,0,1,1,3,00,00,01,C535,,,1754,1,
C726,2354,C726,-,58,05,D1,0,0,0,0,1,1,3,00,00,01,C726,,,1755,1,
OBJECT,2354,E034,-,58,05,D1,0,0,0,0,1,1,3,00,00,01,47,$022F,26,1755,1,
FRAME,2354,E034,-,58,05,D1,0,0,0,0,1,1,3,00,00,01,,,,,1755,1,
RNG,2355,C535,-,58,05,D1,0,0,0,0,1,1,3,00,00,01,C535,,,1755,1,
C726,2355,C726,-,4C,51,D2,0,0,4,5,1,1,3,00,00,01,C726,,,1756,1,
C726,2355,C726,-,4C,51,D2,0,0,4,5,1,1,3,00,00,01,C726,,,1757,1,
C726,2355,C726,-,4C,51,D2,0,0,4,5,1,1,3,00,00,01,C726,,,1758,1,
C726,2355,C726,-,4C,51,D2,0,0,4,5,1,1,3,00,00,01,C726,,,1759,1,
C726,2355,C726,-,4C,51,D2,0,0,4,5,1,1,3,00,00,01,C726,,,1760,1,
C726,2355,C726,-,4C,51,D2,0,0,4,5,1,1,3,00,00,01,C726,,,1761,1,
OBJECT,2355,C74A,-,4C,51,D2,0,0,4,5,1,1,3,00,00,01,48,$0230,5E,1761,1,
OBJECT,2355,C74A,-,4C,51,D2,0,0,4,5,1,1,3,00,00,01,49,$0231,5A,1761,1,
OBJECT,2355,C74A,-,4C,51,D2,0,0,4,5,1,1,3,00,00,01,50,$0232,45,1761,1,
OBJECT,2355,C74A,-,4C,51,D2,0,0,4,5,1,1,3,00,00,01,51,$0233,01,1761,1,
OBJECT,2355,C74A,-,4C,51,D2,0,0,4,5,1,1,3,00,00,01,52,$0234,4B,1761,1,
OBJECT,2355,C74A,-,4C,51,D2,0,0,4,5,1,1,3,00,00,01,53,$0235,09,1761,1,
FRAME,2355,C74A,-,4C,51,D2,0,0,4,5,1,1,3,00,00,01,,,,,1761,1,
RNG,2356,C535,-,4C,51,D2,0,0,4,5,1,1,3,00,00,01,C535,,,1761,1,
FRAME,2356,C74A,-,4A,29,D3,0,2,2,2,1,1,3,00,00,01,,,,,1761,1,
RNG,2357,C535,-,4A,29,D3,0,2,2,2,1,1,3,00,00,01,C535,,,1761,1,
FRAME,2357,C74E,-,1F,BE,D4,1,3,7,3,1,1,3,00,00,01,,,,,1761,1,
RNG,2358,C535,-,1F,BE,D4,1,3,7,3,1,1,3,00,00,01,C535,,,1761,1,
C726,2358,C726,-,1D,60,D5,1,1,5,6,1,1,3,00,00,01,C726,,,1762,1,
OBJECT,2358,E05F,-,1D,60,D5,1,1,5,6,1,1,3,00,00,01,54,$0236,26,1762,1,
FRAME,2358,E05F,-,1D,60,D5,1,1,5,6,1,1,3,00,00,01,,,,,1762,1,
RNG,2359,C535,-,1D,60,D5,1,1,5,6,1,1,3,00,00,01,C535,,,1762,1,
C726,2359,C726,-,02,28,D6,0,2,2,2,1,1,3,00,00,01,C726,,,1763,1,
C726,2359,C726,-,02,28,D6,0,2,2,2,1,1,3,00,00,01,C726,,,1764,1,
C726,2359,C726,-,02,28,D6,0,2,2,2,1,1,3,00,00,01,C726,,,1765,1,
C726,2359,C726,-,02,28,D6,0,2,2,2,1,1,3,00,00,01,C726,,,1766,1,
C726,2359,C726,-,02,28,D6,0,2,2,2,1,1,3,00,00,01,C726,,,1767,1,
C726,2359,C726,-,02,28,D6,0,2,2,2,1,1,3,00,00,01,C726,,,1768,1,
OBJECT,2359,C74C,-,02,28,D6,0,2,2,2,1,1,3,00,00,01,55,$0237,5E,1768,1,
OBJECT,2359,C74C,-,02,28,D6,0,2,2,2,1,1,3,00,00,01,56,$0238,5A,1768,1,
OBJECT,2359,C74C,-,02,28,D6,0,2,2,2,1,1,3,00,00,01,57,$0239,45,1768,1,
OBJECT,2359,C74C,-,02,28,D6,0,2,2,2,1,1,3,00,00,01,58,$023A,01,1768,1,
OBJECT,2359,C74C,-,02,28,D6,0,2,2,2,1,1,3,00,00,01,59,$023B,4B,1768,1,
OBJECT,2359,C74C,-,02,28,D6,0,2,2,2,1,1,3,00,00,01,60,$023C,09,1768,1,
FRAME,2359,C74C,-,02,28,D6,0,2,2,2,1,1,3,00,00,01,,,,,1768,1,
RNG,2360,C535,-,02,28,D6,0,2,2,2,1,1,3,00,00,01,C535,,,1768,1,
FRAME,2360,C74C,-,00,C8,D7,0,0,0,4,1,1,3,00,00,01,,,,,1768,1,
RNG,2361,C535,-,00,C8,D7,0,0,0,4,1,1,3,00,00,01,C535,,,1768,1,
FRAME,2361,C74A,-,F5,CE,D8,1,1,5,4,1,1,3,00,00,01,,,,,1768,1,
RNG,2362,C535,-,F5,CE,D8,1,1,5,4,1,1,3,00,00,01,C535,,,1768,1,
FRAME,2362,C74C,-,E3,EE,D9,1,3,3,6,1,1,3,00,00,01,,,,,1768,1,
RNG,2363,C535,-,E3,EE,D9,1,3,3,6,1,1,3,00,00,01,C535,,,1768,1,
C726,2363,C726,-,E8,39,DA,0,0,0,3,1,1,3,00,00,01,C726,,,1769,1,
C726,2363,C726,-,E8,39,DA,0,0,0,3,1,1,3,00,00,01,C726,,,1770,1,
C726,2363,C726,-,E8,39,DA,0,0,0,3,1,1,3,00,00,01,C726,,,1771,1,
C726,2363,C726,-,E8,39,DA,0,0,0,3,1,1,3,00,00,01,C726,,,1772,1,
C726,2363,C726,-,E8,39,DA,0,0,0,3,1,1,3,00,00,01,C726,,,1773,1,
C726,2363,C726,-,E8,39,DA,0,0,0,3,1,1,3,00,00,01,C726,,,1774,1,
C726,2363,C726,-,E8,39,DA,0,0,0,3,1,1,3,00,00,01,C726,,,1775,1,
OBJECT,2363,C74C,-,E8,39,DA,0,0,0,3,1,1,3,00,00,01,0,$0200,45,1775,1,
OBJECT,2363,C74C,-,E8,39,DA,0,0,0,3,1,1,3,00,00,01,1,$0201,01,1775,1,
OBJECT,2363,C74C,-,E8,39,DA,0,0,0,3,1,1,3,00,00,01,2,$0202,4B,1775,1,
OBJECT,2363,C74C,-,E8,39,DA,0,0,0,3,1,1,3,00,00,01,3,$0203,09,1775,1,
OBJECT,2363,C74C,-,E8,39,DA,0,0,0,3,1,1,3,00,00,01,61,$023D,26,1775,1,
OBJECT,2363,C74C,-,E8,39,DA,0,0,0,3,1,1,3,00,00,01,62,$023E,5E,1775,1,
OBJECT,2363,C74C,-,E8,39,DA,0,0,0,3,1,1,3,00,00,01,63,$023F,5A,1775,1,
FRAME,2363,C74C,-,E8,39,DA,0,0,0,3,1,1,3,00,00,01,,,,,1775,1,
RNG,2364,C535,-,E8,39,DA,0,0,0,3,1,1,3,00,00,01,C535,,,1775,1,
FRAME,2364,C74A,-,EB,33,DB,1,3,3,3,1,1,3,00,00,01,,,,,1775,1,
RNG,2365,C535,-,EB,33,DB,1,3,3,3,1,1,3,00,00,01,C535,,,1775,1,
FRAME,2365,C74A,-,98,DC,DC,0,0,0,5,1,1,3,00,00,01,,,,,1775,1,
RNG,2366,C535,-,98,DC,DC,0,0,0,5,1,1,3,00,00,01,C535,,,1775,1,
FRAME,2366,C74C,-,9D,DC,DD,1,1,5,5,1,1,3,00,00,01,,,,,1775,1,
RNG,2367,C535,-,9D,DC,DD,1,1,5,5,1,1,3,00,00,01,C535,,,1775,1,
C726,2367,C726,-,A0,69,DE,0,0,0,6,1,1,3,00,00,01,C726,,,1776,1,
C726,2367,C726,-,A0,69,DE,0,0,0,6,1,1,3,00,00,01,C726,,,1777,1,
C726,2367,C726,-,A0,69,DE,0,0,0,6,1,1,3,00,00,01,C726,,,1778,1,
C726,2367,C726,-,A0,69,DE,0,0,0,6,1,1,3,00,00,01,C726,,,1779,1,
C726,2367,C726,-,A0,69,DE,0,0,0,6,1,1,3,00,00,01,C726,,,1780,1,
OBJECT,2367,C19D,-,A0,69,DE,0,0,0,6,1,1,3,00,00,01,4,$0204,26,1780,1,
OBJECT,2367,C19D,-,A0,69,DE,0,0,0,6,1,1,3,00,00,01,5,$0205,5E,1780,1,
OBJECT,2367,C19D,-,A0,69,DE,0,0,0,6,1,1,3,00,00,01,6,$0206,5A,1780,1,
OBJECT,2367,C19D,-,A0,69,DE,0,0,0,6,1,1,3,00,00,01,7,$0207,45,1780,1,
OBJECT,2367,C19D,-,A0,69,DE,0,0,0,6,1,1,3,00,00,01,8,$0208,01,1780,1,
FRAME,2367,C19D,-,A0,69,DE,0,0,0,6,1,1,3,00,00,01,,,,,1780,1,
RNG,2368,C535,-,A0,69,DE,0,0,0,6,1,1,3,00,00,01,C535,,,1780,1,
C726,2368,C726,-,69,5C,DF,1,1,1,5,1,1,3,00,00,01,C726,,,1781,1,
C726,2368,C726,-,69,5C,DF,1,1,1,5,1,1,3,00,00,01,C726,,,1782,1,
OBJECT,2368,C74A,-,69,5C,DF,1,1,1,5,1,1,3,00,00,01,9,$0209,4B,1782,1,
OBJECT,2368,C74A,-,69,5C,DF,1,1,1,5,1,1,3,00,00,01,10,$020A,09,1782,1,
FRAME,2368,C74A,-,69,5C,DF,1,1,1,5,1,1,3,00,00,01,,,,,1782,1,
RNG,2369,C535,-,69,5C,DF,1,1,1,5,1,1,3,00,00,01,C535,,,1782,1,
FRAME,2369,C74A,-,6B,5F,E0,1,3,3,5,1,1,3,00,00,01,,,,,1782,1,
RNG,2370,C535,-,6B,5F,E0,1,3,3,5,1,1,3,00,00,01,C535,,,1782,1,
FRAME,2370,C74C,-,3B,AB,E1,1,3,3,2,1,1,3,00,00,01,,,,,1782,1,
RNG,2371,C535,-,3B,AB,E1,1,3,3,2,1,1,3,00,00,01,C535,,,1782,1,
C726,2371,C726,-,59,83,E2,1,1,1,0,1,1,3,00,00,01,C726,,,1783,1,
C726,2371,C726,-,59,83,E2,1,1,1,0,1,1,3,00,00,01,C726,,,1784,1,
C726,2371,C726,-,59,83,E2,1,1,1,0,1,1,3,00,00,01,C726,,,1785,1,
OBJECT,2371,B223,-,59,83,E2,1,1,1,0,1,1,3,00,00,01,11,$020B,26,1785,1,
OBJECT,2371,B223,-,59,83,E2,1,1,1,0,1,1,3,00,00,01,12,$020C,5E,1785,1,
OBJECT,2371,B223,-,59,83,E2,1,1,1,0,1,1,3,00,00,01,13,$020D,5A,1785,1,
FRAME,2371,B223,-,59,83,E2,1,1,1,0,1,1,3,00,00,01,,,,,1785,1,
RNG,2372,C535,-,59,83,E2,1,1,1,0,1,1,3,00,00,01,C535,,,1785,1,
C726,2372,C726,-,02,18,E3,0,2,2,1,1,1,3,00,00,01,C726,,,1786,1,
C726,2372,C726,-,02,18,E3,0,2,2,1,1,1,3,00,00,01,C726,,,1787,1,
C726,2372,C726,-,02,18,E3,0,2,2,1,1,1,3,00,00,01,C726,,,1788,1,
C726,2372,C726,-,02,18,E3,0,2,2,1,1,1,3,00,00,01,C726,,,1789,1,
OBJECT,2372,C74C,-,02,18,E3,0,2,2,1,1,1,3,00,00,01,14,$020E,45,1789,1,
OBJECT,2372,C74C,-,02,18,E3,0,2,2,1,1,1,3,00,00,01,15,$020F,01,1789,1,
OBJECT,2372,C74C,-,02,18,E3,0,2,2,1,1,1,3,00,00,01,16,$0210,4B,1789,1,
OBJECT,2372,C74C,-,02,18,E3,0,2,2,1,1,1,3,00,00,01,17,$0211,09,1789,1,
FRAME,2372,C74C,-,02,18,E3,0,2,2,1,1,1,3,00,00,01,,,,,1789,1,
RNG,2373,C535,-,02,18,E3,0,2,2,1,1,1,3,00,00,01,C535,,,1789,1,
FRAME,2373,C74C,-,02,C1,E4,0,2,2,4,1,1,3,00,00,01,,,,,1789,1,
RNG,2374,C535,-,02,C1,E4,0,2,2,4,1,1,3,00,00,01,C535,,,1789,1,
FRAME,2374,C74C,-,8F,F6,E5,1,3,7,7,1,1,3,00,00,01,,,,,1789,1,
RNG,2375,C535,-,8F,F6,E5,1,3,7,7,1,1,3,00,00,01,C535,,,1789,1,
C726,2375,C726,-,94,16,E6,0,0,4,1,1,1,3,00,00,01,C726,,,1790,1,
OBJECT,2375,E022,-,94,16,E6,0,0,4,1,1,1,3,00,00,01,18,$0212,26,1790,1,
FRAME,2375,E022,-,94,16,E6,0,0,4,1,1,1,3,00,00,01,,,,,1790,1,
RNG,2376,C535,-,94,16,E6,0,0,4,1,1,1,3,00,00,01,C535,,,1790,1,
C726,2376,C726,-,97,3C,E7,1,3,7,3,1,1,3,00,00,01,C726,,,1791,1,
C726,2376,C726,-,97,3C,E7,1,3,7,3,1,1,3,00,00,01,C726,,,1792,1,
C726,2376,C726,-,97,3C,E7,1,3,7,3,1,1,3,00,00,01,C726,,,1793,1,
C726,2376,C726,-,97,3C,E7,1,3,7,3,1,1,3,00,00,01,C726,,,1794,1,
C726,2376,C726,-,97,3C,E7,1,3,7,3,1,1,3,00,00,01,C726,,,1795,1,
OBJECT,2376,C74C,-,97,3C,E7,1,3,7,3,1,1,3,00,00,01,19,$0213,5E,1795,1,
OBJECT,2376,C74C,-,97,3C,E7,1,3,7,3,1,1,3,00,00,01,20,$0214,5A,1795,1,
OBJECT,2376,C74C,-,97,3C,E7,1,3,7,3,1,1,3,00,00,01,21,$0215,01,1795,1,
OBJECT,2376,C74C,-,97,3C,E7,1,3,7,3,1,1,3,00,00,01,22,$0216,4B,1795,1,
OBJECT,2376,C74C,-,97,3C,E7,1,3,7,3,1,1,3,00,00,01,23,$0217,09,1795,1,
FRAME,2376,C74C,-,97,3C,E7,1,3,7,3,1,1,3,00,00,01,,,,,1795,1,
RNG,2377,C535,-,97,3C,E7,1,3,7,3,1,1,3,00,00,01,C535,,,1795,1,
FRAME,2377,C74E,-,44,03,E8,0,0,4,0,1,1,3,00,00,01,,,,,1795,1,
RNG,2378,C535,-,44,03,E8,0,0,4,0,1,1,3,00,00,01,C535,,,1795,1,
FRAME,2378,C74C,-,47,AC,E9,1,3,7,2,1,1,3,00,00,01,,,,,1795,1,
RNG,2379,C535,-,47,AC,E9,1,3,7,2,1,1,3,00,00,01,C535,,,1795,1,
C726,2379,C726,-,4A,AC,EA,0,2,2,2,1,1,3,00,00,01,C726,,,1796,1,
OBJECT,2379,E05F,-,4A,AC,EA,0,2,2,2,1,1,3,00,00,01,24,$0218,26,1796,1,
FRAME,2379,E05F,-,4A,AC,EA,0,2,2,2,1,1,3,00,00,01,,,,,1796,1,
RNG,2380,C535,-,4A,AC,EA,0,2,2,2,1,1,3,00,00,01,C535,,,1796,1,
C726,2380,C726,-,1A,31,EB,0,2,2,3,1,1,3,00,00,01,C726,,,1797,1,
C726,2380,C726,-,1A,31,EB,0,2,2,3,1,1,3,00,00,01,C726,,,1798,1,
C726,2380,C726,-,1A,31,EB,0,2,2,3,1,1,3,00,00,01,C726,,,1799,1,
C726,2380,C726,-,1A,31,EB,0,2,2,3,1,1,3,00,00,01,C726,,,1800,1,
C726,2380,C726,-,1A,31,EB,0,2,2,3,1,1,3,00,00,01,C726,,,1801,1,
OBJECT,2380,C74C,-,1A,31,EB,0,2,2,3,1,1,3,00,00,01,25,$0219,5E,1801,1,
OBJECT,2380,C74C,-,1A,31,EB,0,2,2,3,1,1,3,00,00,01,26,$021A,5A,1801,1,
OBJECT,2380,C74C,-,1A,31,EB,0,2,2,3,1,1,3,00,00,01,27,$021B,01,1801,1,
OBJECT,2380,C74C,-,1A,31,EB,0,2,2,3,1,1,3,00,00,01,28,$021C,4B,1801,1,
OBJECT,2380,C74C,-,1A,31,EB,0,2,2,3,1,1,3,00,00,01,29,$021D,09,1801,1,
FRAME,2380,C74C,-,1A,31,EB,0,2,2,3,1,1,3,00,00,01,,,,,1801,1,
RNG,2381,C535,-,1A,31,EB,0,2,2,3,1,1,3,00,00,01,C535,,,1801,1,
FRAME,2381,C74E,-,1D,FE,EC,1,1,5,7,1,1,3,00,00,01,,,,,1801,1,
RNG,2382,C535,-,1D,FE,EC,1,1,5,7,1,1,3,00,00,01,C535,,,1801,1,
FRAME,2382,C74A,-,69,83,ED,1,1,1,0,1,1,3,00,00,01,,,,,1801,1,
RNG,2383,C535,-,69,83,ED,1,1,1,0,1,1,3,00,00,01,C535,,,1801,1,
C726,2383,C726,-,2F,51,EE,1,3,7,5,1,1,3,00,00,01,C726,,,1802,1,
OBJECT,2383,E065,-,2F,51,EE,1,3,7,5,1,1,3,00,00,01,30,$021E,26,1802,1,
FRAME,2383,E065,-,2F,51,EE,1,3,7,5,1,1,3,00,00,01,,,,,1802,1,
RNG,2384,C535,-,2F,51,EE,1,3,7,5,1,1,3,00,00,01,C535,,,1802,1,
C726,2384,C726,-,B1,D6,EF,1,1,1,5,1,1,3,00,00,01,C726,,,1803,1,
C726,2384,C726,-,B1,D6,EF,1,1,1,5,1,1,3,00,00,01,C726,,,1804,1,
C726,2384,C726,-,B1,D6,EF,1,1,1,5,1,1,3,00,00,01,C726,,,1805,1,
C726,2384,C726,-,B1,D6,EF,1,1,1,5,1,1,3,00,00,01,C726,,,1806,1,
C726,2384,C726,-,B1,D6,EF,1,1,1,5,1,1,3,00,00,01,C726,,,1807,1,
C726,2384,C726,-,B1,D6,EF,1,1,1,5,1,1,3,00,00,01,C726,,,1808,1,
OBJECT,2384,C74E,-,B1,D6,EF,1,1,1,5,1,1,3,00,00,01,31,$021F,5E,1808,1,
OBJECT,2384,C74E,-,B1,D6,EF,1,1,1,5,1,1,3,00,00,01,32,$0220,45,1808,1,
OBJECT,2384,C74E,-,B1,D6,EF,1,1,1,5,1,1,3,00,00,01,33,$0221,5A,1808,1,
OBJECT,2384,C74E,-,B1,D6,EF,1,1,1,5,1,1,3,00,00,01,34,$0222,01,1808,1,
OBJECT,2384,C74E,-,B1,D6,EF,1,1,1,5,1,1,3,00,00,01,35,$0223,4B,1808,1,
OBJECT,2384,C74E,-,B1,D6,EF,1,1,1,5,1,1,3,00,00,01,36,$0224,09,1808,1,
FRAME,2384,C74E,-,B1,D6,EF,1,1,1,5,1,1,3,00,00,01,,,,,1808,1,
RNG,2385,C535,-,B1,D6,EF,1,1,1,5,1,1,3,00,00,01,C535,,,1808,1,
FRAME,2385,C74C,-,7A,A5,F0,0,2,2,2,1,1,3,00,00,01,,,,,1808,1,
RNG,2386,C535,-,7A,A5,F0,0,2,2,2,1,1,3,00,00,01,C535,,,1808,1,
FRAME,2386,C74C,-,7B,2A,F1,1,3,3,2,1,1,3,00,00,01,,,,,1808,1,
RNG,2387,C535,-,7B,2A,F1,1,3,3,2,1,1,3,00,00,01,C535,,,1808,1,
C726,2387,C726,-,4B,FA,F2,1,3,3,7,1,1,3,00,00,01,C726,,,1809,1,
OBJECT,2387,E031,-,4B,FA,F2,1,3,3,7,1,1,3,00,00,01,37,$0225,26,1809,1,
FRAME,2387,E031,-,4B,FA,F2,1,3,3,7,1,1,3,00,00,01,,,,,1809,1,
RNG,2388,C535,-,4B,FA,F2,1,3,3,7,1,1,3,00,00,01,C535,,,1809,1,
C726,2388,C726,-,4E,7F,F3,0,2,6,7,1,1,3,00,00,01,C726,,,1810,1,
C726,2388,C726,-,4E,7F,F3,0,2,6,7,1,1,3,00,00,01,C726,,,1811,1,
C726,2388,C726,-,4E,7F,F3,0,2,6,7,1,1,3,00,00,01,C726,,,1812,1,
C726,2388,C726,-,4E,7F,F3,0,2,6,7,1,1,3,00,00,01,C726,,,1813,1,
C726,2388,C726,-,4E,7F,F3,0,2,6,7,1,1,3,00,00,01,C726,,,1814,1,
C726,2388,C726,-,4E,7F,F3,0,2,6,7,1,1,3,00,00,01,C726,,,1815,1,
OBJECT,2388,C74A,-,4E,7F,F3,0,2,6,7,1,1,3,00,00,01,38,$0226,5E,1815,1,
OBJECT,2388,C74A,-,4E,7F,F3,0,2,6,7,1,1,3,00,00,01,39,$0227,45,1815,1,
OBJECT,2388,C74A,-,4E,7F,F3,0,2,6,7,1,1,3,00,00,01,40,$0228,5A,1815,1,
OBJECT,2388,C74A,-,4E,7F,F3,0,2,6,7,1,1,3,00,00,01,41,$0229,01,1815,1,
OBJECT,2388,C74A,-,4E,7F,F3,0,2,6,7,1,1,3,00,00,01,42,$022A,4B,1815,1,
OBJECT,2388,C74A,-,4E,7F,F3,0,2,6,7,1,1,3,00,00,01,43,$022B,09,1815,1,
FRAME,2388,C74A,-,4E,7F,F3,0,2,6,7,1,1,3,00,00,01,,,,,1815,1,
RNG,2389,C535,-,4E,7F,F3,0,2,6,7,1,1,3,00,00,01,C535,,,1815,1,
FRAME,2389,C74E,-,9A,50,F4,0,2,2,5,1,1,3,00,00,01,,,,,1815,1,
RNG,2390,C535,-,9A,50,F4,0,2,2,5,1,1,3,00,00,01,C535,,,1815,1,
FRAME,2390,C74C,-,C8,D5,F5,0,0,0,5,1,1,3,00,00,01,,,,,1815,1,
RNG,2391,C535,-,C8,D5,F5,0,0,0,5,1,1,3,00,00,01,C535,,,1815,1,
FRAME,2391,C74A,-,4B,A7,F6,1,3,3,2,1,1,3,00,00,01,,,,,1815,1,
RNG,2392,C535,-,4B,A7,F6,1,3,3,2,1,1,3,00,00,01,C535,,,1815,1,
C726,2392,C726,-,14,07,F7,0,0,4,0,1,1,3,00,00,01,C726,,,1816,1,
C726,2392,C726,-,14,07,F7,0,0,4,0,1,1,3,00,00,01,C726,,,1817,1,
C726,2392,C726,-,14,07,F7,0,0,4,0,1,1,3,00,00,01,C726,,,1818,1,
C726,2392,C726,-,14,07,F7,0,0,4,0,1,1,3,00,00,02,C726,,,1819,1,
C726,2392,C726,-,14,07,F7,0,0,4,0,1,1,3,00,00,02,C726,,,1820,1,
C726,2392,C726,-,14,07,F7,0,0,4,0,1,1,3,00,00,03,C726,,,1821,1,
C726,2392,C726,-,14,07,F7,0,0,4,0,1,1,3,00,00,03,C726,,,1822,1,
OBJECT,2392,C74A,-,14,07,F7,0,0,4,0,1,1,3,00,00,03,44,$022C,26,1822,1,
OBJECT,2392,C74A,-,14,07,F7,0,0,4,0,1,1,3,00,00,03,45,$022D,5E,1822,1,
OBJECT,2392,C74A,-,14,07,F7,0,0,4,0,1,1,3,00,00,03,46,$022E,45,1822,1,
OBJECT,2392,C74A,-,14,07,F7,0,0,4,0,1,1,3,00,00,03,47,$022F,5A,1822,1,
OBJECT,2392,C74A,-,14,07,F7,0,0,4,0,1,1,3,00,00,03,48,$0230,01,1822,1,
OBJECT,2392,C74A,-,14,07,F7,0,0,4,0,1,1,3,00,00,03,49,$0231,4B,1822,1,
OBJECT,2392,C74A,-,14,07,F7,0,0,4,0,1,1,3,00,00,03,50,$0232,09,1822,1,
COUNTER,2392,C74A,-,14,07,F7,0,0,4,0,1,1,3,00,00,03,048B:01>03,,,1822,1,
FRAME,2392,C74A,-,14,07,F7,0,0,4,0,1,1,3,00,00,03,,,,,1822,1,
RNG,2393,C535,-,14,07,F7,0,0,4,0,1,1,3,00,00,03,C535,,,1822,1,
FRAME,2393,C74C,-,16,4A,F8,0,2,6,4,1,1,3,00,00,03,,,,,1822,1,
RNG,2394,C535,-,16,4A,F8,0,2,6,4,1,1,3,00,00,03,C535,,,1822,1,
FRAME,2394,C74A,-,E6,8E,F9,0,2,6,0,1,1,3,00,00,03,,,,,1822,1,
RNG,2395,C535,-,E6,8E,F9,0,2,6,0,1,1,3,00,00,03,C535,,,1822,1,
FRAME,2395,C74C,-,E9,E1,FA,1,1,1,6,1,1,3,00,00,03,,,,,1822,1,
RNG,2396,C535,-,E9,E1,FA,1,1,1,6,1,1,3,00,00,03,C535,,,1822,1,
C726,2396,C726,-,35,35,FB,1,1,5,3,1,1,3,00,00,03,C726,,,1823,1,
C726,2396,C726,-,35,35,FB,1,1,5,3,1,1,3,00,00,03,C726,,,1824,1,
C726,2396,C726,-,35,35,FB,1,1,5,3,1,1,3,00,00,03,C726,,,1825,1,
C726,2396,C726,-,35,35,FB,1,1,5,3,1,1,3,00,00,03,C726,,,1826,1,
C726,2396,C726,-,35,35,FB,1,1,5,3,1,1,3,00,00,03,C726,,,1827,1,
OBJECT,2396,C110,-,35,35,FB,1,1,5,3,1,1,3,00,00,04,51,$0233,26,1827,1,
OBJECT,2396,C110,-,35,35,FB,1,1,5,3,1,1,3,00,00,04,52,$0234,5E,1827,1,
OBJECT,2396,C110,-,35,35,FB,1,1,5,3,1,1,3,00,00,04,53,$0235,45,1827,1,
OBJECT,2396,C110,-,35,35,FB,1,1,5,3,1,1,3,00,00,04,54,$0236,5A,1827,1,
OBJECT,2396,C110,-,35,35,FB,1,1,5,3,1,1,3,00,00,04,55,$0237,01,1827,1,
COUNTER,2396,C110,-,35,35,FB,1,1,5,3,1,1,3,00,00,04,048B:03>04,,,1827,1,
FRAME,2396,C110,-,35,35,FB,1,1,5,3,1,1,3,00,00,04,,,,,1827,1,
C726,2397,C726,-,35,35,FB,1,1,5,3,0,1,3,00,00,04,C726,,,1828,1,
C726,2397,C726,-,35,35,FB,1,1,5,3,0,1,3,00,00,04,C726,,,1829,1,
OBJECT,2397,C74C,-,35,35,FB,1,1,5,3,0,1,3,00,00,04,56,$0238,4B,1829,1,
OBJECT,2397,C74C,-,35,35,FB,1,1,5,3,0,1,3,00,00,04,57,$0239,09,1829,1,
FRAME,2397,C74C,-,35,35,FB,1,1,5,3,0,1,3,00,00,04,,,,,1829,1,
RNG,2398,C535,-,35,35,FB,1,1,5,3,1,2,3,00,00,04,C535,,,1829,1,
FRAME,2398,C74E,-,97,98,FC,1,3,7,1,1,2,3,00,00,04,,,,,1829,1,
RNG,2399,C535,-,97,98,FC,1,3,7,1,1,1,3,00,00,04,C535,,,1829,1,
FRAME,2399,C74E,-,1A,FC,FD,0,2,2,7,1,1,3,00,00,04,,,,,1829,1,
RNG,2400,C535,-,1A,FC,FD,0,2,2,7,1,1,3,00,00,04,C535,,,1829,1,
C726,2400,C726,-,66,41,FE,0,2,6,4,1,1,3,00,00,04,C726,,,1830,1,
C726,2400,C726,-,66,41,FE,0,2,6,4,1,1,3,00,00,04,C726,,,1831,1,
C726,2400,C726,-,66,41,FE,0,2,6,4,1,1,3,00,00,04,C726,,,1832,1,
C726,2400,C726,-,66,41,FE,0,2,6,4,1,1,3,00,00,04,C726,,,1833,1,
OBJECT,2400,EFBD,-,66,41,FE,0,2,6,4,1,1,3,00,00,04,58,$023A,26,1833,1,
OBJECT,2400,EFBD,-,66,41,FE,0,2,6,4,1,1,3,00,00,04,59,$023B,5E,1833,1,
OBJECT,2400,EFBD,-,66,41,FE,0,2,6,4,1,1,3,00,00,04,60,$023C,45,1833,1,
OBJECT,2400,EFBD,-,66,41,FE,0,2,6,4,1,1,3,00,00,04,61,$023D,5A,1833,1,
FRAME,2400,EFBD,-,66,41,FE,0,2,6,4,1,1,3,00,00,04,,,,,1833,1,
RNG,2401,C535,-,66,41,FE,0,2,6,4,1,1,3,00,00,04,C535,,,1833,1,
C726,2401,C726,-,91,41,FF,1,1,1,4,1,1,3,00,00,04,C726,,,1834,1,
C726,2401,C726,-,91,41,FF,1,1,1,4,1,1,3,00,00,05,C726,,,1835,1,
C726,2401,C726,-,91,41,FF,1,1,1,4,1,1,3,00,00,05,C726,,,1836,1,
OBJECT,2401,C74E,-,91,41,FF,1,1,1,4,1,1,3,00,00,05,0,$0200,09,1836,1,
OBJECT,2401,C74E,-,91,41,FF,1,1,1,4,1,1,3,00,00,05,62,$023E,01,1836,1,
OBJECT,2401,C74E,-,91,41,FF,1,1,1,4,1,1,3,00,00,05,63,$023F,4B,1836,1,
COUNTER,2401,C74E,-,91,41,FF,1,1,1,4,1,1,3,00,00,05,048B:04>05,,,1836,1,
FRAME,2401,C74E,-,91,41,FF,1,1,1,4,1,1,3,00,00,05,,,,,1836,1,
RNG,2402,C535,-,91,41,FF,1,1,1,4,1,1,3,00,00,05,C535,,,1836,1,
FRAME,2402,C74C,-,14,96,00,0,0,4,1,1,1,3,00,00,05,,,,,1836,1,
RNG,2403,C535,-,14,96,00,0,0,4,1,1,1,3,00,00,05,C535,,,1836,1,
FRAME,2403,C74A,-,E4,23,01,0,0,4,2,1,1,3,00,00,05,,,,,1836,1,
RNG,2404,C535,-,E4,23,01,0,0,4,2,1,1,3,00,00,05,C535,,,1836,1,
C726,2404,C726,-,BF,F6,02,1,3,7,7,1,1,3,00,00,05,C726,,,1837,1,
OBJECT,2404,D0F1,-,BF,F6,02,1,3,7,7,1,1,3,00,00,05,1,$0201,26,1837,1,
FRAME,2404,D0F1,-,BF,F6,02,1,3,7,7,1,1,3,00,00,05,,,,,1837,1,
RNG,2405,C535,-,BF,F6,02,1,3,7,7,1,1,3,00,00,05,C535,,,1837,1,
C726,2405,C726,-,6C,FD,03,0,0,4,7,1,1,3,00,00,05,C726,,,1838,1,
C726,2405,C726,-,6C,FD,03,0,0,4,7,1,1,3,00,00,05,C726,,,1839,1,
C726,2405,C726,-,6C,FD,03,0,0,4,7,1,1,3,00,00,05,C726,,,1840,1,
C726,2405,C726,-,6C,FD,03,0,0,4,7,1,1,3,00,00,05,C726,,,1841,1,
C726,2405,C726,-,6C,FD,03,0,0,4,7,1,1,3,00,00,06,C726,,,1842,1,
C726,2405,C726,-,6C,FD,03,0,0,4,7,1,1,3,00,00,06,C726,,,1843,1,
OBJECT,2405,C74A,-,6C,FD,03,0,0,4,7,1,1,3,00,00,06,2,$0202,5E,1843,1,
OBJECT,2405,C74A,-,6C,FD,03,0,0,4,7,1,1,3,00,00,06,3,$0203,45,1843,1,
OBJECT,2405,C74A,-,6C,FD,03,0,0,4,7,1,1,3,00,00,06,4,$0204,5A,1843,1,
OBJECT,2405,C74A,-,6C,FD,03,0,0,4,7,1,1,3,00,00,06,5,$0205,01,1843,1,
OBJECT,2405,C74A,-,6C,FD,03,0,0,4,7,1,1,3,00,00,06,6,$0206,4B,1843,1,
OBJECT,2405,C74A,-,6C,FD,03,0,0,4,7,1,1,3,00,00,06,7,$0207,09,1843,1,
COUNTER,2405,C74A,-,6C,FD,03,0,0,4,7,1,1,3,00,00,06,048B:05>06,,,1843,1,
FRAME,2405,C74A,-,6C,FD,03,0,0,4,7,1,1,3,00,00,06,,,,,1843,1,
RNG,2406,C535,-,6C,FD,03,0,0,4,7,1,1,3,00,00,06,C535,,,1843,1,
FRAME,2406,C74C,-,97,8A,04,1,3,7,0,1,1,3,00,00,06,,,,,1843,1,
RNG,2407,C535,-,97,8A,04,1,3,7,0,1,1,3,00,00,06,C535,,,1843,1,
FRAME,2407,C74C,-,9E,65,05,0,2,6,6,1,1,3,00,00,06,,,,,1843,1,
RNG,2408,C535,-,9E,65,05,0,2,6,6,1,1,3,00,00,06,C535,,,1843,1,
FRAME,2408,C74E,-,6B,6C,06,1,3,3,6,1,1,3,00,00,06,,,,,1843,1,
RNG,2409,C535,-,6B,6C,06,1,3,3,6,1,1,3,00,00,06,C535,,,1843,1,
C726,2409,C726,-,EE,84,07,0,2,6,0,1,1,3,00,00,06,C726,,,1844,1,
C726,2409,C726,-,EE,84,07,0,2,6,0,1,1,3,00,00,06,C726,,,1845,1,
C726,2409,C726,-,EE,84,07,0,2,6,0,1,1,3,00,00,06,C726,,,1846,1,
C726,2409,C726,-,EE,84,07,0,2,6,0,1,1,3,00,00,06,C726,,,1847,1,
C726,2409,C726,-,EE,84,07,0,2,6,0,1,1,3,00,00,06,C726,,,1848,1,
C726,2409,C726,-,EE,84,07,0,2,6,0,1,1,3,00,00,07,C726,,,1849,1,
C726,2409,C726,-,EE,84,07,0,2,6,0,1,1,3,00,00,07,C726,,,1850,1,
OBJECT,2409,C74E,-,EE,84,07,0,2,6,0,1,1,3,00,00,07,8,$0208,26,1850,1,
OBJECT,2409,C74E,-,EE,84,07,0,2,6,0,1,1,3,00,00,07,9,$0209,5E,1850,1,
OBJECT,2409,C74E,-,EE,84,07,0,2,6,0,1,1,3,00,00,07,10,$020A,45,1850,1,
OBJECT,2409,C74E,-,EE,84,07,0,2,6,0,1,1,3,00,00,07,11,$020B,5A,1850,1,
OBJECT,2409,C74E,-,EE,84,07,0,2,6,0,1,1,3,00,00,07,12,$020C,01,1850,1,
OBJECT,2409,C74E,-,EE,84,07,0,2,6,0,1,1,3,00,00,07,13,$020D,4B,1850,1,
OBJECT,2409,C74E,-,EE,84,07,0,2,6,0,1,1,3,00,00,07,14,$020E,09,1850,1,
COUNTER,2409,C74E,-,EE,84,07,0,2,6,0,1,1,3,00,00,07,048B:06>07,,,1850,1,
FRAME,2409,C74E,-,EE,84,07,0,2,6,0,1,1,3,00,00,07,,,,,1850,1,
RNG,2410,C535,-,EE,84,07,0,2,6,0,1,1,3,00,00,07,C535,,,1850,1,
FRAME,2410,C74A,-,F5,ED,08,1,1,5,6,1,1,3,00,00,07,,,,,1850,1,
RNG,2411,C535,-,F5,ED,08,1,1,5,6,1,1,3,00,00,07,C535,,,1850,1,
FRAME,2411,C74C,-,85,F5,09,1,1,5,7,1,1,3,00,00,07,,,,,1850,1,
RNG,2412,C535,-,85,F5,09,1,1,5,7,1,1,3,00,00,07,C535,,,1850,1,
FRAME,2412,C74C,-,8C,82,0A,0,0,4,0,1,1,3,00,00,07,,,,,1850,1,
RNG,2413,C535,-,8C,82,0A,0,0,4,0,1,1,3,00,00,07,C535,,,1850,1,
C726,2413,C726,-,31,51,0B,1,1,1,5,1,1,3,00,00,07,C726,,,1851,1,
C726,2413,C726,-,31,51,0B,1,1,1,5,1,1,3,00,00,07,C726,,,1852,1,
C726,2413,C726,-,31,51,0B,1,1,1,5,1,1,3,00,00,07,C726,,,1853,1,
C726,2413,C726,-,31,51,0B,1,1,1,5,1,1,3,00,00,07,C726,,,1854,1,
C726,2413,C726,-,31,51,0B,1,1,1,5,1,1,3,00,00,07,C726,,,1855,1,
C726,2413,C726,-,31,51,0B,1,1,1,5,1,1,3,00,00,08,C726,,,1856,1,
C726,2413,C726,-,31,51,0B,1,1,1,5,1,1,3,00,00,08,C726,,,1857,1,
OBJECT,2413,C74E,-,31,51,0B,1,1,1,5,1,1,3,00,00,08,15,$020F,26,1857,1,
OBJECT,2413,C74E,-,31,51,0B,1,1,1,5,1,1,3,00,00,08,16,$0210,5E,1857,1,
OBJECT,2413,C74E,-,31,51,0B,1,1,1,5,1,1,3,00,00,08,17,$0211,45,1857,1,
OBJECT,2413,C74E,-,31,51,0B,1,1,1,5,1,1,3,00,00,08,18,$0212,5A,1857,1,
OBJECT,2413,C74E,-,31,51,0B,1,1,1,5,1,1,3,00,00,08,19,$0213,01,1857,1,
OBJECT,2413,C74E,-,31,51,0B,1,1,1,5,1,1,3,00,00,08,20,$0214,4B,1857,1,
OBJECT,2413,C74E,-,31,51,0B,1,1,1,5,1,1,3,00,00,08,21,$0215,09,1857,1,
COUNTER,2413,C74E,-,31,51,0B,1,1,1,5,1,1,3,00,00,08,048B:07>08,,,1857,1,
FRAME,2413,C74E,-,31,51,0B,1,1,1,5,1,1,3,00,00,08,,,,,1857,1,
RNG,2414,C535,-,31,51,0B,1,1,1,5,1,1,3,00,00,08,C535,,,1857,1,
FRAME,2414,C74E,-,10,58,0C,0,0,0,5,1,1,3,00,00,08,,,,,1857,1,
RNG,2415,C535,-,10,58,0C,0,0,0,5,1,1,3,00,00,08,C535,,,1857,1,
FRAME,2415,C74C,-,39,E5,0D,1,1,1,6,1,1,3,00,00,08,,,,,1857,1,
RNG,2416,C535,-,39,E5,0D,1,1,1,6,1,1,3,00,00,08,C535,,,1857,1,
FRAME,2416,C74C,-,40,BC,0E,0,0,0,3,1,1,3,00,00,08,,,,,1857,1,
RNG,2417,C535,-,40,BC,0E,0,0,0,3,1,1,3,00,00,08,C535,,,1857,1,
C726,2417,C726,-,8C,C3,0F,0,0,4,4,1,1,3,00,00,08,C726,,,1858,1,
C726,2417,C726,-,8C,C3,0F,0,0,4,4,1,1,3,00,00,08,C726,,,1859,1,
C726,2417,C726,-,8C,C3,0F,0,0,4,4,1,1,3,00,00,08,C726,,,1860,1,
C726,2417,C726,-,8C,C3,0F,0,0,4,4,1,1,3,00,00,08,C726,,,1861,1,
C726,2417,C726,-,8C,C3,0F,0,0,4,4,1,1,3,00,00,08,C726,,,1862,1,
C726,2417,C726,-,8C,C3,0F,0,0,4,4,1,1,3,00,00,09,C726,,,1863,1,
C726,2417,C726,-,8C,C3,0F,0,0,4,4,1,1,3,00,00,09,C726,,,1864,1,
OBJECT,2417,C74A,-,8C,C3,0F,0,0,4,4,1,1,3,00,00,09,22,$0216,26,1864,1,
OBJECT,2417,C74A,-,8C,C3,0F,0,0,4,4,1,1,3,00,00,09,23,$0217,5E,1864,1,
OBJECT,2417,C74A,-,8C,C3,0F,0,0,4,4,1,1,3,00,00,09,24,$0218,45,1864,1,
OBJECT,2417,C74A,-,8C,C3,0F,0,0,4,4,1,1,3,00,00,09,25,$0219,5A,1864,1,
OBJECT,2417,C74A,-,8C,C3,0F,0,0,4,4,1,1,3,00,00,09,26,$021A,01,1864,1,
OBJECT,2417,C74A,-,8C,C3,0F,0,0,4,4,1,1,3,00,00,09,27,$021B,4B,1864,1,
OBJECT,2417,C74A,-,8C,C3,0F,0,0,4,4,1,1,3,00,00,09,28,$021C,09,1864,1,
COUNTER,2417,C74A,-,8C,C3,0F,0,0,4,4,1,1,3,00,00,09,048B:08>09,,,1864,1,
FRAME,2417,C74A,-,8C,C3,0F,0,0,4,4,1,1,3,00,00,09,,,,,1864,1,
RNG,2418,C535,-,8C,C3,0F,0,0,4,4,1,1,3,00,00,09,C535,,,1864,1,
FRAME,2418,C74C,-,F8,50,10,0,0,0,5,1,1,3,00,00,09,,,,,1864,1,
RNG,2419,C535,-,F8,50,10,0,0,0,5,1,1,3,00,00,09,C535,,,1864,1,
FRAME,2419,C74E,-,79,2F,11,1,1,1,2,1,1,3,00,00,09,,,,,1864,1,
RNG,2420,C535,-,79,2F,11,1,1,1,2,1,1,3,00,00,09,C535,,,1864,1,
FRAME,2420,C74C,-,1E,36,12,0,2,6,3,1,1,3,00,00,09,,,,,1864,1,
RNG,2421,C535,-,1E,36,12,0,2,6,3,1,1,3,00,00,09,C535,,,1864,1,
C726,2421,C726,-,FD,DF,13,1,1,5,5,1,1,3,00,00,09,C726,,,1865,1,
C726,2421,C726,-,FD,DF,13,1,1,5,5,1,1,3,00,00,09,C726,,,1866,1,
C726,2421,C726,-,FD,DF,13,1,1,5,5,1,1,3,00,00,01,C726,,,1867,1,
OBJECT,2421,F036,-,FD,DF,13,1,1,5,5,1,1,3,00,00,01,29,$021D,26,1867,1,
OBJECT,2421,F036,-,FD,DF,13,1,1,5,5,1,1,3,00,00,01,30,$021E,5E,1867,1,
OBJECT,2421,F036,-,FD,DF,13,1,1,5,5,1,1,3,00,00,01,31,$021F,45,1867,1,
COUNTER,2421,F036,-,FD,DF,13,1,1,5,5,1,1,3,00,00,01,048B:09>01,,,1867,1,
FRAME,2421,F036,-,FD,DF,13,1,1,5,5,1,1,3,00,00,01,,,,,1867,1,
RNG,2422,C535,-,FD,DF,13,1,1,5,5,1,1,3,00,00,01,C535,,,1867,1,
C726,2422,C726,-,26,DF,14,0,2,6,5,1,1,3,00,00,01,C726,,,1868,1,
C726,2422,C726,-,26,DF,14,0,2,6,5,1,1,3,00,00,01,C726,,,1869,1,
C726,2422,C726,-,26,DF,14,0,2,6,5,1,1,3,00,00,01,C726,,,1870,1,
C726,2422,C726,-,26,DF,14,0,2,6,5,1,1,3,00,00,01,C726,,,1871,1,
OBJECT,2422,C74E,-,26,DF,14,0,2,6,5,1,1,3,00,00,01,32,$0220,5A,1871,1,
OBJECT,2422,C74E,-,26,DF,14,0,2,6,5,1,1,3,00,00,01,33,$0221,01,1871,1,
OBJECT,2422,C74E,-,26,DF,14,0,2,6,5,1,1,3,00,00,01,34,$0222,4B,1871,1,
OBJECT,2422,C74E,-,26,DF,14,0,2,6,5,1,1,3,00,00,01,35,$0223,09,1871,1,
FRAME,2422,C74E,-,26,DF,14,0,2,6,5,1,1,3,00,00,01,,,,,1871,1,
RNG,2423,C535,-,26,DF,14,0,2,6,5,1,1,3,00,00,01,C535,,,1871,1,
FRAME,2423,C74C,-,2D,6C,15,1,1,5,6,1,1,3,00,00,01,,,,,1871,1,
RNG,2424,C535,-,2D,6C,15,1,1,5,6,1,1,3,00,00,01,C535,,,1871,1,
FRAME,2424,C74E,-,65,60,16,1,1,5,6,1,1,3,00,00,01,,,,,1871,1,
RNG,2425,C535,-,65,60,16,1,1,5,6,1,1,3,00,00,01,C535,,,1871,1,
C726,2425,C726,-,4E,63,17,0,2,6,6,1,1,3,00,00,01,C726,,,1872,1,
C726,2425,C726,-,4E,63,17,0,2,6,6,1,1,3,00,00,01,C726,,,1873,1,
OBJECT,2425,FF19,-,4E,63,17,0,2,6,6,1,1,3,00,00,01,36,$0224,26,1873,1,
OBJECT,2425,FF19,-,4E,63,17,0,2,6,6,1,1,3,00,00,01,37,$0225,5E,1873,1,
FRAME,2425,FF19,-,4E,63,17,0,2,6,6,1,1,3,00,00,01,,,,,1873,1,
RNG,2426,C535,-,4E,63,17,0,2,6,6,1,1,3,00,00,01,C535,,,1873,1,
C726,2426,C726,-,57,F0,18,1,3,7,7,1,1,3,00,00,01,C726,,,1874,1,
C726,2426,C726,-,57,F0,18,1,3,7,7,1,1,3,00,00,01,C726,,,1875,1,
C726,2426,C726,-,57,F0,18,1,3,7,7,1,1,3,00,00,01,C726,,,1876,1,
C726,2426,C726,-,57,F0,18,1,3,7,7,1,1,3,00,00,01,C726,,,1877,1,
C726,2426,C726,-,57,F0,18,1,3,7,7,1,1,3,00,00,01,C726,,,1878,1,
OBJECT,2426,C74C,-,57,F0,18,1,3,7,7,1,1,3,00,00,01,38,$0226,45,1878,1,
OBJECT,2426,C74C,-,57,F0,18,1,3,7,7,1,1,3,00,00,01,39,$0227,5A,1878,1,
OBJECT,2426,C74C,-,57,F0,18,1,3,7,7,1,1,3,00,00,01,40,$0228,01,1878,1,
OBJECT,2426,C74C,-,57,F0,18,1,3,7,7,1,1,3,00,00,01,41,$0229,4B,1878,1,
OBJECT,2426,C74C,-,57,F0,18,1,3,7,7,1,1,3,00,00,01,42,$022A,09,1878,1,
FRAME,2426,C74C,-,57,F0,18,1,3,7,7,1,1,3,00,00,01,,,,,1878,1,
RNG,2427,C535,-,57,F0,18,1,3,7,7,1,1,3,00,00,01,C535,,,1878,1,
FRAME,2427,C74C,-,DC,E5,19,0,0,4,6,1,1,3,00,00,01,,,,,1878,1,
RNG,2428,C535,-,DC,E5,19,0,0,4,6,1,1,3,00,00,01,C535,,,1878,1,
FRAME,2428,C74C,-,63,E8,1A,1,3,3,6,1,1,3,00,00,01,,,,,1878,1,
RNG,2429,C535,-,63,E8,1A,1,3,3,6,1,1,3,00,00,01,C535,,,1878,1,
C726,2429,C726,-,05,75,1B,1,1,5,7,1,1,3,00,00,01,C726,,,1879,1,
C726,2429,C726,-,05,75,1B,1,1,5,7,1,1,3,00,00,01,C726,,,1880,1,
OBJECT,2429,B252,-,05,75,1B,1,1,5,7,1,1,3,00,00,01,43,$022B,26,1880,1,
OBJECT,2429,B252,-,05,75,1B,1,1,5,7,1,1,3,00,00,01,44,$022C,5E,1880,1,
FRAME,2429,B252,-,05,75,1B,1,1,5,7,1,1,3,00,00,01,,,,,1880,1,
RNG,2430,C535,-,05,75,1B,1,1,5,7,1,1,3,00,00,01,C535,,,1880,1,
C726,2430,C726,-,05,6B,1C,1,1,5,6,1,1,3,00,00,01,C726,,,1881,1,
C726,2430,C726,-,05,6B,1C,1,1,5,6,1,1,3,00,00,01,C726,,,1882,1,
C726,2430,C726,-,05,6B,1C,1,1,5,6,1,1,3,00,00,01,C726,,,1883,1,
C726,2430,C726,-,05,6B,1C,1,1,5,6,1,1,3,00,00,01,C726,,,1884,1,
C726,2430,C726,-,05,6B,1C,1,1,5,6,1,1,3,00,00,01,C726,,,1885,1,
OBJECT,2430,C74C,-,05,6B,1C,1,1,5,6,1,1,3,00,00,01,45,$022D,45,1885,1,
OBJECT,2430,C74C,-,05,6B,1C,1,1,5,6,1,1,3,00,00,01,46,$022E,5A,1885,1,
OBJECT,2430,C74C,-,05,6B,1C,1,1,5,6,1,1,3,00,00,01,47,$022F,01,1885,1,
OBJECT,2430,C74C,-,05,6B,1C,1,1,5,6,1,1,3,00,00,01,48,$0230,4B,1885,1,
OBJECT,2430,C74C,-,05,6B,1C,1,1,5,6,1,1,3,00,00,01,49,$0231,09,1885,1,
FRAME,2430,C74C,-,05,6B,1C,1,1,5,6,1,1,3,00,00,01,,,,,1885,1,
RNG,2431,C535,-,05,6B,1C,1,1,5,6,1,1,3,00,00,01,C535,,,1885,1,
FRAME,2431,C74E,-,AE,6E,1D,0,2,6,6,1,1,3,00,00,01,,,,,1885,1,
RNG,2432,C535,-,AE,6E,1D,0,2,6,6,1,1,3,00,00,01,C535,,,1885,1,
FRAME,2432,C74C,-,B4,FB,1E,0,0,4,7,1,1,3,00,00,01,,,,,1885,1,
RNG,2433,C535,-,B4,FB,1E,0,0,4,7,1,1,3,00,00,01,C535,,,1885,1,
C726,2433,C726,-,39,F2,1F,1,1,1,7,1,1,3,00,00,01,C726,,,1886,1,
C726,2433,C726,-,39,F2,1F,1,1,1,7,1,1,3,00,00,01,C726,,,1887,1,
C726,2433,C726,-,39,F2,1F,1,1,1,7,1,1,3,00,00,01,C726,,,1888,1,
C726,2433,C726,-,39,F2,1F,1,1,1,7,1,1,3,00,00,01,C726,,,1889,1,
OBJECT,2433,F041,-,39,F2,1F,1,1,1,7,1,1,3,00,00,01,50,$0232,26,1889,1,
OBJECT,2433,F041,-,39,F2,1F,1,1,1,7,1,1,3,00,00,01,51,$0233,5E,1889,1,
OBJECT,2433,F041,-,39,F2,1F,1,1,1,7,1,1,3,00,00,01,52,$0234,45,1889,1,
OBJECT,2433,F041,-,39,F2,1F,1,1,1,7,1,1,3,00,00,01,53,$0235,5A,1889,1,
FRAME,2433,F041,-,39,F2,1F,1,1,1,7,1,1,3,00,00,01,,,,,1889,1,
RNG,2434,C535,-,39,F2,1F,1,1,1,7,1,1,3,00,00,01,C535,,,1889,1,
C726,2434,C726,-,DB,F2,20,1,3,3,7,1,1,3,00,00,01,C726,,,1890,1,
C726,2434,C726,-,DB,F2,20,1,3,3,7,1,1,3,00,00,01,C726,,,1891,1,
C726,2434,C726,-,DB,F2,20,1,3,3,7,1,1,3,00,00,01,C726,,,1892,1,
OBJECT,2434,C74C,-,DB,F2,20,1,3,3,7,1,1,3,00,00,01,54,$0236,01,1892,1,
OBJECT,2434,C74C,-,DB,F2,20,1,3,3,7,1,1,3,00,00,01,55,$0237,4B,1892,1,
OBJECT,2434,C74C,-,DB,F2,20,1,3,3,7,1,1,3,00,00,01,56,$0238,09,1892,1,
FRAME,2434,C74C,-,DB,F2,20,1,3,3,7,1,1,3,00,00,01,,,,,1892,1,
RNG,2435,C535,-,DB,F2,20,1,3,3,7,1,1,3,00,00,01,C535,,,1892,1,
FRAME,2435,C74C,-,7B,E0,21,1,3,3,6,1,1,3,00,00,01,,,,,1892,1,
RNG,2436,C535,-,7B,E0,21,1,3,3,6,1,1,3,00,00,01,C535,,,1892,1,
FRAME,2436,C74A,-,7B,D3,22,1,3,3,5,1,1,3,00,00,01,,,,,1892,1,
RNG,2437,C535,-,7B,D3,22,1,3,3,5,1,1,3,00,00,01,C535,,,1892,1,
C726,2437,C726,-,01,D6,23,1,1,1,5,1,1,3,00,00,01,C726,,,1893,1,
C726,2437,C726,-,01,D6,23,1,1,1,5,1,1,3,00,00,01,C726,,,1894,1,
C726,2437,C726,-,01,D6,23,1,1,1,5,1,1,3,00,00,01,C726,,,1895,1,
C726,2437,C726,-,01,D6,23,1,1,1,5,1,1,3,00,00,01,C726,,,1896,1,
OBJECT,2437,FEEE,-,01,D6,23,1,1,1,5,1,1,3,00,00,01,57,$0239,26,1896,1,
OBJECT,2437,FEEE,-,01,D6,23,1,1,1,5,1,1,3,00,00,01,58,$023A,5E,1896,1,
OBJECT,2437,FEEE,-,01,D6,23,1,1,1,5,1,1,3,00,00,01,59,$023B,45,1896,1,
OBJECT,2437,FEEE,-,01,D6,23,1,1,1,5,1,1,3,00,00,01,60,$023C,5A,1896,1,
FRAME,2437,FEEE,-,01,D6,23,1,1,1,5,1,1,3,00,00,01,,,,,1896,1,
RNG,2438,C535,-,01,D6,23,1,1,1,5,1,1,3,00,00,01,C535,,,1896,1,
C726,2438,C726,-,89,DB,24,1,1,1,5,1,1,3,00,00,01,C726,,,1897,1,
C726,2438,C726,-,89,DB,24,1,1,1,5,1,1,3,00,00,01,C726,,,1898,1,
C726,2438,C726,-,89,DB,24,1,1,1,5,1,1,3,00,00,01,C726,,,1899,1,
OBJECT,2438,C74C,-,89,DB,24,1,1,1,5,1,1,3,00,00,01,61,$023D,01,1899,1,
OBJECT,2438,C74C,-,89,DB,24,1,1,1,5,1,1,3,00,00,01,62,$023E,4B,1899,1,
OBJECT,2438,C74C,-,89,DB,24,1,1,1,5,1,1,3,00,00,01,63,$023F,09,1899,1,
FRAME,2438,C74C,-,89,DB,24,1,1,1,5,1,1,3,00,00,01,,,,,1899,1,
RNG,2439,C535,-,89,DB,24,1,1,1,5,1,1,3,00,00,01,C535,,,1899,1,
FRAME,2439,C74A,-,0D,AE,25,1,1,5,2,1,1,3,00,00,01,,,,,1899,1,
RNG,2440,C535,-,0D,AE,25,1,1,5,2,1,1,3,00,00,01,C535,,,1899,1,
FRAME,2440,C74C,-,97,43,26,1,3,7,4,1,1,3,00,00,01,,,,,1899,1,
RNG,2441,C535,-,97,43,26,1,3,7,4,1,1,3,00,00,01,C535,,,1899,1,
C726,2441,C726,-,50,E8,27,0,0,0,6,1,1,3,00,00,01,C726,,,1900,1,
C726,2441,C726,-,50,E8,27,0,0,0,6,1,1,3,00,00,01,C726,,,1901,1,
C726,2441,C726,-,50,E8,27,0,0,0,6,1,1,3,00,00,01,C726,,,1902,1,
C726,2441,C726,-,50,E8,27,0,0,0,6,1,1,3,00,00,01,C726,,,1903,1,
C726,2441,C726,-,50,E8,27,0,0,0,6,1,1,3,00,00,01,C726,,,1904,1,
OBJECT,2441,C0E5,-,50,E8,27,0,0,0,6,1,1,3,00,00,01,0,$0200,26,1904,1,
OBJECT,2441,C0E5,-,50,E8,27,0,0,0,6,1,1,3,00,00,01,1,$0201,5E,1904,1,
OBJECT,2441,C0E5,-,50,E8,27,0,0,0,6,1,1,3,00,00,01,2,$0202,45,1904,1,
OBJECT,2441,C0E5,-,50,E8,27,0,0,0,6,1,1,3,00,00,01,3,$0203,5A,1904,1,
OBJECT,2441,C0E5,-,50,E8,27,0,0,0,6,1,1,3,00,00,01,4,$0204,01,1904,1,
FRAME,2441,C0E5,-,50,E8,27,0,0,0,6,1,1,3,00,00,01,,,,,1904,1,
C726,2442,C726,-,50,E8,27,0,0,0,6,0,1,3,00,00,01,C726,,,1905,1,
C726,2442,C726,-,50,E8,27,0,0,0,6,0,1,3,00,00,01,C726,,,1906,1,
OBJECT,2442,C74A,-,50,E8,27,0,0,0,6,0,1,3,00,00,01,5,$0205,4B,1906,1,
OBJECT,2442,C74A,-,50,E8,27,0,0,0,6,0,1,3,00,00,01,6,$0206,09,1906,1,
FRAME,2442,C74A,-,50,E8,27,0,0,0,6,0,1,3,00,00,01,,,,,1906,1,
RNG,2443,C535,-,50,E8,27,0,0,0,6,1,2,3,00,00,01,C535,,,1906,1,
FRAME,2443,C74C,-,D1,B5,28,1,1,1,3,1,2,3,00,00,01,,,,,1906,1,
RNG,2444,C535,-,D1,B5,28,1,1,1,3,1,1,3,00,00,01,C535,,,1906,1,
FRAME,2444,C74A,-,D8,BA,29,0,0,0,3,1,1,3,00,00,01,,,,,1906,1,
RNG,2445,C535,-,D8,BA,29,0,0,0,3,1,1,3,00,00,01,C535,,,1906,1,
C726,2445,C726,-,A1,88,2A,1,1,1,0,1,1,3,00,00,01,C726,,,1907,1,
C726,2445,C726,-,A1,88,2A,1,1,1,0,1,1,3,00,00,01,C726,,,1908,1,
C726,2445,C726,-,A1,88,2A,1,1,1,0,1,1,3,00,00,01,C726,,,1909,1,
C726,2445,C726,-,A1,88,2A,1,1,1,0,1,1,3,00,00,01,C726,,,1910,1,
C726,2445,C726,-,A1,88,2A,1,1,1,0,1,1,3,00,00,01,C726,,,1911,1,
C726,2445,C726,-,A1,88,2A,1,1,1,0,1,1,3,00,00,01,C726,,,1912,1,
C726,2445,C726,-,A1,88,2A,1,1,1,0,1,1,3,00,00,01,C726,,,1913,1,
OBJECT,2445,C74A,-,A1,88,2A,1,1,1,0,1,1,3,00,00,01,7,$0207,26,1913,1,
OBJECT,2445,C74A,-,A1,88,2A,1,1,1,0,1,1,3,00,00,01,8,$0208,5E,1913,1,
OBJECT,2445,C74A,-,A1,88,2A,1,1,1,0,1,1,3,00,00,01,9,$0209,45,1913,1,
OBJECT,2445,C74A,-,A1,88,2A,1,1,1,0,1,1,3,00,00,01,10,$020A,5A,1913,1,
OBJECT,2445,C74A,-,A1,88,2A,1,1,1,0,1,1,3,00,00,01,11,$020B,01,1913,1,
OBJECT,2445,C74A,-,A1,88,2A,1,1,1,0,1,1,3,00,00,01,12,$020C,4B,1913,1,
OBJECT,2445,C74A,-,A1,88,2A,1,1,1,0,1,1,3,00,00,01,13,$020D,09,1913,1,
FRAME,2445,C74A,-,A1,88,2A,1,1,1,0,1,1,3,00,00,01,,,,,1913,1,
RNG,2446,C535,-,A1,88,2A,1,1,1,0,1,1,3,00,00,01,C535,,,1913,1,
FRAME,2446,C74C,-,E3,8D,2B,1,3,3,0,1,1,3,00,00,01,,,,,1913,1,
RNG,2447,C535,-,E3,8D,2B,1,3,3,0,1,1,3,00,00,01,C535,,,1913,1,
FRAME,2447,C74A,-,B3,5C,2C,1,3,3,5,1,1,3,00,00,01,,,,,1913,1,
RNG,2448,C535,-,B3,5C,2C,1,3,3,5,1,1,3,00,00,01,C535,,,1913,1,
FRAME,2448,C74C,-,D4,61,2D,0,0,4,6,1,1,3,00,00,01,,,,,1913,1,
RNG,2449,C535,-,D4,61,2D,0,0,4,6,1,1,3,00,00,01,C535,,,1913,1,
C726,2449,C726,-,7D,31,2E,1,1,5,3,1,1,3,00,00,01,C726,,,1914,1,
C726,2449,C726,-,7D,31,2E,1,1,5,3,1,1,3,00,00,01,C726,,,1915,1,
C726,2449,C726,-,7D,31,2E,1,1,5,3,1,1,3,00,00,01,C726,,,1916,1,
C726,2449,C726,-,7D,31,2E,1,1,5,3,1,1,3,00,00,01,C726,,,1917,1,
C726,2449,C726,-,7D,31,2E,1,1,5,3,1,1,3,00,00,01,C726,,,1918,1,
C726,2449,C726,-,7D,31,2E,1,1,5,3,1,1,3,00,00,01,C726,,,1919,1,
C726,2449,C726,-,7D,31,2E,1,1,5,3,1,1,3,00,00,01,C726,,,1920,1,
OBJECT,2449,C74E,-,7D,31,2E,1,1,5,3,1,1,3,00,00,01,14,$020E,26,1920,1,
OBJECT,2449,C74E,-,7D,31,2E,1,1,5,3,1,1,3,00,00,01,15,$020F,5E,1920,1,
OBJECT,2449,C74E,-,7D,31,2E,1,1,5,3,1,1,3,00,00,01,16,$0210,45,1920,1,
OBJECT,2449,C74E,-,7D,31,2E,1,1,5,3,1,1,3,00,00,01,17,$0211,5A,1920,1,
OBJECT,2449,C74E,-,7D,31,2E,1,1,5,3,1,1,3,00,00,01,18,$0212,01,1920,1,
OBJECT,2449,C74E,-,7D,31,2E,1,1,5,3,1,1,3,00,00,01,19,$0213,4B,1920,1,
OBJECT,2449,C74E,-,7D,31,2E,1,1,5,3,1,1,3,00,00,01,20,$0214,09,1920,1,
FRAME,2449,C74E,-,7D,31,2E,1,1,5,3,1,1,3,00,00,01,,,,,1920,1,
RNG,2450,C535,-,7D,31,2E,1,1,5,3,1,1,3,00,00,01,C535,,,1920,1,
FRAME,2450,C74C,-,7E,5D,2F,0,2,6,5,1,1,3,00,00,01,,,,,1920,1,
RNG,2451,C535,-,7E,5D,2F,0,2,6,5,1,1,3,00,00,01,C535,,,1920,1,
FRAME,2451,C74C,-,1B,36,30,1,3,3,3,1,1,3,00,00,01,,,,,1920,1,
RNG,2452,C535,-,1B,36,30,1,3,3,3,1,1,3,00,00,01,C535,,,1920,1,
FRAME,2452,C74C,-,50,35,31,0,0,0,3,1,1,3,00,00,01,,,,,1920,1,
RNG,2453,C535,-,50,35,31,0,0,0,3,1,1,3,00,00,01,C535,,,1920,1,
C726,2453,C726,-,53,25,32,1,3,3,2,1,1,3,00,00,01,C726,,,1921,1,
C726,2453,C726,-,53,25,32,1,3,3,2,1,1,3,00,00,01,C726,,,1922,1,
C726,2453,C726,-,53,25,32,1,3,3,2,1,1,3,00,00,01,C726,,,1923,1,
C726,2453,C726,-,53,25,32,1,3,3,2,1,1,3,00,00,01,C726,,,1924,1,
C726,2453,C726,-,53,25,32,1,3,3,2,1,1,3,00,00,01,C726,,,1925,1,
C726,2453,C726,-,53,25,32,1,3,3,2,1,1,3,00,00,01,C726,,,1926,1,
OBJECT,2453,C74C,-,53,25,32,1,3,3,2,1,1,3,00,00,01,21,$0215,26,1926,1,
OBJECT,2453,C74C,-,53,25,32,1,3,3,2,1,1,3,00,00,01,22,$0216,5E,1926,1,
OBJECT,2453,C74C,-,53,25,32,1,3,3,2,1,1,3,00,00,01,23,$0217,45,1926,1,
OBJECT,2453,C74C,-,53,25,32,1,3,3,2,1,1,3,00,00,01,24,$0218,01,1926,1,
OBJECT,2453,C74C,-,53,25,32,1,3,3,2,1,1,3,00,00,01,25,$0219,4B,1926,1,
OBJECT,2453,C74C,-,53,25,32,1,3,3,2,1,1,3,00,00,01,26,$021A,09,1926,1,
FRAME,2453,C74C,-,53,25,32,1,3,3,2,1,1,3,00,00,01,,,,,1926,1,
RNG,2454,C535,-,53,25,32,1,3,3,2,1,1,3,00,00,01,C535,,,1926,1,
FRAME,2454,C74C,-,F8,52,33,0,0,0,5,1,1,3,00,00,01,,,,,1926,1,
RNG,2455,C535,-,F8,52,33,0,0,0,5,1,1,3,00,00,01,C535,,,1926,1,
FRAME,2455,C74A,-,7F,F4,34,1,3,7,7,1,1,3,00,00,01,,,,,1926,1,
