type,frame,pc,input,DF,E0,E1,DF_bit0,DF_low2,DF_low3,E0_shift4_low3,rng_calls,rng_gap,max_rng_gap,0428,042D,048B,queue_slot,queue_addr,queue_value,c726_total,b14f_total,b14f_snapshot
C726,1252,C726,D,BC,B2,B6,0,0,4,3,0,-1,0,00,00,00,C726,,,1,0,
C726,1252,C726,D,BC,B2,B6,0,0,4,3,0,-1,0,00,00,00,C726,,,2,0,
C726,1252,C726,D,BC,B2,B6,0,0,4,3,0,-1,0,00,00,00,C726,,,3,0,
C726,1252,C726,D,BC,B2,B6,0,0,4,3,0,-1,0,00,00,00,C726,,,4,0,
OBJECT,1252,C74A,D,BC,B2,B6,0,0,4,3,0,-1,0,00,00,00,21,$0215,4B,4,0,
OBJECT,1252,C74A,D,BC,B2,B6,0,0,4,3,0,-1,0,00,00,00,22,$0216,48,4,0,
OBJECT,1252,C74A,D,BC,B2,B6,0,0,4,3,0,-1,0,00,00,00,23,$0217,46,4,0,
OBJECT,1252,C74A,D,BC,B2,B6,0,0,4,3,0,-1,0,00,00,00,24,$0218,09,4,0,
FRAME,1252,C74A,D,BC,B2,B6,0,0,4,3,0,-1,0,00,00,00,,,,,4,0,
RNG,1253,C535,D,BC,B2,B6,0,0,4,3,1,-1,0,00,00,00,C535,,,4,0,
FRAME,1253,C74C,D,A0,7A,B7,0,0,0,7,1,-1,0,00,00,00,,,,,4,0,
RNG,1254,C535,D,A0,7A,B7,0,0,0,7,1,1,1,00,00,00,C535,,,4,0,
FRAME,1254,C74A,D,9E,42,B8,0,2,6,4,1,1,1,00,00,00,,,,,4,0,
RNG,1255,C535,D,9E,42,B8,0,2,6,4,1,1,1,00,00,00,C535,,,4,0,
C726,1255,C726,D,92,0A,B9,0,2,2,0,1,1,1,00,00,00,C726,,,5,0,
OBJECT,1255,E05F,D,92,0A,B9,0,2,2,0,1,1,1,00,00,00,25,$0219,26,5,0,
FRAME,1255,E05F,D,92,0A,B9,0,2,2,0,1,1,1,00,00,00,,,,,5,0,
RNG,1256,C535,D,92,0A,B9,0,2,2,0,1,1,1,00,00,00,C535,,,5,0,
C726,1256,C726,D,90,D2,BA,0,0,0,5,1,1,1,00,00,00,C726,,,6,0,
C726,1256,C726,D,90,D2,BA,0,0,0,5,1,1,1,00,00,00,C726,,,7,0,
C726,1256,C726,D,90,D2,BA,0,0,0,5,1,1,1,00,00,00,C726,,,8,0,
C726,1256,C726,D,90,D2,BA,0,0,0,5,1,1,1,00,00,00,C726,,,9,0,
C726,1256,C726,D,90,D2,BA,0,0,0,5,1,1,1,00,00,00,C726,,,10,0,
C726,1256,C726,D,90,D2,BA,0,0,0,5,1,1,1,00,00,00,C726,,,11,0,
OBJECT,1256,C74C,D,90,D2,BA,0,0,0,5,1,1,1,00,00,00,26,$021A,5E,11,0,
OBJECT,1256,C74C,D,90,D2,BA,0,0,0,5,1,1,1,00,00,00,27,$021B,01,11,0,
OBJECT,1256,C74C,D,90,D2,BA,0,0,0,5,1,1,1,00,00,00,28,$021C,4B,11,0,
OBJECT,1256,C74C,D,90,D2,BA,0,0,0,5,1,1,1,00,00,00,29,$021D,48,11,0,
OBJECT,1256,C74C,D,90,D2,BA,0,0,0,5,1,1,1,00,00,00,30,$021E,46,11,0,
OBJECT,1256,C74C,D,90,D2,BA,0,0,0,5,1,1,1,00,00,00,31,$021F,09,11,0,
FRAME,1256,C74C,D,90,D2,BA,0,0,0,5,1,1,1,00,00,00,,,,,11,0,
RNG,1257,C535,D,90,D2,BA,0,0,0,5,1,1,1,00,00,00,C535,,,11,0,
FRAME,1257,C74C,D,63,92,BB,1,3,3,1,1,1,1,00,00,00,,,,,11,0,
RNG,1258,C535,D,63,92,BB,1,3,3,1,1,1,1,00,00,00,C535,,,11,0,
FRAME,1258,C74C,D,35,AA,BC,1,1,5,2,1,1,1,00,00,00,,,,,11,0,
RNG,1259,C535,D,35,AA,BC,1,1,5,2,1,1,1,00,00,00,C535,,,11,0,
C726,1259,C726,D,18,7A,BD,0,0,0,7,1,1,1,00,00,00,C726,,,12,0,
OBJECT,1259,C70E,D,18,7A,BD,0,0,0,7,1,1,1,00,00,00,32,$0220,26,12,0,
FRAME,1259,C70E,D,18,7A,BD,0,0,0,7,1,1,1,00,00,00,,,,,12,0,
C726,1260,C726,D,18,7A,BD,0,0,0,7,0,1,1,00,00,00,C726,,,13,0,
C726,1260,C726,D,18,7A,BD,0,0,0,7,0,1,1,00,00,00,C726,,,14,0,
C726,1260,C726,D,18,7A,BD,0,0,0,7,0,1,1,00,00,00,C726,,,15,0,
C726,1260,C726,D,18,7A,BD,0,0,0,7,0,1,1,00,00,00,C726,,,16,0,
C726,1260,C726,D,18,7A,BD,0,0,0,7,0,1,1,00,00,00,C726,,,17,0,
C726,1260,C726,D,18,7A,BD,0,0,0,7,0,1,1,00,00,00,C726,,,18,0,
OBJECT,1260,C74A,D,18,7A,BD,0,0,0,7,0,1,1,00,00,00,33,$0221,5E,18,0,
OBJECT,1260,C74A,D,18,7A,BD,0,0,0,7,0,1,1,00,00,00,34,$0222,01,18,0,
OBJECT,1260,C74A,D,18,7A,BD,0,0,0,7,0,1,1,00,00,00,35,$0223,4B,18,0,
OBJECT,1260,C74A,D,18,7A,BD,0,0,0,7,0,1,1,00,00,00,36,$0224,48,18,0,
OBJECT,1260,C74A,D,18,7A,BD,0,0,0,7,0,1,1,00,00,00,37,$0225,46,18,0,
OBJECT,1260,C74A,D,18,7A,BD,0,0,0,7,0,1,1,00,00,00,38,$0226,09,18,0,
FRAME,1260,C74A,D,18,7A,BD,0,0,0,7,0,1,1,00,00,00,,,,,18,0,
RNG,1261,C535,D,18,7A,BD,0,0,0,7,1,2,2,00,00,00,C535,,,18,0,
FRAME,1261,C74A,D,FA,6B,BE,0,2,2,6,1,2,2,00,00,00,,,,,18,0,
RNG,1262,C535,D,FA,6B,BE,0,2,2,6,1,1,2,00,00,00,C535,,,18,0,
FRAME,1262,C74E,D,ED,18,BF,1,1,5,1,1,1,2,00,00,00,,,,,18,0,
RNG,1263,C535,D,ED,18,BF,1,1,5,1,1,1,2,00,00,00,C535,,,18,0,
C726,1263,C726,D,DF,E7,C0,1,3,7,6,1,1,2,00,00,00,C726,,,19,0,
C726,1263,C726,D,DF,E7,C0,1,3,7,6,1,1,2,00,00,00,C726,,,20,0,
C726,1263,C726,D,DF,E7,C0,1,3,7,6,1,1,2,00,00,00,C726,,,21,0,
OBJECT,1263,C840,D,DF,E7,C0,1,3,7,6,1,1,2,00,00,00,39,$0227,26,21,0,
OBJECT,1263,C840,D,DF,E7,C0,1,3,7,6,1,1,2,00,00,00,40,$0228,5E,21,0,
OBJECT,1263,C840,D,DF,E7,C0,1,3,7,6,1,1,2,00,00,00,41,$0229,01,21,0,
FRAME,1263,C840,D,DF,E7,C0,1,3,7,6,1,1,2,00,00,00,,,,,21,0,
RNG,1264,C535,D,DF,E7,C0,1,3,7,6,1,1,2,00,00,00,C535,,,21,0,
C726,1264,C726,D,B0,EE,C1,0,0,0,6,1,1,2,00,00,00,C726,,,22,0,
C726,1264,C726,D,B0,EE,C1,0,0,0,6,1,1,2,00,00,00,C726,,,23,0,
C726,1264,C726,D,B0,EE,C1,0,0,0,6,1,1,2,00,00,00,C726,,,24,0,
C726,1264,C726,D,B0,EE,C1,0,0,0,6,1,1,2,00,00,00,C726,,,25,0,
OBJECT,1264,C74E,D,B0,EE,C1,0,0,0,6,1,1,2,00,00,00,42,$022A,4B,25,0,
OBJECT,1264,C74E,D,B0,EE,C1,0,0,0,6,1,1,2,00,00,00,43,$022B,48,25,0,
OBJECT,1264,C74E,D,B0,EE,C1,0,0,0,6,1,1,2,00,00,00,44,$022C,46,25,0,
OBJECT,1264,C74E,D,B0,EE,C1,0,0,0,6,1,1,2,00,00,00,45,$022D,09,25,0,
FRAME,1264,C74E,D,B0,EE,C1,0,0,0,6,1,1,2,00,00,00,,,,,25,0,
RNG,1265,C535,D,B0,EE,C1,0,0,0,6,1,1,2,00,00,00,C535,,,25,0,
FRAME,1265,C74A,D,80,B7,C2,0,0,0,3,1,1,2,00,00,00,,,,,25,0,
RNG,1266,C535,D,80,B7,C2,0,0,0,3,1,1,2,00,00,00,C535,,,25,0,
FRAME,1266,C74A,D,61,AB,C3,1,1,1,2,1,1,2,00,00,00,,,,,25,0,
RNG,1267,C535,D,61,AB,C3,1,1,1,2,1,1,2,00,00,00,C535,,,25,0,
C726,1267,C726,D,41,3B,C4,1,1,1,3,1,1,2,00,00,00,C726,,,26,0,
C726,1267,C726,D,41,3B,C4,1,1,1,3,1,1,2,00,00,00,C726,,,27,0,
C726,1267,C726,D,41,3B,C4,1,1,1,3,1,1,2,00,00,00,C726,,,28,0,
OBJECT,1267,C3BB,D,41,3B,C4,1,1,1,3,1,1,2,00,00,00,46,$022E,26,28,0,
OBJECT,1267,C3BB,D,41,3B,C4,1,1,1,3,1,1,2,00,00,00,47,$022F,5E,28,0,
OBJECT,1267,C3BB,D,41,3B,C4,1,1,1,3,1,1,2,00,00,00,48,$0230,01,28,0,
FRAME,1267,C3BB,D,41,3B,C4,1,1,1,3,1,1,2,00,00,00,,,,,28,0,
C726,1268,C726,D,41,3B,C4,1,1,1,3,0,1,2,00,00,00,C726,,,29,0,
C726,1268,C726,D,41,3B,C4,1,1,1,3,0,1,2,00,00,00,C726,,,30,0,
C726,1268,C726,D,41,3B,C4,1,1,1,3,0,1,2,00,00,00,C726,,,31,0,
C726,1268,C726,D,41,3B,C4,1,1,1,3,0,1,2,00,00,00,C726,,,32,0,
OBJECT,1268,C74C,D,41,3B,C4,1,1,1,3,0,1,2,00,00,00,49,$0231,4B,32,0,
OBJECT,1268,C74C,D,41,3B,C4,1,1,1,3,0,1,2,00,00,00,50,$0232,48,32,0,
OBJECT,1268,C74C,D,41,3B,C4,1,1,1,3,0,1,2,00,00,00,51,$0233,46,32,0,
OBJECT,1268,C74C,D,41,3B,C4,1,1,1,3,0,1,2,00,00,00,52,$0234,09,32,0,
FRAME,1268,C74C,D,41,3B,C4,1,1,1,3,0,1,2,00,00,00,,,,,32,0,
RNG,1269,C535,D,41,3B,C4,1,1,1,3,1,2,2,00,00,00,C535,,,32,0,
FRAME,1269,C74C,D,32,59,C5,0,2,2,5,1,2,2,00,00,00,,,,,32,0,
RNG,1270,C535,D,32,59,C5,0,2,2,5,1,1,2,00,00,00,C535,,,32,0,
FRAME,1270,C74C,D,22,FB,C6,0,2,2,7,1,1,2,00,00,00,,,,,32,0,
RNG,1271,C535,D,22,FB,C6,0,2,2,7,1,1,2,00,00,00,C535,,,32,0,
C726,1271,C726,D,F4,C3,C7,0,0,4,4,1,1,2,00,00,00,C726,,,33,0,
C726,1271,C726,D,F4,C3,C7,0,0,4,4,1,1,2,00,00,00,C726,,,34,0,
C726,1271,C726,D,F4,C3,C7,0,0,4,4,1,1,2,00,00,00,C726,,,35,0,
C726,1271,C726,D,F4,C3,C7,0,0,4,4,1,1,2,00,00,00,C726,,,36,0,
C726,1271,C726,D,F4,C3,C7,0,0,4,4,1,1,2,00,00,00,C726,,,37,0,
OBJECT,1271,D0D9,D,F4,C3,C7,0,0,4,4,1,1,2,00,00,00,53,$0235,26,37,0,
OBJECT,1271,D0D9,D,F4,C3,C7,0,0,4,4,1,1,2,00,00,00,54,$0236,5E,37,0,
OBJECT,1271,D0D9,D,F4,C3,C7,0,0,4,4,1,1,2,00,00,00,55,$0237,01,37,0,
OBJECT,1271,D0D9,D,F4,C3,C7,0,0,4,4,1,1,2,00,00,00,56,$0238,4B,37,0,
OBJECT,1271,D0D9,D,F4,C3,C7,0,0,4,4,1,1,2,00,00,00,57,$0239,48,37,0,
FRAME,1271,D0D9,D,F4,C3,C7,0,0,4,4,1,1,2,00,00,00,,,,,37,0,
RNG,1272,C535,D,F4,C3,C7,0,0,4,4,1,1,2,00,00,00,C535,,,37,0,
C726,1272,C726,D,C7,63,C8,1,3,7,6,1,1,2,00,00,00,C726,,,38,0,
C726,1272,C726,D,C7,63,C8,1,3,7,6,1,1,2,00,00,00,C726,,,39,0,
OBJECT,1272,C74A,D,C7,63,C8,1,3,7,6,1,1,2,00,00,00,58,$023A,46,39,0,
OBJECT,1272,C74A,D,C7,63,C8,1,3,7,6,1,1,2,00,00,00,59,$023B,09,39,0,
FRAME,1272,C74A,D,C7,63,C8,1,3,7,6,1,1,2,00,00,00,,,,,39,0,
RNG,1273,C535,D,C7,63,C8,1,3,7,6,1,1,2,00,00,00,C535,,,39,0,
FRAME,1273,C74C,D,A9,69,C9,1,1,1,6,1,1,2,00,00,00,,,,,39,0,
RNG,1274,C535,D,A9,69,C9,1,1,1,6,1,1,2,00,00,00,C535,,,39,0,
FRAME,1274,C74C,D,8C,89,CA,0,0,4,0,1,1,2,00,00,00,,,,,39,0,
RNG,1275,C535,D,8C,89,CA,0,0,4,0,1,1,2,00,00,00,C535,,,39,0,
C726,1275,C726,D,7E,2A,CB,0,2,6,2,1,1,2,00,00,00,C726,,,40,0,
C726,1275,C726,D,7E,2A,CB,0,2,6,2,1,1,2,00,00,00,C726,,,41,0,
C726,1275,C726,D,7E,2A,CB,0,2,6,2,1,1,2,00,00,00,C726,,,42,0,
C726,1275,C726,D,7E,2A,CB,0,2,6,2,1,1,2,00,00,00,C726,,,43,0,
C726,1275,C726,D,7E,2A,CB,0,2,6,2,1,1,2,00,00,00,C726,,,44,0,
C726,1275,C726,D,7E,2A,CB,0,2,6,2,1,1,2,00,00,00,C726,,,45,0,
C726,1275,C726,D,7E,2A,CB,0,2,6,2,1,1,2,00,00,00,C726,,,46,0,
OBJECT,1275,C74C,D,7E,2A,CB,0,2,6,2,1,1,2,00,00,00,0,$0200,48,46,0,
OBJECT,1275,C74C,D,7E,2A,CB,0,2,6,2,1,1,2,00,00,00,1,$0201,46,46,0,
OBJECT,1275,C74C,D,7E,2A,CB,0,2,6,2,1,1,2,00,00,00,2,$0202,09,46,0,
OBJECT,1275,C74C,D,7E,2A,CB,0,2,6,2,1,1,2,00,00,00,60,$023C,26,46,0,
OBJECT,1275,C74C,D,7E,2A,CB,0,2,6,2,1,1,2,00,00,00,61,$023D,5E,46,0,
OBJECT,1275,C74C,D,7E,2A,CB,0,2,6,2,1,1,2,00,00,00,62,$023E,01,46,0,
OBJECT,1275,C74C,D,7E,2A,CB,0,2,6,2,1,1,2,00,00,00,63,$023F,4B,46,0,
FRAME,1275,C74C,D,7E,2A,CB,0,2,6,2,1,1,2,00,00,00,,,,,46,0,
RNG,1276,C535,D,7E,2A,CB,0,2,6,2,1,1,2,00,00,00,C535,,,46,0,
FRAME,1276,C74C,D,71,F0,CC,1,1,1,7,1,1,2,00,00,00,,,,,46,0,
RNG,1277,C535,D,71,F0,CC,1,1,1,7,1,1,2,00,00,00,C535,,,46,0,
FRAME,1277,C74E,D,6F,99,CD,1,3,7,1,1,1,2,00,00,00,,,,,46,0,
RNG,1278,C535,D,6F,99,CD,1,3,7,1,1,1,2,00,00,00,C535,,,46,0,
FRAME,1278,C74C,D,43,99,CE,1,3,3,1,1,1,2,00,00,00,,,,,46,0,
RNG,1279,C535,D,43,99,CE,1,3,3,1,1,1,2,00,00,00,C535,,,46,0,
C726,1279,C726,D,41,26,CF,1,1,1,2,1,1,2,00,00,00,C726,,,47,0,
C726,1279,C726,D,41,26,CF,1,1,1,2,1,1,2,00,00,00,C726,,,48,0,
C726,1279,C726,D,41,26,CF,1,1,1,2,1,1,2,00,00,00,C726,,,49,0,
C726,1279,C726,D,41,26,CF,1,1,1,2,1,1,2,00,00,00,C726,,,50,0,
C726,1279,C726,D,41,26,CF,1,1,1,2,1,1,2,00,00,00,C726,,,51,0,
C726,1279,C726,D,41,26,CF,1,1,1,2,1,1,2,00,00,00,C726,,,52,0,
C726,1279,C726,D,41,26,CF,1,1,1,2,1,1,2,00,00,00,C726,,,53,0,
OBJECT,1279,C74A,D,41,26,CF,1,1,1,2,1,1,2,00,00,00,3,$0203,26,53,0,
OBJECT,1279,C74A,D,41,26,CF,1,1,1,2,1,1,2,00,00,00,4,$0204,5E,53,0,
OBJECT,1279,C74A,D,41,26,CF,1,1,1,2,1,1,2,00,00,00,5,$0205,01,53,0,
OBJECT,1279,C74A,D,41,26,CF,1,1,1,2,1,1,2,00,00,00,6,$0206,4B,53,0,
OBJECT,1279,C74A,D,41,26,CF,1,1,1,2,1,1,2,00,00,00,7,$0207,48,53,0,
OBJECT,1279,C74A,D,41,26,CF,1,1,1,2,1,1,2,00,00,00,8,$0208,46,53,0,
OBJECT,1279,C74A,D,41,26,CF,1,1,1,2,1,1,2,00,00,00,9,$0209,09,53,0,
FRAME,1279,C74A,D,41,26,CF,1,1,1,2,1,1,2,00,00,00,,,,,53,0,
RNG,1280,C535,D,41,26,CF,1,1,1,2,1,1,2,00,00,00,C535,,,53,0,
FRAME,1280,C74A,D,25,19,D0,1,1,5,1,1,1,2,00,00,00,,,,,53,0,
RNG,1281,C535,D,25,19,D0,1,1,5,1,1,1,2,00,00,00,C535,,,53,0,
FRAME,1281,C74A,D,23,1C,D1,1,3,3,1,1,1,2,00,00,00,,,,,53,0,
RNG,1282,C535,D,23,1C,D1,1,3,3,1,1,1,2,00,00,00,C535,,,53,0,
FRAME,1282,C74A,D,17,68,D2,1,3,7,6,1,1,2,00,00,00,,,,,53,0,
RNG,1283,C535,D,17,68,D2,1,3,7,6,1,1,2,00,00,00,C535,,,53,0,
C726,1283,C726,D,15,40,D3,1,1,5,4,1,1,2,00,00,00,C726,,,54,0,
C726,1283,C726,D,15,40,D3,1,1,5,4,1,1,2,00,00,00,C726,,,55,0,
C726,1283,C726,D,15,40,D3,1,1,5,4,1,1,2,00,00,00,C726,,,56,0,
C726,1283,C726,D,15,40,D3,1,1,5,4,1,1,2,00,00,00,C726,,,57,0,
C726,1283,C726,D,15,40,D3,1,1,5,4,1,1,2,00,00,00,C726,,,58,0,
C726,1283,C726,D,15,40,D3,1,1,5,4,1,1,2,00,00,00,C726,,,59,0,
C726,1283,C726,D,15,40,D3,1,1,5,4,1,1,2,00,00,00,C726,,,60,0,
OBJECT,1283,C74E,D,15,40,D3,1,1,5,4,1,1,2,00,00,00,10,$020A,26,60,0,
OBJECT,1283,C74E,D,15,40,D3,1,1,5,4,1,1,2,00,00,00,11,$020B,5E,60,0,
OBJECT,1283,C74E,D,15,40,D3,1,1,5,4,1,1,2,00,00,00,12,$020C,01,60,0,
OBJECT,1283,C74E,D,15,40,D3,1,1,5,4,1,1,2,00,00,00,13,$020D,4B,60,0,
OBJECT,1283,C74E,D,15,40,D3,1,1,5,4,1,1,2,00,00,00,14,$020E,48,60,0,
OBJECT,1283,C74E,D,15,40,D3,1,1,5,4,1,1,2,00,00,00,15,$020F,46,60,0,
OBJECT,1283,C74E,D,15,40,D3,1,1,5,4,1,1,2,00,00,00,16,$0210,09,60,0,
FRAME,1283,C74E,D,15,40,D3,1,1,5,4,1,1,2,00,00,00,,,,,60,0,
RNG,1284,C535,D,15,40,D3,1,1,5,4,1,1,2,00,00,00,C535,,,60,0,
FRAME,1284,C74E,D,EA,D5,D4,0,2,2,5,1,1,2,00,00,00,,,,,60,0,
RNG,1285,C535,D,EA,D5,D4,0,2,2,5,1,1,2,00,00,00,C535,,,60,0,
FRAME,1285,C74A,D,E8,77,D5,0,0,0,7,1,1,2,00,00,00,,,,,60,0,
RNG,1286,C535,D,E8,77,D5,0,0,0,7,1,1,2,00,00,00,C535,,,60,0,
FRAME,1286,C74A,D,CD,3F,D6,1,1,5,3,1,1,2,00,00,00,,,,,60,0,
RNG,1287,C535,D,CD,3F,D6,1,1,5,3,1,1,2,00,00,00,C535,,,60,0,
C726,1287,C726,D,CB,DF,D7,1,3,3,5,1,1,2,00,00,00,C726,,,61,0,
C726,1287,C726,D,CB,DF,D7,1,3,3,5,1,1,2,00,00,00,C726,,,62,0,
C726,1287,C726,D,CB,DF,D7,1,3,3,5,1,1,2,00,00,00,C726,,,63,0,
C726,1287,C726,D,CB,DF,D7,1,3,3,5,1,1,2,00,00,00,C726,,,64,0,
C726,1287,C726,D,CB,DF,D7,1,3,3,5,1,1,2,00,00,00,C726,,,65,0,
C726,1287,C726,D,CB,DF,D7,1,3,3,5,1,1,2,00,00,00,C726,,,66,0,
C726,1287,C726,D,CB,DF,D7,1,3,3,5,1,1,2,00,00,00,C726,,,67,0,
OBJECT,1287,C74A,D,CB,DF,D7,1,3,3,5,1,1,2,00,00,00,17,$0211,26,67,0,
OBJECT,1287,C74A,D,CB,DF,D7,1,3,3,5,1,1,2,00,00,00,18,$0212,5E,67,0,
OBJECT,1287,C74A,D,CB,DF,D7,1,3,3,5,1,1,2,00,00,00,19,$0213,01,67,0,
OBJECT,1287,C74A,D,CB,DF,D7,1,3,3,5,1,1,2,00,00,00,20,$0214,4B,67,0,
OBJECT,1287,C74A,D,CB,DF,D7,1,3,3,5,1,1,2,00,00,00,21,$0215,48,67,0,
OBJECT,1287,C74A,D,CB,DF,D7,1,3,3,5,1,1,2,00,00,00,22,$0216,46,67,0,
OBJECT,1287,C74A,D,CB,DF,D7,1,3,3,5,1,1,2,00,00,00,23,$0217,09,67,0,
FRAME,1287,C74A,D,CB,DF,D7,1,3,3,5,1,1,2,00,00,00,,,,,67,0,
RNG,1288,C535,D,CB,DF,D7,1,3,3,5,1,1,2,00,00,00,C535,,,67,0,
FRAME,1288,C74E,D,C0,E5,D8,0,0,0,6,1,1,2,00,00,00,,,,,67,0,
RNG,1289,C535,D,C0,E5,D8,0,0,0,6,1,1,2,00,00,00,C535,,,67,0,
FRAME,1289,C74A,D,AE,05,D9,0,2,6,0,1,1,2,00,00,00,,,,,67,0,
RNG,1290,C535,D,AE,05,D9,0,2,6,0,1,1,2,00,00,00,C535,,,67,0,
FRAME,1290,C74E,D,B3,50,DA,1,3,3,5,1,1,2,00,00,00,,,,,67,0,
RNG,1291,C535,D,B3,50,DA,1,3,3,5,1,1,2,00,00,00,C535,,,67,0,
C726,1291,C726,D,B6,4A,DB,0,2,6,4,1,1,2,00,00,00,C726,,,68,0,
C726,1291,C726,D,B6,4A,DB,0,2,6,4,1,1,2,00,00,00,C726,,,69,0,
C726,1291,C726,D,B6,4A,DB,0,2,6,4,1,1,2,00,00,00,C726,,,70,0,
C726,1291,C726,D,B6,4A,DB,0,2,6,4,1,1,2,00,00,00,C726,,,71,0,
C726,1291,C726,D,B6,4A,DB,0,2,6,4,1,1,2,00,00,00,C726,,,72,0,
C726,1291,C726,D,B6,4A,DB,0,2,6,4,1,1,2,00,00,00,C726,,,73,0,
C726,1291,C726,D,B6,4A,DB,0,2,6,4,1,1,2,00,00,00,C726,,,74,0,
OBJECT,1291,C74C,D,B6,4A,DB,0,2,6,4,1,1,2,00,00,00,24,$0218,26,74,0,
OBJECT,1291,C74C,D,B6,4A,DB,0,2,6,4,1,1,2,00,00,00,25,$0219,5E,74,0,
OBJECT,1291,C74C,D,B6,4A,DB,0,2,6,4,1,1,2,00,00,00,26,$021A,01,74,0,
OBJECT,1291,C74C,D,B6,4A,DB,0,2,6,4,1,1,2,00,00,00,27,$021B,4B,74,0,
OBJECT,1291,C74C,D,B6,4A,DB,0,2,6,4,1,1,2,00,00,00,28,$021C,48,74,0,
OBJECT,1291,C74C,D,B6,4A,DB,0,2,6,4,1,1,2,00,00,00,29,$021D,46,74,0,
OBJECT,1291,C74C,D,B6,4A,DB,0,2,6,4,1,1,2,00,00,00,30,$021E,09,74,0,
FRAME,1291,C74C,D,B6,4A,DB,0,2,6,4,1,1,2,00,00,00,,,,,74,0,
RNG,1292,C535,D,B6,4A,DB,0,2,6,4,1,1,2,00,00,00,C535,,,74,0,
FRAME,1292,C74C,D,63,F3,DC,1,3,3,7,1,1,2,00,00,00,,,,,74,0,
RNG,1293,C535,D,63,F3,DC,1,3,3,7,1,1,2,00,00,00,C535,,,74,0,
FRAME,1293,C74C,D,68,F3,DD,0,0,0,7,1,1,2,00,00,00,,,,,74,0,
RNG,1294,C535,D,68,F3,DD,0,0,0,7,1,1,2,00,00,00,C535,,,74,0,
FRAME,1294,C74C,D,6B,80,DE,1,3,3,0,1,1,2,00,00,00,,,,,74,0,
RNG,1295,C535,D,6B,80,DE,1,3,3,0,1,1,2,00,00,00,C535,,,74,0,
C726,1295,C726,D,34,73,DF,0,0,4,7,1,1,2,00,00,00,C726,,,75,0,
C726,1295,C726,D,34,73,DF,0,0,4,7,1,1,2,00,00,00,C726,,,76,0,
C726,1295,C726,D,34,73,DF,0,0,4,7,1,1,2,00,00,00,C726,,,77,0,
C726,1295,C726,D,34,73,DF,0,0,4,7,1,1,2,00,00,00,C726,,,78,0,
C726,1295,C726,D,34,73,DF,0,0,4,7,1,1,2,00,00,00,C726,,,79,0,
C726,1295,C726,D,34,73,DF,0,0,4,7,1,1,2,00,00,00,C726,,,80,0,
C726,1295,C726,D,34,73,DF,0,0,4,7,1,1,2,00,00,00,C726,,,81,0,
OBJECT,1295,C74C,D,34,73,DF,0,0,4,7,1,1,2,00,00,00,31,$021F,26,81,0,
OBJECT,1295,C74C,D,34,73,DF,0,0,4,7,1,1,2,00,00,00,32,$0220,5E,81,0,
OBJECT,1295,C74C,D,34,73,DF,0,0,4,7,1,1,2,00,00,00,33,$0221,01,81,0,
OBJECT,1295,C74C,D,34,73,DF,0,0,4,7,1,1,2,00,00,00,34,$0222,4B,81,0,
OBJECT,1295,C74C,D,34,73,DF,0,0,4,7,1,1,2,00,00,00,35,$0223,48,81,0,
OBJECT,1295,C74C,D,34,73,DF,0,0,4,7,1,1,2,00,00,00,36,$0224,46,81,0,
OBJECT,1295,C74C,D,34,73,DF,0,0,4,7,1,1,2,00,00,00,37,$0225,09,81,0,
FRAME,1295,C74C,D,34,73,DF,0,0,4,7,1,1,2,00,00,00,,,,,81,0,
RNG,1296,C535,D,34,73,DF,0,0,4,7,1,1,2,00,00,00,C535,,,81,0,
FRAME,1296,C74C,D,36,76,E0,0,2,6,7,1,1,2,00,00,00,,,,,81,0,
RNG,1297,C535,D,36,76,E0,0,2,6,7,1,1,2,00,00,00,C535,,,81,0,
FRAME,1297,C74C,D,06,C2,E1,0,2,6,4,1,1,2,00,00,00,,,,,81,0,
RNG,1298,C535,D,06,C2,E1,0,2,6,4,1,1,2,00,00,00,C535,,,81,0,
FRAME,1298,C74C,D,24,9A,E2,0,0,4,1,1,1,2,00,00,00,,,,,81,0,
RNG,1299,C535,D,24,9A,E2,0,0,4,1,1,1,2,00,00,00,C535,,,81,0,
C726,1299,C726,D,CD,2F,E3,1,1,5,2,1,1,2,00,00,00,C726,,,82,0,
C726,1299,C726,D,CD,2F,E3,1,1,5,2,1,1,2,00,00,00,C726,,,83,0,
C726,1299,C726,D,CD,2F,E3,1,1,5,2,1,1,2,00,00,00,C726,,,84,0,
C726,1299,C726,D,CD,2F,E3,1,1,5,2,1,1,2,00,00,00,C726,,,85,0,
C726,1299,C726,D,CD,2F,E3,1,1,5,2,1,1,2,00,00,00,C726,,,86,0,
C726,1299,C726,D,CD,2F,E3,1,1,5,2,1,1,2,00,00,00,C726,,,87,0,
C726,1299,C726,D,CD,2F,E3,1,1,5,2,1,1,2,00,00,00,C726,,,88,0,
OBJECT,1299,C74A,D,CD,2F,E3,1,1,5,2,1,1,2,00,00,00,38,$0226,26,88,0,
OBJECT,1299,C74A,D,CD,2F,E3,1,1,5,2,1,1,2,00,00,00,39,$0227,5E,88,0,
OBJECT,1299,C74A,D,CD,2F,E3,1,1,5,2,1,1,2,00,00,00,40,$0228,01,88,0,
OBJECT,1299,C74A,D,CD,2F,E3,1,1,5,2,1,1,2,00,00,00,41,$0229,4B,88,0,
OBJECT,1299,C74A,D,CD,2F,E3,1,1,5,2,1,1,2,00,00,00,42,$022A,48,88,0,
OBJECT,1299,C74A,D,CD,2F,E3,1,1,5,2,1,1,2,00,00,00,43,$022B,46,88,0,
OBJECT,1299,C74A,D,CD,2F,E3,1,1,5,2,1,1,2,00,00,00,44,$022C,09,88,0,
FRAME,1299,C74A,D,CD,2F,E3,1,1,5,2,1,1,2,00,00,00,,,,,88,0,
RNG,1300,C535,D,CD,2F,E3,1,1,5,2,1,1,2,00,00,00,C535,,,88,0,
FRAME,1300,C74E,D,CD,D8,E4,1,1,5,5,1,1,2,00,00,00,,,,,88,0,
RNG,1301,C535,D,CD,D8,E4,1,1,5,5,1,1,2,00,00,00,C535,,,88,0,
FRAME,1301,C74E,D,5A,0D,E5,0,2,2,0,1,1,2,00,00,00,,,,,88,0,
RNG,1302,C535,D,5A,0D,E5,0,2,2,0,1,1,2,00,00,00,C535,,,88,0,
FRAME,1302,C74C,D,5F,2D,E6,1,3,7,2,1,1,2,00,00,00,,,,,88,0,
RNG,1303,C535,D,5F,2D,E6,1,3,7,2,1,1,2,00,00,00,C535,,,88,0,
C726,1303,C726,D,62,53,E7,0,2,2,5,1,1,2,00,00,00,C726,,,89,0,
C726,1303,C726,D,62,53,E7,0,2,2,5,1,1,2,00,00,00,C726,,,90,0,
C726,1303,C726,D,62,53,E7,0,2,2,5,1,1,2,00,00,00,C726,,,91,0,
C726,1303,C726,D,62,53,E7,0,2,2,5,1,1,2,00,00,00,C726,,,92,0,
C726,1303,C726,D,62,53,E7,0,2,2,5,1,1,2,00,00,00,C726,,,93,0,
C726,1303,C726,D,62,53,E7,0,2,2,5,1,1,2,00,00,00,C726,,,94,0,
C726,1303,C726,D,62,53,E7,0,2,2,5,1,1,2,00,00,00,C726,,,95,0,
OBJECT,1303,C74C,D,62,53,E7,0,2,2,5,1,1,2,00,00,00,45,$022D,26,95,0,
OBJECT,1303,C74C,D,62,53,E7,0,2,2,5,1,1,2,00,00,00,46,$022E,5E,95,0,
OBJECT,1303,C74C,D,62,53,E7,0,2,2,5,1,1,2,00,00,00,47,$022F,01,95,0,
OBJECT,1303,C74C,D,62,53,E7,0,2,2,5,1,1,2,00,00,00,48,$0230,4B,95,0,
OBJECT,1303,C74C,D,62,53,E7,0,2,2,5,1,1,2,00,00,00,49,$0231,48,95,0,
OBJECT,1303,C74C,D,62,53,E7,0,2,2,5,1,1,2,00,00,00,50,$0232,46,95,0,
OBJECT,1303,C74C,D,62,53,E7,0,2,2,5,1,1,2,00,00,00,51,$0233,09,95,0,
FRAME,1303,C74C,D,62,53,E7,0,2,2,5,1,1,2,00,00,00,,,,,95,0,
RNG,1304,C535,D,62,53,E7,0,2,2,5,1,1,2,00,00,00,C535,,,95,0,
FRAME,1304,C74A,D,0F,1A,E8,1,3,7,1,1,1,2,00,00,00,,,,,95,0,
RNG,1305,C535,D,0F,1A,E8,1,3,7,1,1,1,2,00,00,00,C535,,,95,0,
FRAME,1305,C74A,D,12,C3,E9,0,2,2,4,1,1,2,00,00,00,,,,,95,0,
RNG,1306,C535,D,12,C3,E9,0,2,2,4,1,1,2,00,00,00,C535,,,95,0,
C726,1306,C726,D,15,C3,EA,1,1,5,4,1,1,2,00,00,00,C726,,,96,0,
OBJECT,1306,E05F,D,15,C3,EA,1,1,5,4,1,1,2,00,00,00,52,$0234,26,96,0,
FRAME,1306,E05F,D,15,C3,EA,1,1,5,4,1,1,2,00,00,00,,,,,96,0,
RNG,1307,C535,D,15,C3,EA,1,1,5,4,1,1,2,00,00,00,C535,,,96,0,
C726,1307,C726,D,E5,48,EB,1,1,5,4,1,1,2,00,00,00,C726,,,97,0,
C726,1307,C726,D,E5,48,EB,1,1,5,4,1,1,2,00,00,00,C726,,,98,0,
C726,1307,C726,D,E5,48,EB,1,1,5,4,1,1,2,00,00,00,C726,,,99,0,
C726,1307,C726,D,E5,48,EB,1,1,5,4,1,1,2,00,00,00,C726,,,100,0,
C726,1307,C726,D,E5,48,EB,1,1,5,4,1,1,2,00,00,00,C726,,,101,0,
OBJECT,1307,C74A,D,E5,48,EB,1,1,5,4,1,1,2,00,00,00,53,$0235,5E,101,0,
OBJECT,1307,C74A,D,E5,48,EB,1,1,5,4,1,1,2,00,00,00,54,$0236,01,101,0,
OBJECT,1307,C74A,D,E5,48,EB,1,1,5,4,1,1,2,00,00,00,55,$0237,4B,101,0,
OBJECT,1307,C74A,D,E5,48,EB,1,1,5,4,1,1,2,00,00,00,56,$0238,48,101,0,
OBJECT,1307,C74A,D,E5,48,EB,1,1,5,4,1,1,2,00,00,00,57,$0239,09,101,0,
FRAME,1307,C74A,D,E5,48,EB,1,1,5,4,1,1,2,00,00,00,,,,,101,0,
RNG,1308,C535,D,E5,48,EB,1,1,5,4,1,1,2,00,00,00,C535,,,101,0,
FRAME,1308,C74C,D,E8,15,EC,0,0,0,1,1,1,2,00,00,00,,,,,101,0,
RNG,1309,C535,D,E8,15,EC,0,0,0,1,1,1,2,00,00,00,C535,,,101,0,
FRAME,1309,C74C,D,34,9A,ED,0,0,4,1,1,1,2,00,00,00,,,,,101,0,
RNG,1310,C535,D,34,9A,ED,0,0,4,1,1,1,2,00,00,00,C535,,,101,0,
FRAME,1310,C74C,D,FA,68,EE,0,2,2,6,1,1,2,00,00,00,,,,,101,0,
RNG,1311,C535,D,FA,68,EE,0,2,2,6,1,1,2,00,00,00,C535,,,101,0,
C726,1311,C726,D,7C,ED,EF,0,0,4,6,1,1,2,00,00,00,C726,,,102,0,
C726,1311,C726,D,7C,ED,EF,0,0,4,6,1,1,2,00,00,00,C726,,,103,0,
C726,1311,C726,D,7C,ED,EF,0,0,4,6,1,1,2,00,00,00,C726,,,104,0,
C726,1311,C726,D,7C,ED,EF,0,0,4,6,1,1,2,00,00,00,C726,,,105,0,
C726,1311,C726,D,7C,ED,EF,0,0,4,6,1,1,2,00,00,00,C726,,,106,0,
C726,1311,C726,D,7C,ED,EF,0,0,4,6,1,1,2,00,00,00,C726,,,107,0,
C726,1311,C726,D,7C,ED,EF,0,0,4,6,1,1,2,00,00,00,C726,,,108,0,
OBJECT,1311,C74A,D,7C,ED,EF,0,0,4,6,1,1,2,00,00,00,0,$0200,09,108,0,
OBJECT,1311,C74A,D,7C,ED,EF,0,0,4,6,1,1,2,00,00,00,58,$023A,26,108,0,
OBJECT,1311,C74A,D,7C,ED,EF,0,0,4,6,1,1,2,00,00,00,59,$023B,5E,108,0,
OBJECT,1311,C74A,D,7C,ED,EF,0,0,4,6,1,1,2,00,00,00,60,$023C,01,108,0,
OBJECT,1311,C74A,D,7C,ED,EF,0,0,4,6,1,1,2,00,00,00,61,$023D,4B,108,0,
OBJECT,1311,C74A,D,7C,ED,EF,0,0,4,6,1,1,2,00,00,00,62,$023E,46,108,0,
OBJECT,1311,C74A,D,7C,ED,EF,0,0,4,6,1,1,2,00,00,00,63,$023F,48,108,0,
FRAME,1311,C74A,D,7C,ED,EF,0,0,4,6,1,1,2,00,00,00,,,,,108,0,
RNG,1312,C535,D,7C,ED,EF,0,0,4,6,1,1,2,00,00,00,C535,,,108,0,
FRAME,1312,C74E,D,45,BC,F0,1,1,5,3,1,1,2,00,00,00,,,,,108,0,
RNG,1313,C535,D,45,BC,F0,1,1,5,3,1,1,2,00,00,00,C535,,,108,0,
FRAME,1313,C74E,D,46,41,F1,0,2,6,4,1,1,2,00,00,00,,,,,108,0,
RNG,1314,C535,D,46,41,F1,0,2,6,4,1,1,2,00,00,00,C535,,,108,0,
FRAME,1314,C74C,D,16,11,F2,0,2,6,1,1,1,2,00,00,00,,,,,108,0,
RNG,1315,C535,D,16,11,F2,0,2,6,1,1,1,2,00,00,00,C535,,,108,0,
C726,1315,C726,D,19,96,F3,1,1,1,1,1,1,2,00,00,00,C726,,,109,0,
C726,1315,C726,D,19,96,F3,1,1,1,1,1,1,2,00,00,00,C726,,,110,0,
C726,1315,C726,D,19,96,F3,1,1,1,1,1,1,2,00,00,00,C726,,,111,0,
C726,1315,C726,D,19,96,F3,1,1,1,1,1,1,2,00,00,00,C726,,,112,0,
B14F,1315,B14F,D,19,96,F3,1,1,1,1,1,1,2,00,00,00,B14F,,,112,1,
C726,1315,C726,D,19,96,F3,1,1,1,1,1,1,2,00,00,00,C726,,,113,1,
C726,1315,C726,D,19,96,F3,1,1,1,1,1,1,2,00,00,00,C726,,,114,1,
C726,1315,C726,D,19,96,F3,1,1,1,1,1,1,2,00,00,00,C726,,,115,1,
OBJECT,1315,C74E,D,19,96,F3,1,1,1,1,1,1,2,00,00,00,1,$0201,26,115,1,
OBJECT,1315,C74E,D,19,96,F3,1,1,1,1,1,1,2,00,00,00,2,$0202,5E,115,1,
OBJECT,1315,C74E,D,19,96,F3,1,1,1,1,1,1,2,00,00,00,3,$0203,01,115,1,
OBJECT,1315,C74E,D,19,96,F3,1,1,1,1,1,1,2,00,00,00,4,$0204,4B,115,1,
OBJECT,1315,C74E,D,19,96,F3,1,1,1,1,1,1,2,00,00,00,5,$0205,46,115,1,
OBJECT,1315,C74E,D,19,96,F3,1,1,1,1,1,1,2,00,00,00,6,$0206,48,115,1,
OBJECT,1315,C74E,D,19,96,F3,1,1,1,1,1,1,2,00,00,00,7,$0207,09,115,1,
FRAME,1315,C74E,D,19,96,F3,1,1,1,1,1,1,2,00,00,00,,,,,115,1,
B14F_DATA,1315,C74E,D,19,96,F3,1,1,1,1,1,1,2,00,00,00,,,,,115,1,F0 F0 F0 8E F0 F0 F0 8E F0 F0 F0 8E F0 F0 F0 8E F0 F0 F0 8E F0 F0 F0 8E F0 F0 F0 8E F0 F0 F0 8E
RNG,1316,C535,D,19,96,F3,1,1,1,1,1,1,2,00,00,00,C535,,,115,1,
FRAME,1316,C74C,D,65,67,F4,1,1,5,6,1,1,2,00,00,00,,,,,115,1,
RNG,1317,C535,D,65,67,F4,1,1,5,6,1,1,2,00,00,00,C535,,,115,1,
FRAME,1317,C74C,D,93,EC,F5,1,3,3,6,1,1,2,00,00,00,,,,,115,1,
RNG,1318,C535,D,93,EC,F5,1,3,3,6,1,1,2,00,00,00,C535,,,115,1,
FRAME,1318,D0D9,D,16,BE,F6,0,2,6,3,1,1,2,00,00,00,,,,,115,1,
RNG,1319,C535,D,16,BE,F6,0,2,6,3,1,1,2,00,00,00,C535,,,115,1,
C726,1319,C726,D,DF,1E,F7,1,3,7,1,1,1,2,00,00,00,C726,,,116,1,
C726,1319,C726,D,DF,1E,F7,1,3,7,1,1,1,2,00,00,00,C726,,,117,1,
C726,1319,C726,D,DF,1E,F7,1,3,7,1,1,1,2,00,00,00,C726,,,118,1,
C726,1319,C726,D,DF,1E,F7,1,3,7,1,1,1,2,00,00,00,C726,,,119,1,
C726,1319,C726,D,DF,1E,F7,1,3,7,1,1,1,2,00,00,00,C726,,,120,1,
C726,1319,C726,D,DF,1E,F7,1,3,7,1,1,1,2,00,00,00,C726,,,121,1,
C726,1319,C726,D,DF,1E,F7,1,3,7,1,1,1,2,00,00,00,C726,,,122,1,
OBJECT,1319,C74C,D,DF,1E,F7,1,3,7,1,1,1,2,00,00,00,8,$0208,26,122,1,
OBJECT,1319,C74C,D,DF,1E,F7,1,3,7,1,1,1,2,00,00,00,9,$0209,5E,122,1,
OBJECT,1319,C74C,D,DF,1E,F7,1,3,7,1,1,1,2,00,00,00,10,$020A,01,122,1,
OBJECT,1319,C74C,D,DF,1E,F7,1,3,7,1,1,1,2,00,00,00,11,$020B,4B,122,1,
OBJECT,1319,C74C,D,DF,1E,F7,1,3,7,1,1,1,2,00,00,00,12,$020C,46,122,1,
OBJECT,1319,C74C,D,DF,1E,F7,1,3,7,1,1,1,2,00,00,00,13,$020D,48,122,1,
OBJECT,1319,C74C,D,DF,1E,F7,1,3,7,1,1,1,2,00,00,00,14,$020E,09,122,1,
FRAME,1319,C74C,D,DF,1E,F7,1,3,7,1,1,1,2,00,00,00,,,,,122,1,
RNG,1320,C535,D,DF,1E,F7,1,3,7,1,1,1,2,00,00,00,C535,,,122,1,
FRAME,1320,C74C,D,E1,61,F8,1,1,1,6,1,1,2,00,00,00,,,,,122,1,
RNG,1321,C535,D,E1,61,F8,1,1,1,6,1,1,2,00,00,00,C535,,,122,1,
FRAME,1321,C74E,D,B1,A5,F9,1,1,1,2,1,1,2,00,00,00,,,,,122,1,
RNG,1322,C535,D,B1,A5,F9,1,1,1,2,1,1,2,00,00,00,C535,,,122,1,
C726,1322,C726,D,B4,F8,FA,0,0,4,7,1,1,2,00,00,00,C726,,,123,1,
OBJECT,1322,E022,D,B4,F8,FA,0,0,4,7,1,1,2,00,00,00,15,$020F,26,123,1,
FRAME,1322,E022,D,B4,F8,FA,0,0,4,7,1,1,2,00,00,00,,,,,123,1,
RNG,1323,C535,D,B4,F8,FA,0,0,4,7,1,1,2,00,00,00,C535,,,123,1,
C726,1323,C726,D,00,4C,FB,0,0,0,4,1,1,2,00,00,00,C726,,,124,1,
C726,1323,C726,D,00,4C,FB,0,0,0,4,1,1,2,00,00,00,C726,,,125,1,
C726,1323,C726,D,00,4C,FB,0,0,0,4,1,1,2,00,00,00,C726,,,126,1,
C726,1323,C726,D,00,4C,FB,0,0,0,4,1,1,2,00,00,00,C726,,,127,1,
C726,1323,C726,D,00,4C,FB,0,0,0,4,1,1,2,00,00,00,C726,,,128,1,
C726,1323,C726,D,00,4C,FB,0,0,0,4,1,1,2,00,00,00,C726,,,129,1,
OBJECT,1323,C74A,D,00,4C,FB,0,0,0,4,1,1,2,00,00,00,16,$0210,5E,129,1,
OBJECT,1323,C74A,D,00,4C,FB,0,0,0,4,1,1,2,00,00,00,17,$0211,01,129,1,
OBJECT,1323,C74A,D,00,4C,FB,0,0,0,4,1,1,2,00,00,00,18,$0212,4B,129,1,
OBJECT,1323,C74A,D,00,4C,FB,0,0,0,4,1,1,2,00,00,00,19,$0213,46,129,1,
OBJECT,1323,C74A,D,00,4C,FB,0,0,0,4,1,1,2,00,00,00,20,$0214,48,129,1,
OBJECT,1323,C74A,D,00,4C,FB,0,0,0,4,1,1,2,00,00,00,21,$0215,09,129,1,
FRAME,1323,C74A,D,00,4C,FB,0,0,0,4,1,1,2,00,00,00,,,,,129,1,
RNG,1324,C535,D,00,4C,FB,0,0,0,4,1,1,2,00,00,00,C535,,,129,1,
FRAME,1324,C74A,D,62,AF,FC,0,2,2,2,1,1,2,00,00,00,,,,,129,1,
RNG,1325,C535,D,62,AF,FC,0,2,2,2,1,1,2,00,00,00,C535,,,129,1,
FRAME,1325,C74C,D,E5,13,FD,1,1,5,1,1,1,2,00,00,00,,,,,129,1,
RNG,1326,C535,D,E5,13,FD,1,1,5,1,1,1,2,00,00,00,C535,,,129,1,
C726,1326,C726,D,31,58,FE,1,1,1,5,1,1,2,00,00,00,C726,,,130,1,
OBJECT,1326,E060,D,31,58,FE,1,1,1,5,1,1,2,00,00,00,22,$0216,26,130,1,
FRAME,1326,E060,D,31,58,FE,1,1,1,5,1,1,2,00,00,00,,,,,130,1,
RNG,1327,C535,D,31,58,FE,1,1,1,5,1,1,2,00,00,00,C535,,,130,1,
C726,1327,C726,D,17,9E,FF,1,3,7,1,1,1,2,00,00,00,C726,,,131,1,
C726,1327,C726,D,17,9E,FF,1,3,7,1,1,1,2,00,00,00,C726,,,132,1,
C726,1327,C726,D,17,9E,FF,1,3,7,1,1,1,2,00,00,00,C726,,,133,1,
C726,1327,C726,D,17,9E,FF,1,3,7,1,1,1,2,00,00,00,C726,,,134,1,
C726,1327,C726,D,17,9E,FF,1,3,7,1,1,1,2,00,00,00,C726,,,135,1,
C726,1327,C726,D,17,9E,FF,1,3,7,1,1,1,2,00,00,00,C726,,,136,1,
OBJECT,1327,C74C,D,17,9E,FF,1,3,7,1,1,1,2,00,00,00,23,$0217,5E,136,1,
OBJECT,1327,C74C,D,17,9E,FF,1,3,7,1,1,1,2,00,00,00,24,$0218,01,136,1,
OBJECT,1327,C74C,D,17,9E,FF,1,3,7,1,1,1,2,00,00,00,25,$0219,4B,136,1,
OBJECT,1327,C74C,D,17,9E,FF,1,3,7,1,1,1,2,00,00,00,26,$021A,46,136,1,
OBJECT,1327,C74C,D,17,9E,FF,1,3,7,1,1,1,2,00,00,00,27,$021B,48,136,1,
OBJECT,1327,C74C,D,17,9E,FF,1,3,7,1,1,1,2,00,00,00,28,$021C,09,136,1,
FRAME,1327,C74C,D,17,9E,FF,1,3,7,1,1,1,2,00,00,00,,,,,136,1,
RNG,1328,C535,D,17,9E,FF,1,3,7,1,1,1,2,00,00,00,C535,,,136,1,
FRAME,1328,C74C,D,9A,F3,00,0,2,2,7,1,1,2,00,00,00,,,,,136,1,
RNG,1329,C535,D,9A,F3,00,0,2,2,7,1,1,2,00,00,00,C535,,,136,1,
FRAME,1329,C74E,D,6A,80,01,0,2,2,0,1,1,2,00,00,00,,,,,136,1,
RNG,1330,C535,D,6A,80,01,0,2,2,0,1,1,2,00,00,00,C535,,,136,1,
C726,1330,C726,D,45,53,02,1,1,5,5,1,1,2,00,00,00,C726,,,137,1,
OBJECT,1330,E062,D,45,53,02,1,1,5,5,1,1,2,00,00,00,29,$021D,26,137,1,
FRAME,1330,E062,D,45,53,02,1,1,5,5,1,1,2,00,00,00,,,,,137,1,
RNG,1331,C535,D,45,53,02,1,1,5,5,1,1,2,00,00,00,C535,,,137,1,
C726,1331,C726,D,F2,5A,03,0,2,2,5,1,1,2,00,00,00,C726,,,138,1,
C726,1331,C726,D,F2,5A,03,0,2,2,5,1,1,2,00,00,00,C726,,,139,1,
C726,1331,C726,D,F2,5A,03,0,2,2,5,1,1,2,00,00,00,C726,,,140,1,
C726,1331,C726,D,F2,5A,03,0,2,2,5,1,1,2,00,00,00,C726,,,141,1,
C726,1331,C726,D,F2,5A,03,0,2,2,5,1,1,2,00,00,00,C726,,,142,1,
C726,1331,C726,D,F2,5A,03,0,2,2,5,1,1,2,00,00,00,C726,,,143,1,
OBJECT,1331,C74E,D,F2,5A,03,0,2,2,5,1,1,2,00,00,00,30,$021E,5E,143,1,
OBJECT,1331,C74E,D,F2,5A,03,0,2,2,5,1,1,2,00,00,00,31,$021F,01,143,1,
OBJECT,1331,C74E,D,F2,5A,03,0,2,2,5,1,1,2,00,00,00,32,$0220,4B,143,1,
OBJECT,1331,C74E,D,F2,5A,03,0,2,2,5,1,1,2,00,00,00,33,$0221,46,143,1,
OBJECT,1331,C74E,D,F2,5A,03,0,2,2,5,1,1,2,00,00,00,34,$0222,48,143,1,
OBJECT,1331,C74E,D,F2,5A,03,0,2,2,5,1,1,2,00,00,00,35,$0223,09,143,1,
FRAME,1331,C74E,D,F2,5A,03,0,2,2,5,1,1,2,00,00,00,,,,,143,1,
RNG,1332,C535,D,F2,5A,03,0,2,2,5,1,1,2,00,00,00,C535,,,143,1,
FRAME,1332,C74A,D,1D,E7,04,1,1,5,6,1,1,2,00,00,00,,,,,143,1,
RNG,1333,C535,D,1D,E7,04,1,1,5,6,1,1,2,00,00,00,C535,,,143,1,
FRAME,1333,C74C,D,24,C2,05,0,0,4,4,1,1,2,00,00,00,,,,,143,1,
RNG,1334,C535,D,24,C2,05,0,0,4,4,1,1,2,00,00,00,C535,,,143,1,
C726,1334,C726,D,F1,C9,06,1,1,1,4,1,1,2,00,00,00,C726,,,144,1,
OBJECT,1334,E034,D,F1,C9,06,1,1,1,4,1,1,2,00,00,00,36,$0224,26,144,1,
FRAME,1334,E034,D,F1,C9,06,1,1,1,4,1,1,2,00,00,00,,,,,144,1,
RNG,1335,C535,D,F1,C9,06,1,1,1,4,1,1,2,00,00,00,C535,,,144,1,
C726,1335,C726,D,74,E1,07,0,0,4,6,1,1,2,00,00,00,C726,,,145,1,
C726,1335,C726,D,74,E1,07,0,0,4,6,1,1,2,00,00,00,C726,,,146,1,
C726,1335,C726,D,74,E1,07,0,0,4,6,1,1,2,00,00,00,C726,,,147,1,
C726,1335,C726,D,74,E1,07,0,0,4,6,1,1,2,00,00,00,C726,,,148,1,
C726,1335,C726,D,74,E1,07,0,0,4,6,1,1,2,00,00,00,C726,,,149,1,
C726,1335,C726,D,74,E1,07,0,0,4,6,1,1,2,00,00,00,C726,,,150,1,
OBJECT,1335,C74A,D,74,E1,07,0,0,4,6,1,1,2,00,00,00,37,$0225,5E,150,1,
OBJECT,1335,C74A,D,74,E1,07,0,0,4,6,1,1,2,00,00,00,38,$0226,01,150,1,
OBJECT,1335,C74A,D,74,E1,07,0,0,4,6,1,1,2,00,00,00,39,$0227,4B,150,1,
OBJECT,1335,C74A,D,74,E1,07,0,0,4,6,1,1,2,00,00,00,40,$0228,46,150,1,
OBJECT,1335,C74A,D,74,E1,07,0,0,4,6,1,1,2,00,00,00,41,$0229,48,150,1,
OBJECT,1335,C74A,D,74,E1,07,0,0,4,6,1,1,2,00,00,00,42,$022A,09,150,1,
FRAME,1335,C74A,D,74,E1,07,0,0,4,6,1,1,2,00,00,00,,,,,150,1,
RNG,1336,C535,D,74,E1,07,0,0,4,6,1,1,2,00,00,00,C535,,,150,1,
FRAME,1336,C74E,D,7B,4A,08,1,3,3,4,1,1,2,00,00,00,,,,,150,1,
RNG,1337,C535,D,7B,4A,08,1,3,3,4,1,1,2,00,00,00,C535,,,150,1,
FRAME,1337,C74C,D,0B,52,09,1,3,3,5,1,1,2,00,00,00,,,,,150,1,
RNG,1338,C535,D,0B,52,09,1,3,3,5,1,1,2,00,00,00,C535,,,150,1,
C726,1338,C726,D,12,DF,0A,0,2,2,5,1,1,2,00,00,00,C726,,,151,1,
OBJECT,1338,E065,D,12,DF,0A,0,2,2,5,1,1,2,00,00,00,43,$022B,26,151,1,
FRAME,1338,E065,D,12,DF,0A,0,2,2,5,1,1,2,00,00,00,,,,,151,1,
RNG,1339,C535,D,12,DF,0A,0,2,2,5,1,1,2,00,00,00,C535,,,151,1,
C726,1339,C726,D,B7,AE,0B,1,3,7,2,1,1,2,00,00,00,C726,,,152,1,
C726,1339,C726,D,B7,AE,0B,1,3,7,2,1,1,2,00,00,00,C726,,,153,1,
C726,1339,C726,D,B7,AE,0B,1,3,7,2,1,1,2,00,00,00,C726,,,154,1,
C726,1339,C726,D,B7,AE,0B,1,3,7,2,1,1,2,00,00,00,C726,,,155,1,
C726,1339,C726,D,B7,AE,0B,1,3,7,2,1,1,2,00,00,00,C726,,,156,1,
C726,1339,C726,D,B7,AE,0B,1,3,7,2,1,1,2,00,00,00,C726,,,157,1,
OBJECT,1339,C74C,D,B7,AE,0B,1,3,7,2,1,1,2,00,00,00,44,$022C,5E,157,1,
OBJECT,1339,C74C,D,B7,AE,0B,1,3,7,2,1,1,2,00,00,00,45,$022D,01,157,1,
OBJECT,1339,C74C,D,B7,AE,0B,1,3,7,2,1,1,2,00,00,00,46,$022E,4B,157,1,
OBJECT,1339,C74C,D,B7,AE,0B,1,3,7,2,1,1,2,00,00,00,47,$022F,46,157,1,
OBJECT,1339,C74C,D,B7,AE,0B,1,3,7,2,1,1,2,00,00,00,48,$0230,48,157,1,
OBJECT,1339,C74C,D,B7,AE,0B,1,3,7,2,1,1,2,00,00,00,49,$0231,09,157,1,
FRAME,1339,C74C,D,B7,AE,0B,1,3,7,2,1,1,2,00,00,00,,,,,157,1,
RNG,1340,C535,D,B7,AE,0B,1,3,7,2,1,1,2,00,00,00,C535,,,157,1,
FRAME,1340,C74C,D,96,B5,0C,0,2,6,3,1,1,2,00,00,00,,,,,157,1,
RNG,1341,C535,D,96,B5,0C,0,2,6,3,1,1,2,00,00,00,C535,,,157,1,
FRAME,1341,C74C,D,BF,42,0D,1,3,7,4,1,1,2,00,00,00,,,,,157,1,
RNG,1342,C535,D,BF,42,0D,1,3,7,4,1,1,2,00,00,00,C535,,,157,1,
C726,1342,C726,D,C6,19,0E,0,2,6,1,1,1,2,00,00,00,C726,,,158,1,
OBJECT,1342,E061,D,C6,19,0E,0,2,6,1,1,1,2,00,00,00,50,$0232,26,158,1,
FRAME,1342,E061,D,C6,19,0E,0,2,6,1,1,1,2,00,00,00,,,,,158,1,
RNG,1343,C535,D,C6,19,0E,0,2,6,1,1,1,2,00,00,00,C535,,,158,1,
C726,1343,C726,D,12,20,0F,0,2,2,2,1,1,2,00,00,00,C726,,,159,1,
C726,1343,C726,D,12,20,0F,0,2,2,2,1,1,2,00,00,00,C726,,,160,1,
C726,1343,C726,D,12,20,0F,0,2,2,2,1,1,2,00,00,00,C726,,,161,1,
C726,1343,C726,D,12,20,0F,0,2,2,2,1,1,2,00,00,00,C726,,,162,1,
C726,1343,C726,D,12,20,0F,0,2,2,2,1,1,2,00,00,00,C726,,,163,1,
C726,1343,C726,D,12,20,0F,0,2,2,2,1,1,2,00,00,00,C726,,,164,1,
OBJECT,1343,C74A,D,12,20,0F,0,2,2,2,1,1,2,00,00,00,51,$0233,5E,164,1,
OBJECT,1343,C74A,D,12,20,0F,0,2,2,2,1,1,2,00,00,00,52,$0234,01,164,1,
OBJECT,1343,C74A,D,12,20,0F,0,2,2,2,1,1,2,00,00,00,53,$0235,4B,164,1,
OBJECT,1343,C74A,D,12,20,0F,0,2,2,2,1,1,2,00,00,00,54,$0236,46,164,1,
OBJECT,1343,C74A,D,12,20,0F,0,2,2,2,1,1,2,00,00,00,55,$0237,48,164,1,
OBJECT,1343,C74A,D,12,20,0F,0,2,2,2,1,1,2,00,00,00,56,$0238,09,164,1,
FRAME,1343,C74A,D,12,20,0F,0,2,2,2,1,1,2,00,00,00,,,,,164,1,
RNG,1344,C535,D,12,20,0F,0,2,2,2,1,1,2,00,00,00,C535,,,164,1,
FRAME,1344,C74A,D,7E,AD,10,0,2,6,2,1,1,2,00,00,00,,,,,164,1,
RNG,1345,C535,D,7E,AD,10,0,2,6,2,1,1,2,00,00,00,C535,,,164,1,
FRAME,1345,C74C,D,FF,8C,11,1,3,7,0,1,1,2,00,00,00,,,,,164,1,
RNG,1346,C535,D,FF,8C,11,1,3,7,0,1,1,2,00,00,00,C535,,,164,1,
C726,1346,C726,D,A4,93,12,0,0,4,1,1,1,2,00,00,00,C726,,,165,1,
OBJECT,1346,E05F,D,A4,93,12,0,0,4,1,1,1,2,00,00,00,57,$0239,26,165,1,
FRAME,1346,E05F,D,A4,93,12,0,0,4,1,1,1,2,00,00,00,,,,,165,1,
RNG,1347,C535,D,A4,93,12,0,0,4,1,1,1,2,00,00,00,C535,,,165,1,
C726,1347,C726,D,83,3C,13,1,3,3,3,1,1,2,00,00,00,C726,,,166,1,
C726,1347,C726,D,83,3C,13,1,3,3,3,1,1,2,00,00,00,C726,,,167,1,
C726,1347,C726,D,83,3C,13,1,3,3,3,1,1,2,00,00,00,C726,,,168,1,
C726,1347,C726,D,83,3C,13,1,3,3,3,1,1,2,00,00,00,C726,,,169,1,
C726,1347,C726,D,83,3C,13,1,3,3,3,1,1,2,00,00,00,C726,,,170,1,
C726,1347,C726,D,83,3C,13,1,3,3,3,1,1,2,00,00,00,C726,,,171,1,
OBJECT,1347,C74A,D,83,3C,13,1,3,3,3,1,1,2,00,00,00,58,$023A,5E,171,1,
OBJECT,1347,C74A,D,83,3C,13,1,3,3,3,1,1,2,00,00,00,59,$023B,01,171,1,
OBJECT,1347,C74A,D,83,3C,13,1,3,3,3,1,1,2,00,00,00,60,$023C,4B,171,1,
OBJECT,1347,C74A,D,83,3C,13,1,3,3,3,1,1,2,00,00,00,61,$023D,46,171,1,
OBJECT,1347,C74A,D,83,3C,13,1,3,3,3,1,1,2,00,00,00,62,$023E,48,171,1,
OBJECT,1347,C74A,D,83,3C,13,1,3,3,3,1,1,2,00,00,00,63,$023F,09,171,1,
FRAME,1347,C74A,D,83,3C,13,1,3,3,3,1,1,2,00,00,00,,,,,171,1,
RNG,1348,C535,D,83,3C,13,1,3,3,3,1,1,2,00,00,00,C535,,,171,1,
FRAME,1348,C74C,D,AC,3C,14,0,0,4,3,1,1,2,00,00,00,,,,,171,1,
RNG,1349,C535,D,AC,3C,14,0,0,4,3,1,1,2,00,00,00,C535,,,171,1,
FRAME,1349,C74C,D,B3,C9,15,1,3,3,4,1,1,2,00,00,00,,,,,171,1,
RNG,1350,C535,D,B3,C9,15,1,3,3,4,1,1,2,00,00,00,C535,,,171,1,
C726,1350,C726,D,EB,BD,16,1,3,3,3,1,1,2,00,00,00,C726,,,172,1,
OBJECT,1350,E05F,D,EB,BD,16,1,3,3,3,1,1,2,00,00,00,0,$0200,26,172,1,
FRAME,1350,E05F,D,EB,BD,16,1,3,3,3,1,1,2,00,00,00,,,,,172,1,
RNG,1351,C535,D,EB,BD,16,1,3,3,3,1,1,2,00,00,00,C535,,,172,1,
C726,1351,C726,D,D4,C0,17,0,0,4,4,1,1,2,00,00,00,C726,,,173,1,
C726,1351,C726,D,D4,C0,17,0,0,4,4,1,1,2,00,00,00,C726,,,174,1,
C726,1351,C726,D,D4,C0,17,0,0,4,4,1,1,2,00,00,00,C726,,,175,1,
C726,1351,C726,D,D4,C0,17,0,0,4,4,1,1,2,00,00,00,C726,,,176,1,
C726,1351,C726,D,D4,C0,17,0,0,4,4,1,1,2,00,00,00,C726,,,177,1,
C726,1351,C726,D,D4,C0,17,0,0,4,4,1,1,2,00,00,00,C726,,,178,1,
OBJECT,1351,C74A,D,D4,C0,17,0,0,4,4,1,1,2,00,00,00,1,$0201,5E,178,1,
OBJECT,1351,C74A,D,D4,C0,17,0,0,4,4,1,1,2,00,00,00,2,$0202,01,178,1,
OBJECT,1351,C74A,D,D4,C0,17,0,0,4,4,1,1,2,00,00,00,3,$0203,4B,178,1,
OBJECT,1351,C74A,D,D4,C0,17,0,0,4,4,1,1,2,00,00,00,4,$0204,46,178,1,
OBJECT,1351,C74A,D,D4,C0,17,0,0,4,4,1,1,2,00,00,00,5,$0205,48,178,1,
OBJECT,1351,C74A,D,D4,C0,17,0,0,4,4,1,1,2,00,00,00,6,$0206,09,178,1,
FRAME,1351,C74A,D,D4,C0,17,0,0,4,4,1,1,2,00,00,00,,,,,178,1,
RNG,1352,C535,D,D4,C0,17,0,0,4,4,1,1,2,00,00,00,C535,,,178,1,
FRAME,1352,C74C,D,DD,4D,18,1,1,5,4,1,1,2,00,00,00,,,,,178,1,
RNG,1353,C535,D,DD,4D,18,1,1,5,4,1,1,2,00,00,00,C535,,,178,1,
FRAME,1353,C74C,D,62,42,19,0,2,2,4,1,1,2,00,00,00,,,,,178,1,
RNG,1354,C535,D,62,42,19,0,2,2,4,1,1,2,00,00,00,C535,,,178,1,
C726,1354,C726,D,E9,45,1A,1,1,1,4,1,1,2,00,00,00,C726,,,179,1,
OBJECT,1354,E037,D,E9,45,1A,1,1,1,4,1,1,2,00,00,00,7,$0207,26,179,1,
FRAME,1354,E037,D,E9,45,1A,1,1,1,4,1,1,2,00,00,00,,,,,179,1,
RNG,1355,C535,D,E9,45,1A,1,1,1,4,1,1,2,00,00,00,C535,,,179,1,
C726,1355,C726,D,8B,D2,1B,1,3,3,5,1,1,2,00,00,00,C726,,,180,1,
C726,1355,C726,D,8B,D2,1B,1,3,3,5,1,1,2,00,00,00,C726,,,181,1,
C726,1355,C726,D,8B,D2,1B,1,3,3,5,1,1,2,00,00,00,C726,,,182,1,
C726,1355,C726,D,8B,D2,1B,1,3,3,5,1,1,2,00,00,00,C726,,,183,1,
C726,1355,C726,D,8B,D2,1B,1,3,3,5,1,1,2,00,00,00,C726,,,184,1,
C726,1355,C726,D,8B,D2,1B,1,3,3,5,1,1,2,00,00,00,C726,,,185,1,
OBJECT,1355,C74A,D,8B,D2,1B,1,3,3,5,1,1,2,00,00,00,8,$0208,5E,185,1,
OBJECT,1355,C74A,D,8B,D2,1B,1,3,3,5,1,1,2,00,00,00,9,$0209,01,185,1,
OBJECT,1355,C74A,D,8B,D2,1B,1,3,3,5,1,1,2,00,00,00,10,$020A,4B,185,1,
OBJECT,1355,C74A,D,8B,D2,1B,1,3,3,5,1,1,2,00,00,00,11,$020B,46,185,1,
OBJECT,1355,C74A,D,8B,D2,1B,1,3,3,5,1,1,2,00,00,00,12,$020C,48,185,1,
OBJECT,1355,C74A,D,8B,D2,1B,1,3,3,5,1,1,2,00,00,00,13,$020D,09,185,1,
FRAME,1355,C74A,D,8B,D2,1B,1,3,3,5,1,1,2,00,00,00,,,,,185,1,
RNG,1356,C535,D,8B,D2,1B,1,3,3,5,1,1,2,00,00,00,C535,,,185,1,
FRAME,1356,C74A,D,8B,C8,1C,1,3,3,4,1,1,2,00,00,00,,,,,185,1,
RNG,1357,C535,D,8B,C8,1C,1,3,3,4,1,1,2,00,00,00,C535,,,185,1,
FRAME,1357,C74C,D,34,CB,1D,0,0,4,4,1,1,2,00,00,00,,,,,185,1,
RNG,1358,C535,D,34,CB,1D,0,0,4,4,1,1,2,00,00,00,C535,,,185,1,
C726,1358,C726,D,3A,58,1E,0,2,2,5,1,1,2,00,00,00,C726,,,186,1,
OBJECT,1358,E05F,D,3A,58,1E,0,2,2,5,1,1,2,00,00,00,14,$020E,26,186,1,
FRAME,1358,E05F,D,3A,58,1E,0,2,2,5,1,1,2,00,00,00,,,,,186,1,
RNG,1359,C535,D,3A,58,1E,0,2,2,5,1,1,2,00,00,00,C535,,,186,1,
C726,1359,C726,D,BF,4F,1F,1,3,7,4,1,1,2,00,00,00,C726,,,187,1,
C726,1359,C726,D,BF,4F,1F,1,3,7,4,1,1,2,00,00,00,C726,,,188,1,
C726,1359,C726,D,BF,4F,1F,1,3,7,4,1,1,2,00,00,00,C726,,,189,1,
C726,1359,C726,D,BF,4F,1F,1,3,7,4,1,1,2,00,00,00,C726,,,190,1,
C726,1359,C726,D,BF,4F,1F,1,3,7,4,1,1,2,00,00,00,C726,,,191,1,
C726,1359,C726,D,BF,4F,1F,1,3,7,4,1,1,2,00,00,00,C726,,,192,1,
OBJECT,1359,C74E,D,BF,4F,1F,1,3,7,4,1,1,2,00,00,00,15,$020F,5E,192,1,
OBJECT,1359,C74E,D,BF,4F,1F,1,3,7,4,1,1,2,00,00,00,16,$0210,01,192,1,
OBJECT,1359,C74E,D,BF,4F,1F,1,3,7,4,1,1,2,00,00,00,17,$0211,4B,192,1,
OBJECT,1359,C74E,D,BF,4F,1F,1,3,7,4,1,1,2,00,00,00,18,$0212,46,192,1,
OBJECT,1359,C74E,D,BF,4F,1F,1,3,7,4,1,1,2,00,00,00,19,$0213,48,192,1,
OBJECT,1359,C74E,D,BF,4F,1F,1,3,7,4,1,1,2,00,00,00,20,$0214,09,192,1,
FRAME,1359,C74E,D,BF,4F,1F,1,3,7,4,1,1,2,00,00,00,,,,,192,1,
RNG,1360,C535,D,BF,4F,1F,1,3,7,4,1,1,2,00,00,00,C535,,,192,1,
FRAME,1360,C74E,D,47,52,20,1,3,7,5,1,1,2,00,00,00,,,,,192,1,
RNG,1361,C535,D,47,52,20,1,3,7,5,1,1,2,00,00,00,C535,,,192,1,
FRAME,1361,C74A,D,E7,40,21,1,3,7,4,1,1,2,00,00,00,,,,,192,1,
RNG,1362,C535,D,E7,40,21,1,3,7,4,1,1,2,00,00,00,C535,,,192,1,
C726,1362,C726,D,E7,33,22,1,3,7,3,1,1,2,00,00,00,C726,,,193,1,
OBJECT,1362,E065,D,E7,33,22,1,3,7,3,1,1,2,00,00,00,21,$0215,26,193,1,
FRAME,1362,E065,D,E7,33,22,1,3,7,3,1,1,2,00,00,00,,,,,193,1,
RNG,1363,C535,D,E7,33,22,1,3,7,3,1,1,2,00,00,00,C535,,,193,1,
C726,1363,C726,D,6D,36,23,1,1,5,3,1,1,2,00,00,00,C726,,,194,1,
C726,1363,C726,D,6D,36,23,1,1,5,3,1,1,2,00,00,00,C726,,,195,1,
C726,1363,C726,D,6D,36,23,1,1,5,3,1,1,2,00,00,00,C726,,,196,1,
C726,1363,C726,D,6D,36,23,1,1,5,3,1,1,2,00,00,00,C726,,,197,1,
C726,1363,C726,D,6D,36,23,1,1,5,3,1,1,2,00,00,00,C726,,,198,1,
C726,1363,C726,D,6D,36,23,1,1,5,3,1,1,2,00,00,00,C726,,,199,1,
OBJECT,1363,C74C,D,6D,36,23,1,1,5,3,1,1,2,00,00,00,22,$0216,5E,199,1,
OBJECT,1363,C74C,D,6D,36,23,1,1,5,3,1,1,2,00,00,00,23,$0217,01,199,1,
OBJECT,1363,C74C,D,6D,36,23,1,1,5,3,1,1,2,00,00,00,24,$0218,4B,199,1,
OBJECT,1363,C74C,D,6D,36,23,1,1,5,3,1,1,2,00,00,00,25,$0219,46,199,1,
OBJECT,1363,C74C,D,6D,36,23,1,1,5,3,1,1,2,00,00,00,26,$021A,48,199,1,
OBJECT,1363,C74C,D,6D,36,23,1,1,5,3,1,1,2,00,00,00,27,$021B,09,199,1,
FRAME,1363,C74C,D,6D,36,23,1,1,5,3,1,1,2,00,00,00,,,,,199,1,
RNG,1364,C535,D,6D,36,23,1,1,5,3,1,1,2,00,00,00,C535,,,199,1,
FRAME,1364,C74C,D,F6,82,24,0,2,6,0,1,1,2,00,00,00,,,,,199,1,
RNG,1365,C535,D,F6,82,24,0,2,6,0,1,1,2,00,00,00,C535,,,199,1,
FRAME,1365,C74E,D,7A,55,25,0,2,2,5,1,1,2,00,00,00,,,,,199,1,
RNG,1366,C535,D,7A,55,25,0,2,2,5,1,1,2,00,00,00,C535,,,199,1,
C726,1366,C726,D,04,EA,26,0,0,4,6,1,1,2,00,00,00,C726,,,200,1,
OBJECT,1366,E032,D,04,EA,26,0,0,4,6,1,1,2,00,00,00,28,$021C,26,200,1,
FRAME,1366,E032,D,04,EA,26,0,0,4,6,1,1,2,00,00,00,,,,,200,1,
RNG,1367,C535,D,04,EA,26,0,0,4,6,1,1,2,00,00,00,C535,,,200,1,
C726,1367,C726,D,BD,8F,27,1,1,5,0,1,1,2,00,00,00,C726,,,201,1,
C726,1367,C726,D,BD,8F,27,1,1,5,0,1,1,2,00,00,00,C726,,,202,1,
C726,1367,C726,D,BD,8F,27,1,1,5,0,1,1,2,00,00,00,C726,,,203,1,
C726,1367,C726,D,BD,8F,27,1,1,5,0,1,1,2,00,00,00,C726,,,204,1,
C726,1367,C726,D,BD,8F,27,1,1,5,0,1,1,2,00,00,00,C726,,,205,1,
C726,1367,C726,D,BD,8F,27,1,1,5,0,1,1,2,00,00,00,C726,,,206,1,
OBJECT,1367,C74A,D,BD,8F,27,1,1,5,0,1,1,2,00,00,00,29,$021D,5E,206,1,
OBJECT,1367,C74A,D,BD,8F,27,1,1,5,0,1,1,2,00,00,00,30,$021E,01,206,1,
OBJECT,1367,C74A,D,BD,8F,27,1,1,5,0,1,1,2,00,00,00,31,$021F,4B,206,1,
OBJECT,1367,C74A,D,BD,8F,27,1,1,5,0,1,1,2,00,00,00,32,$0220,46,206,1,
OBJECT,1367,C74A,D,BD,8F,27,1,1,5,0,1,1,2,00,00,00,33,$0221,48,206,1,
OBJECT,1367,C74A,D,BD,8F,27,1,1,5,0,1,1,2,00,00,00,34,$0222,09,206,1,
FRAME,1367,C74A,D,BD,8F,27,1,1,5,0,1,1,2,00,00,00,,,,,206,1,
RNG,1368,C535,D,BD,8F,27,1,1,5,0,1,1,2,00,00,00,C535,,,206,1,
FRAME,1368,C74A,D,3E,5C,28,0,2,6,5,1,1,2,00,00,00,,,,,206,1,
RNG,1369,C535,D,3E,5C,28,0,2,6,5,1,1,2,00,00,00,C535,,,206,1,
FRAME,1369,C74C,D,45,61,29,1,1,5,6,1,1,2,00,00,00,,,,,206,1,
RNG,1370,C535,D,45,61,29,1,1,5,6,1,1,2,00,00,00,C535,,,206,1,
C726,1370,C726,D,0E,2F,2A,0,2,6,2,1,1,2,00,00,00,C726,,,207,1,
C726,1370,C726,D,0E,2F,2A,0,2,6,2,1,1,2,00,00,00,C726,,,208,1,
C726,1370,C726,D,0E,2F,2A,0,2,6,2,1,1,2,00,00,00,C726,,,209,1,
OBJECT,1370,FF0D,D,0E,2F,2A,0,2,6,2,1,1,2,00,00,00,35,$0223,26,209,1,
OBJECT,1370,FF0D,D,0E,2F,2A,0,2,6,2,1,1,2,00,00,00,36,$0224,5E,209,1,
OBJECT,1370,FF0D,D,0E,2F,2A,0,2,6,2,1,1,2,00,00,00,37,$0225,01,209,1,
FRAME,1370,FF0D,D,0E,2F,2A,0,2,6,2,1,1,2,00,00,00,,,,,209,1,
RNG,1371,C535,D,0E,2F,2A,0,2,6,2,1,1,2,00,00,00,C535,,,209,1,
C726,1371,C726,D,50,34,2B,0,0,0,3,1,1,2,00,00,00,C726,,,210,1,
C726,1371,C726,D,50,34,2B,0,0,0,3,1,1,2,00,00,00,C726,,,211,1,
C726,1371,C726,D,50,34,2B,0,0,0,3,1,1,2,00,00,00,C726,,,212,1,
C726,1371,C726,D,50,34,2B,0,0,0,3,1,1,2,00,00,00,C726,,,213,1,
OBJECT,1371,C74A,D,50,34,2B,0,0,0,3,1,1,2,00,00,00,38,$0226,4B,213,1,
OBJECT,1371,C74A,D,50,34,2B,0,0,0,3,1,1,2,00,00,00,39,$0227,46,213,1,
OBJECT,1371,C74A,D,50,34,2B,0,0,0,3,1,1,2,00,00,00,40,$0228,48,213,1,
OBJECT,1371,C74A,D,50,34,2B,0,0,0,3,1,1,2,00,00,00,41,$0229,09,213,1,
FRAME,1371,C74A,D,50,34,2B,0,0,0,3,1,1,2,00,00,00,,,,,213,1,
RNG,1372,C535,D,50,34,2B,0,0,0,3,1,1,2,00,00,00,C535,,,213,1,
FRAME,1372,C74A,D,20,03,2C,0,0,0,0,1,1,2,00,00,00,,,,,213,1,
RNG,1373,C535,D,20,03,2C,0,0,0,0,1,1,2,00,00,00,C535,,,213,1,
FRAME,1373,C74C,D,41,08,2D,1,1,1,0,1,1,2,00,00,00,,,,,213,1,
RNG,1374,C535,D,41,08,2D,1,1,1,0,1,1,2,00,00,00,C535,,,213,1,
C726,1374,C726,D,EA,D8,2E,0,2,2,5,1,1,2,00,00,00,C726,,,214,1,
C726,1374,C726,D,EA,D8,2E,0,2,2,5,1,1,2,00,00,00,C726,,,215,1,
C726,1374,C726,D,EA,D8,2E,0,2,2,5,1,1,2,00,00,00,C726,,,216,1,
OBJECT,1374,C6F1,D,EA,D8,2E,0,2,2,5,1,1,2,00,00,00,42,$022A,26,216,1,
OBJECT,1374,C6F1,D,EA,D8,2E,0,2,2,5,1,1,2,00,00,00,43,$022B,5E,216,1,
OBJECT,1374,C6F1,D,EA,D8,2E,0,2,2,5,1,1,2,00,00,00,44,$022C,01,216,1,
FRAME,1374,C6F1,D,EA,D8,2E,0,2,2,5,1,1,2,00,00,00,,,,,216,1,
C726,1375,C726,D,EA,D8,2E,0,2,2,5,0,1,2,00,00,00,C726,,,217,1,
C726,1375,C726,D,EA,D8,2E,0,2,2,5,0,1,2,00,00,00,C726,,,218,1,
C726,1375,C726,D,EA,D8,2E,0,2,2,5,0,1,2,00,00,00,C726,,,219,1,
C726,1375,C726,D,EA,D8,2E,0,2,2,5,0,1,2,00,00,00,C726,,,220,1,
OBJECT,1375,C74E,D,EA,D8,2E,0,2,2,5,0,1,2,00,00,00,45,$022D,4B,220,1,
OBJECT,1375,C74E,D,EA,D8,2E,0,2,2,5,0,1,2,00,00,00,46,$022E,46,220,1,
OBJECT,1375,C74E,D,EA,D8,2E,0,2,2,5,0,1,2,00,00,00,47,$022F,48,220,1,
OBJECT,1375,C74E,D,EA,D8,2E,0,2,2,5,0,1,2,00,00,00,48,$0230,09,220,1,
FRAME,1375,C74E,D,EA,D8,2E,0,2,2,5,0,1,2,00,00,00,,,,,220,1,
RNG,1376,C535,D,EA,D8,2E,0,2,2,5,1,2,2,00,00,00,C535,,,220,1,
FRAME,1376,C74E,D,EB,04,2F,1,3,3,0,1,2,2,00,00,00,,,,,220,1,
RNG,1377,C535,D,EB,04,2F,1,3,3,0,1,1,2,00,00,00,C535,,,220,1,
FRAME,1377,C74A,D,88,DD,30,0,0,0,5,1,1,2,00,00,00,,,,,220,1,
RNG,1378,C535,D,88,DD,30,0,0,0,5,1,1,2,00,00,00,C535,,,220,1,
C726,1378,C726,D,BD,DC,31,1,1,5,5,1,1,2,00,00,00,C726,,,221,1,
C726,1378,C726,D,BD,DC,31,1,1,5,5,1,1,2,00,00,00,C726,,,222,1,
C726,1378,C726,D,BD,DC,31,1,1,5,5,1,1,2,00,00,00,C726,,,223,1,
C726,1378,C726,D,BD,DC,31,1,1,5,5,1,1,2,00,00,00,C726,,,224,1,
C726,1378,C726,D,BD,DC,31,1,1,5,5,1,1,2,00,00,00,C726,,,225,1,
OBJECT,1378,FEE2,D,BD,DC,31,1,1,5,5,1,1,2,00,00,00,49,$0231,26,225,1,
OBJECT,1378,FEE2,D,BD,DC,31,1,1,5,5,1,1,2,00,00,00,50,$0232,5E,225,1,
OBJECT,1378,FEE2,D,BD,DC,31,1,1,5,5,1,1,2,00,00,00,51,$0233,01,225,1,
OBJECT,1378,FEE2,D,BD,DC,31,1,1,5,5,1,1,2,00,00,00,52,$0234,4B,225,1,
OBJECT,1378,FEE2,D,BD,DC,31,1,1,5,5,1,1,2,00,00,00,53,$0235,46,225,1,
FRAME,1378,FEE2,D,BD,DC,31,1,1,5,5,1,1,2,00,00,00,,,,,225,1,
RNG,1379,C535,D,BD,DC,31,1,1,5,5,1,1,2,00,00,00,C535,,,225,1,
C726,1379,C726,D,C0,CC,32,0,0,0,4,1,1,2,00,00,00,C726,,,226,1,
C726,1379,C726,D,C0,CC,32,0,0,0,4,1,1,2,00,00,00,C726,,,227,1,
OBJECT,1379,C74E,D,C0,CC,32,0,0,0,4,1,1,2,00,00,00,54,$0236,48,227,1,
OBJECT,1379,C74E,D,C0,CC,32,0,0,0,4,1,1,2,00,00,00,55,$0237,09,227,1,
FRAME,1379,C74E,D,C0,CC,32,0,0,0,4,1,1,2,00,00,00,,,,,227,1,
RNG,1380,C535,D,C0,CC,32,0,0,0,4,1,1,2,00,00,00,C535,,,227,1,
FRAME,1380,C74E,D,65,F9,33,1,1,5,7,1,1,2,00,00,00,,,,,227,1,
RNG,1381,C535,D,65,F9,33,1,1,5,7,1,1,2,00,00,00,C535,,,227,1,
FRAME,1381,C74A,D,EC,9B,34,0,0,4,1,1,1,2,00,00,00,,,,,227,1,
RNG,1382,C535,D,EC,9B,34,0,0,4,1,1,1,2,00,00,00,C535,,,227,1,
C726,1382,C726,D,D2,9B,35,0,2,2,1,1,1,2,00,00,00,C726,,,228,1,
C726,1382,C726,D,D2,9B,35,0,2,2,1,1,1,2,00,00,00,C726,,,229,1,
C726,1382,C726,D,D2,9B,35,0,2,2,1,1,1,2,00,00,00,C726,,,230,1,
C726,1382,C726,D,D2,9B,35,0,2,2,1,1,1,2,00,00,00,C726,,,231,1,
C726,1382,C726,D,D2,9B,35,0,2,2,1,1,1,2,00,00,00,C726,,,232,1,
C726,1382,C726,D,D2,9B,35,0,2,2,1,1,1,2,00,00,00,C726,,,233,1,
C726,1382,C726,D,D2,9B,35,0,2,2,1,1,1,2,00,00,00,C726,,,234,1,
OBJECT,1382,C74C,D,D2,9B,35,0,2,2,1,1,1,2,00,00,00,56,$0238,26,234,1,
OBJECT,1382,C74C,D,D2,9B,35,0,2,2,1,1,1,2,00,00,00,57,$0239,5E,234,1,
OBJECT,1382,C74C,D,D2,9B,35,0,2,2,1,1,1,2,00,00,00,58,$023A,01,234,1,
OBJECT,1382,C74C,D,D2,9B,35,0,2,2,1,1,1,2,00,00,00,59,$023B,4B,234,1,
OBJECT,1382,C74C,D,D2,9B,35,0,2,2,1,1,1,2,00,00,00,60,$023C,46,234,1,
OBJECT,1382,C74C,D,D2,9B,35,0,2,2,1,1,1,2,00,00,00,61,$023D,48,234,1,
OBJECT,1382,C74C,D,D2,9B,35,0,2,2,1,1,1,2,00,00,00,62,$023E,09,234,1,
FRAME,1382,C74C,D,D2,9B,35,0,2,2,1,1,1,2,00,00,00,,,,,234,1,
RNG,1383,C535,D,D2,9B,35,0,2,2,1,1,1,2,00,00,00,C535,,,234,1,
FRAME,1383,C74E,D,59,58,36,1,1,1,5,1,1,2,00,00,00,,,,,234,1,
RNG,1384,C535,D,59,58,36,1,1,1,5,1,1,2,00,00,00,C535,,,234,1,
FRAME,1384,C74E,D,F6,23,37,0,2,6,2,1,1,2,00,00,00,,,,,234,1,
RNG,1385,C535,D,F6,23,37,0,2,6,2,1,1,2,00,00,00,C535,,,234,1,
FRAME,1385,C74A,D,33,2A,38,1,3,3,2,1,1,2,00,00,00,,,,,234,1,
RNG,1386,C535,D,33,2A,38,1,3,3,2,1,1,2,00,00,00,C535,,,234,1,
C726,1386,C726,D,36,62,39,0,2,6,6,1,1,2,00,00,00,C726,,,235,1,
C726,1386,C726,D,36,62,39,0,2,6,6,1,1,2,00,00,00,C726,,,236,1,
C726,1386,C726,D,36,62,39,0,2,6,6,1,1,2,00,00,00,C726,,,237,1,
C726,1386,C726,D,36,62,39,0,2,6,6,1,1,2,00,00,00,C726,,,238,1,
C726,1386,C726,D,36,62,39,0,2,6,6,1,1,2,00,00,00,C726,,,239,1,
C726,1386,C726,D,36,62,39,0,2,6,6,1,1,2,00,00,00,C726,,,240,1,
C726,1386,C726,D,36,62,39,0,2,6,6,1,1,2,00,00,00,C726,,,241,1,
OBJECT,1386,C74E,D,36,62,39,0,2,6,6,1,1,2,00,00,00,0,$0200,5E,241,1,
OBJECT,1386,C74E,D,36,62,39,0,2,6,6,1,1,2,00,00,00,1,$0201,01,241,1,
OBJECT,1386,C74E,D,36,62,39,0,2,6,6,1,1,2,00,00,00,2,$0202,4B,241,1,
OBJECT,1386,C74E,D,36,62,39,0,2,6,6,1,1,2,00,00,00,3,$0203,46,241,1,
OBJECT,1386,C74E,D,36,62,39,0,2,6,6,1,1,2,00,00,00,4,$0204,48,241,1,
OBJECT,1386,C74E,D,36,62,39,0,2,6,6,1,1,2,00,00,00,5,$0205,09,241,1,
OBJECT,1386,C74E,D,36,62,39,0,2,6,6,1,1,2,00,00,00,63,$023F,26,241,1,
FRAME,1386,C74E,D,36,62,39,0,2,6,6,1,1,2,00,00,00,,,,,241,1,
RNG,1387,C535,D,36,62,39,0,2,6,6,1,1,2,00,00,00,C535,,,241,1,
FRAME,1387,C74A,D,DB,4B,3A,1,3,3,4,1,1,2,00,00,00,,,,,241,1,
RNG,1388,C535,D,DB,4B,3A,1,3,3,4,1,1,2,00,00,00,C535,,,241,1,
FRAME,1388,C74A,D,63,5B,3B,1,3,3,5,1,1,2,00,00,00,,,,,241,1,
RNG,1389,C535,D,63,5B,3B,1,3,3,5,1,1,2,00,00,00,C535,,,241,1,
FRAME,1389,C74C,D,49,F8,3C,1,1,1,7,1,1,2,00,00,00,,,,,241,1,
RNG,1390,C535,D,49,F8,3C,1,1,1,7,1,1,2,00,00,00,C535,,,241,1,
C726,1390,C726,D,D1,C3,3D,1,1,1,4,1,1,2,00,00,00,C726,,,242,1,
C726,1390,C726,D,D1,C3,3D,1,1,1,4,1,1,2,00,00,00,C726,,,243,1,
C726,1390,C726,D,D1,C3,3D,1,1,1,4,1,1,2,00,00,00,C726,,,244,1,
C726,1390,C726,D,D1,C3,3D,1,1,1,4,1,1,2,00,00,00,C726,,,245,1,
C726,1390,C726,D,D1,C3,3D,1,1,1,4,1,1,2,00,00,00,C726,,,246,1,
C726,1390,C726,D,D1,C3,3D,1,1,1,4,1,1,2,00,00,00,C726,,,247,1,
C726,1390,C726,D,D1,C3,3D,1,1,1,4,1,1,2,00,00,00,C726,,,248,1,
OBJECT,1390,C74C,D,D1,C3,3D,1,1,1,4,1,1,2,00,00,00,6,$0206,26,248,1,
OBJECT,1390,C74C,D,D1,C3,3D,1,1,1,4,1,1,2,00,00,00,7,$0207,5E,248,1,
OBJECT,1390,C74C,D,D1,C3,3D,1,1,1,4,1,1,2,00,00,00,8,$0208,01,248,1,
OBJECT,1390,C74C,D,D1,C3,3D,1,1,1,4,1,1,2,00,00,00,9,$0209,4B,248,1,
OBJECT,1390,C74C,D,D1,C3,3D,1,1,1,4,1,1,2,00,00,00,10,$020A,46,248,1,
OBJECT,1390,C74C,D,D1,C3,3D,1,1,1,4,1,1,2,00,00,00,11,$020B,48,248,1,
OBJECT,1390,C74C,D,D1,C3,3D,1,1,1,4,1,1,2,00,00,00,12,$020C,09,248,1,
FRAME,1390,C74C,D,D1,C3,3D,1,1,1,4,1,1,2,00,00,00,,,,,248,1,
RNG,1391,C535,D,D1,C3,3D,1,1,1,4,1,1,2,00,00,00,C535,,,248,1,
FRAME,1391,C74E,D,B7,CA,3E,1,3,7,4,1,1,2,00,00,00,,,,,248,1,
RNG,1392,C535,D,B7,CA,3E,1,3,7,4,1,1,2,00,00,00,C535,,,248,1,
FRAME,1392,C74E,D,3F,B2,3F,1,3,7,3,1,1,2,00,00,00,,,,,248,1,
RNG,1393,C535,D,3F,B2,3F,1,3,7,3,1,1,2,00,00,00,C535,,,248,1,
FRAME,1393,C74A,D,DC,9A,40,0,0,4,1,1,1,2,00,00,00,,,,,248,1,
RNG,1394,C535,D,DC,9A,40,0,0,4,1,1,1,2,00,00,00,C535,,,248,1,
C726,1394,C726,D,21,82,41,1,1,1,0,1,1,2,00,00,00,C726,,,249,1,
C726,1394,C726,D,21,82,41,1,1,1,0,1,1,2,00,00,00,C726,,,250,1,
C726,1394,C726,D,21,82,41,1,1,1,0,1,1,2,00,00,00,C726,,,251,1,
C726,1394,C726,D,21,82,41,1,1,1,0,1,1,2,00,00,00,C726,,,252,1,
C726,1394,C726,D,21,82,41,1,1,1,0,1,1,2,00,00,00,C726,,,253,1,
C726,1394,C726,D,21,82,41,1,1,1,0,1,1,2,00,00,00,C726,,,254,1,
C726,1394,C726,D,21,82,41,1,1,1,0,1,1,2,00,00,00,C726,,,255,1,
OBJECT,1394,C74E,D,21,82,41,1,1,1,0,1,1,2,00,00,00,13,$020D,26,255,1,
OBJECT,1394,C74E,D,21,82,41,1,1,1,0,1,1,2,00,00,00,14,$020E,5E,255,1,
OBJECT,1394,C74E,D,21,82,41,1,1,1,0,1,1,2,00,00,00,15,$020F,01,255,1,
OBJECT,1394,C74E,D,21,82,41,1,1,1,0,1,1,2,00,00,00,16,$0210,4B,255,1,
OBJECT,1394,C74E,D,21,82,41,1,1,1,0,1,1,2,00,00,00,17,$0211,46,255,1,
OBJECT,1394,C74E,D,21,82,41,1,1,1,0,1,1,2,00,00,00,18,$0212,48,255,1,
OBJECT,1394,C74E,D,21,82,41,1,1,1,0,1,1,2,00,00,00,19,$0213,09,255,1,
FRAME,1394,C74E,D,21,82,41,1,1,1,0,1,1,2,00,00,00,,,,,255,1,
RNG,1395,C535,D,21,82,41,1,1,1,0,1,1,2,00,00,00,C535,,,255,1,
FRAME,1395,C74A,D,24,6A,42,0,0,4,6,1,1,2,00,00,00,,,,,255,1,
RNG,1396,C535,D,24,6A,42,0,0,4,6,1,1,2,00,00,00,C535,,,255,1,
FRAME,1396,C74A,D,CD,4A,43,1,1,5,4,1,1,2,00,00,00,,,,,255,1,
RNG,1397,C535,D,CD,4A,43,1,1,5,4,1,1,2,00,00,00,C535,,,255,1,
FRAME,1397,C74C,D,CD,62,44,1,1,5,6,1,1,2,00,00,00,,,,,255,1,
RNG,1398,C535,D,CD,62,44,1,1,5,6,1,1,2,00,00,00,C535,,,255,1,
C726,1398,C726,D,62,32,45,0,2,2,3,1,1,2,00,00,00,C726,,,256,1,
C726,1398,C726,D,62,32,45,0,2,2,3,1,1,2,00,00,00,C726,,,257,1,
C726,1398,C726,D,62,32,45,0,2,2,3,1,1,2,00,00,00,C726,,,258,1,
C726,1398,C726,D,62,32,45,0,2,2,3,1,1,2,00,00,00,C726,,,259,1,
C726,1398,C726,D,62,32,45,0,2,2,3,1,1,2,00,00,00,C726,,,260,1,
C726,1398,C726,D,62,32,45,0,2,2,3,1,1,2,00,00,00,C726,,,261,1,
C726,1398,C726,D,62,32,45,0,2,2,3,1,1,2,00,00,00,C726,,,262,1,
OBJECT,1398,C74A,D,62,32,45,0,2,2,3,1,1,2,00,00,00,20,$0214,26,262,1,
OBJECT,1398,C74A,D,62,32,45,0,2,2,3,1,1,2,00,00,00,21,$0215,5E,262,1,
OBJECT,1398,C74A,D,62,32,45,0,2,2,3,1,1,2,00,00,00,22,$0216,01,262,1,
OBJECT,1398,C74A,D,62,32,45,0,2,2,3,1,1,2,00,00,00,23,$0217,4B,262,1,
OBJECT,1398,C74A,D,62,32,45,0,2,2,3,1,1,2,00,00,00,24,$0218,46,262,1,
OBJECT,1398,C74A,D,62,32,45,0,2,2,3,1,1,2,00,00,00,25,$0219,48,262,1,
OBJECT,1398,C74A,D,62,32,45,0,2,2,3,1,1,2,00,00,00,26,$021A,09,262,1,
FRAME,1398,C74A,D,62,32,45,0,2,2,3,1,1,2,00,00,00,,,,,262,1,
RNG,1399,C535,D,62,32,45,0,2,2,3,1,1,2,00,00,00,C535,,,262,1,
FRAME,1399,C74C,D,1D,21,46,1,1,5,2,1,1,2,00,00,00,,,,,262,1,
RNG,1400,C535,D,1D,21,46,1,1,5,2,1,1,2,00,00,00,C535,,,262,1,
FRAME,1400,C74C,D,C2,0F,47,0,2,2,0,1,1,2,00,00,00,,,,,262,1,
RNG,1401,C535,D,C2,0F,47,0,2,2,0,1,1,2,00,00,00,C535,,,262,1,
FRAME,1401,C74C,D,4B,06,48,1,3,3,0,1,1,2,00,00,00,,,,,262,1,
RNG,1402,C535,D,4B,06,48,1,3,3,0,1,1,2,00,00,00,C535,,,262,1,
C726,1402,C726,D,63,09,49,1,3,3,0,1,1,2,00,00,00,C726,,,263,1,
C726,1402,C726,D,63,09,49,1,3,3,0,1,1,2,00,00,00,C726,,,264,1,
C726,1402,C726,D,63,09,49,1,3,3,0,1,1,2,00,00,00,C726,,,265,1,
C726,1402,C726,D,63,09,49,1,3,3,0,1,1,2,00,00,00,C726,,,266,1,
C726,1402,C726,D,63,09,49,1,3,3,0,1,1,2,00,00,00,C726,,,267,1,
C726,1402,C726,D,63,09,49,1,3,3,0,1,1,2,00,00,00,C726,,,268,1,
C726,1402,C726,D,63,09,49,1,3,3,0,1,1,2,00,00,00,C726,,,269,1,
OBJECT,1402,C74C,D,63,09,49,1,3,3,0,1,1,2,00,00,00,27,$021B,26,269,1,
OBJECT,1402,C74C,D,63,09,49,1,3,3,0,1,1,2,00,00,00,28,$021C,5E,269,1,
OBJECT,1402,C74C,D,63,09,49,1,3,3,0,1,1,2,00,00,00,29,$021D,01,269,1,
OBJECT,1402,C74C,D,63,09,49,1,3,3,0,1,1,2,00,00,00,30,$021E,4B,269,1,
OBJECT,1402,C74C,D,63,09,49,1,3,3,0,1,1,2,00,00,00,31,$021F,46,269,1,
OBJECT,1402,C74C,D,63,09,49,1,3,3,0,1,1,2,00,00,00,32,$0220,48,269,1,
OBJECT,1402,C74C,D,63,09,49,1,3,3,0,1,1,2,00,00,00,33,$0221,09,269,1,
FRAME,1402,C74C,D,63,09,49,1,3,3,0,1,1,2,00,00,00,,,,,269,1,
RNG,1403,C535,D,63,09,49,1,3,3,0,1,1,2,00,00,00,C535,,,269,1,
FRAME,1403,C74E,D,CC,B2,4A,0,0,4,3,1,1,2,00,00,00,,,,,269,1,
RNG,1404,C535,D,CC,B2,4A,0,0,4,3,1,1,2,00,00,00,C535,,,269,1,
FRAME,1404,C74A,D,DC,E2,4B,0,0,4,6,1,1,2,00,00,00,,,,,269,1,
RNG,1405,C535,D,DC,E2,4B,0,0,4,6,1,1,2,00,00,00,C535,,,269,1,
FRAME,1405,C74C,D,FC,6F,4C,0,0,4,6,1,1,2,00,00,00,,,,,269,1,
RNG,1406,C535,D,FC,6F,4C,0,0,4,6,1,1,2,00,00,00,C535,,,269,1,
C726,1406,C726,D,22,AF,4D,0,2,2,2,1,1,2,00,00,00,C726,,,270,1,
C726,1406,C726,D,22,AF,4D,0,2,2,2,1,1,2,00,00,00,C726,,,271,1,
C726,1406,C726,D,22,AF,4D,0,2,2,2,1,1,2,00,00,00,C726,,,272,1,
C726,1406,C726,D,22,AF,4D,0,2,2,2,1,1,2,00,00,00,C726,,,273,1,
C726,1406,C726,D,22,AF,4D,0,2,2,2,1,1,2,00,00,00,C726,,,274,1,
C726,1406,C726,D,22,AF,4D,0,2,2,2,1,1,2,00,00,00,C726,,,275,1,
C726,1406,C726,D,22,AF,4D,0,2,2,2,1,1,2,00,00,00,C726,,,276,1,
OBJECT,1406,C74A,D,22,AF,4D,0,2,2,2,1,1,2,00,00,00,34,$0222,26,276,1,
OBJECT,1406,C74A,D,22,AF,4D,0,2,2,2,1,1,2,00,00,00,35,$0223,5E,276,1,
OBJECT,1406,C74A,D,22,AF,4D,0,2,2,2,1,1,2,00,00,00,36,$0224,01,276,1,
OBJECT,1406,C74A,D,22,AF,4D,0,2,2,2,1,1,2,00,00,00,37,$0225,4B,276,1,
OBJECT,1406,C74A,D,22,AF,4D,0,2,2,2,1,1,2,00,00,00,38,$0226,46,276,1,
OBJECT,1406,C74A,D,22,AF,4D,0,2,2,2,1,1,2,00,00,00,39,$0227,48,276,1,
OBJECT,1406,C74A,D,22,AF,4D,0,2,2,2,1,1,2,00,00,00,40,$0228,09,276,1,
FRAME,1406,C74A,D,22,AF,4D,0,2,2,2,1,1,2,00,00,00,,,,,276,1,
RNG,1407,C535,D,22,AF,4D,0,2,2,2,1,1,2,00,00,00,C535,,,276,1,
FRAME,1407,C74C,D,E9,B5,4E,1,1,1,3,1,1,2,00,00,00,,,,,276,1,
RNG,1408,C535,D,E9,B5,4E,1,1,1,3,1,1,2,00,00,00,C535,,,276,1,
FRAME,1408,C74A,D,8D,62,4F,1,1,5,6,1,1,2,00,00,00,,,,,276,1,
RNG,1409,C535,D,8D,62,4F,1,1,5,6,1,1,2,00,00,00,C535,,,276,1,
FRAME,1409,C74C,D,17,59,50,1,3,7,5,1,1,2,00,00,00,,,,,276,1,
RNG,1410,C535,D,17,59,50,1,3,7,5,1,1,2,00,00,00,C535,,,276,1,
C726,1410,C726,D,DF,5C,51,1,3,7,5,1,1,2,00,00,00,C726,,,277,1,
C726,1410,C726,D,DF,5C,51,1,3,7,5,1,1,2,00,00,00,C726,,,278,1,
C726,1410,C726,D,DF,5C,51,1,3,7,5,1,1,2,00,00,00,C726,,,279,1,
C726,1410,C726,D,DF,5C,51,1,3,7,5,1,1,2,00,00,00,C726,,,280,1,
C726,1410,C726,D,DF,5C,51,1,3,7,5,1,1,2,00,00,00,C726,,,281,1,
C726,1410,C726,D,DF,5C,51,1,3,7,5,1,1,2,00,00,00,C726,,,282,1,
C726,1410,C726,D,DF,5C,51,1,3,7,5,1,1,2,00,00,00,C726,,,283,1,
OBJECT,1410,C74C,D,DF,5C,51,1,3,7,5,1,1,2,00,00,00,41,$0229,26,283,1,
OBJECT,1410,C74C,D,DF,5C,51,1,3,7,5,1,1,2,00,00,00,42,$022A,5E,283,1,
OBJECT,1410,C74C,D,DF,5C,51,1,3,7,5,1,1,2,00,00,00,43,$022B,01,283,1,
OBJECT,1410,C74C,D,DF,5C,51,1,3,7,5,1,1,2,00,00,00,44,$022C,4B,283,1,
OBJECT,1410,C74C,D,DF,5C,51,1,3,7,5,1,1,2,00,00,00,45,$022D,46,283,1,
OBJECT,1410,C74C,D,DF,5C,51,1,3,7,5,1,1,2,00,00,00,46,$022E,48,283,1,
OBJECT,1410,C74C,D,DF,5C,51,1,3,7,5,1,1,2,00,00,00,47,$022F,09,283,1,
FRAME,1410,C74C,D,DF,5C,51,1,3,7,5,1,1,2,00,00,00,,,,,283,1,
RNG,1411,C535,D,DF,5C,51,1,3,7,5,1,1,2,00,00,00,C535,,,283,1,
FRAME,1411,C74C,D,A7,25,52,1,3,7,2,1,1,2,00,00,00,,,,,283,1,
RNG,1412,C535,D,A7,25,52,1,3,7,2,1,1,2,00,00,00,C535,,,283,1,
FRAME,1412,C74A,D,6F,27,53,1,3,7,2,1,1,2,00,00,00,,,,,283,1,
RNG,1413,C535,D,6F,27,53,1,3,7,2,1,1,2,00,00,00,C535,,,283,1,
FRAME,1413,C74C,D,37,F7,54,1,3,7,7,1,1,2,00,00,00,,,,,283,1,
RNG,1414,C535,D,37,F7,54,1,3,7,7,1,1,2,00,00,00,C535,,,283,1,
C726,1414,C726,D,DD,0A,55,1,1,5,0,1,1,2,00,00,00,C726,,,284,1,
C726,1414,C726,D,DD,0A,55,1,1,5,0,1,1,2,00,00,00,C726,,,285,1,
C726,1414,C726,D,DD,0A,55,1,1,5,0,1,1,2,00,00,00,C726,,,286,1,
C726,1414,C726,D,DD,0A,55,1,1,5,0,1,1,2,00,00,00,C726,,,287,1,
C726,1414,C726,D,DD,0A,55,1,1,5,0,1,1,2,00,00,00,C726,,,288,1,
C726,1414,C726,D,DD,0A,55,1,1,5,0,1,1,2,00,00,00,C726,,,289,1,
OBJECT,1414,C74C,D,DD,0A,55,1,1,5,0,1,1,2,00,00,00,48,$0230,26,289,1,
OBJECT,1414,C74C,D,DD,0A,55,1,1,5,0,1,1,2,00,00,00,49,$0231,5E,289,1,
OBJECT,1414,C74C,D,DD,0A,55,1,1,5,0,1,1,2,00,00,00,50,$0232,01,289,1,
OBJECT,1414,C74C,D,DD,0A,55,1,1,5,0,1,1,2,00,00,00,51,$0233,4B,289,1,
OBJECT,1414,C74C,D,DD,0A,55,1,1,5,0,1,1,2,00,00,00,52,$0234,46,289,1,
OBJECT,1414,C74C,D,DD,0A,55,1,1,5,0,1,1,2,00,00,00,53,$0235,09,289,1,
FRAME,1414,C74C,D,DD,0A,55,1,1,5,0,1,1,2,00,00,00,,,,,289,1,
RNG,1415,C535,D,DD,0A,55,1,1,5,0,1,1,2,00,00,00,C535,,,289,1,
FRAME,1415,C74C,D,66,2A,56,0,2,6,2,1,1,2,00,00,00,,,,,289,1,
RNG,1416,C535,D,66,2A,56,0,2,6,2,1,1,2,00,00,00,C535,,,289,1,
FRAME,1416,C74C,D,4E,A7,57,0,2,6,2,1,1,2,00,00,00,,,,,289,1,
RNG,1417,C535,D,4E,A7,57,0,2,6,2,1,1,2,00,00,00,C535,,,289,1,
FRAME,1417,C74E,D,2E,8B,58,0,2,6,0,1,1,2,00,00,00,,,,,289,1,
RNG,1418,C535,D,2E,8B,58,0,2,6,0,1,1,2,00,00,00,C535,,,289,1,
C726,1418,C726,D,31,2D,59,1,1,1,2,1,1,2,00,00,00,C726,,,290,1,
C726,1418,C726,D,31,2D,59,1,1,1,2,1,1,2,00,00,00,C726,,,291,1,
C726,1418,C726,D,31,2D,59,1,1,1,2,1,1,2,00,00,00,C726,,,292,1,
C726,1418,C726,D,31,2D,59,1,1,1,2,1,1,2,00,00,00,C726,,,293,1,
C726,1418,C726,D,31,2D,59,1,1,1,2,1,1,2,00,00,00,C726,,,294,1,
C726,1418,C726,D,31,2D,59,1,1,1,2,1,1,2,00,00,00,C726,,,295,1,
OBJECT,1418,C74C,D,31,2D,59,1,1,1,2,1,1,2,00,00,00,54,$0236,26,295,1,
OBJECT,1418,C74C,D,31,2D,59,1,1,1,2,1,1,2,00,00,00,55,$0237,5E,295,1,
OBJECT,1418,C74C,D,31,2D,59,1,1,1,2,1,1,2,00,00,00,56,$0238,01,295,1,
OBJECT,1418,C74C,D,31,2D,59,1,1,1,2,1,1,2,00,00,00,57,$0239,4B,295,1,
OBJECT,1418,C74C,D,31,2D,59,1,1,1,2,1,1,2,00,00,00,58,$023A,46,295,1,
OBJECT,1418,C74C,D,31,2D,59,1,1,1,2,1,1,2,00,00,00,59,$023B,09,295,1,
FRAME,1418,C74C,D,31,2D,59,1,1,1,2,1,1,2,00,00,00,,,,,295,1,
RNG,1419,C535,D,31,2D,59,1,1,1,2,1,1,2,00,00,00,C535,,,295,1,
FRAME,1419,C74E,D,01,85,5A,1,1,1,0,1,1,2,00,00,00,,,,,295,1,
RNG,1420,C535,D,01,85,5A,1,1,1,0,1,1,2,00,00,00,C535,,,295,1,
FRAME,1420,C74E,D,C8,A5,5B,0,0,0,2,1,1,2,00,00,00,,,,,295,1,
RNG,1421,C535,D,C8,A5,5B,0,0,0,2,1,1,2,00,00,00,C535,,,295,1,
FRAME,1421,C74A,D,28,C3,5C,0,0,0,4,1,1,2,00,00,00,,,,,295,1,
RNG,1422,C535,D,28,C3,5C,0,0,0,4,1,1,2,00,00,00,C535,,,295,1,
C726,1422,C726,D,CA,A5,5D,0,2,2,2,1,1,2,00,00,00,C726,,,296,1,
C726,1422,C726,D,CA,A5,5D,0,2,2,2,1,1,2,00,00,00,C726,,,297,1,
C726,1422,C726,D,CA,A5,5D,0,2,2,2,1,1,2,00,00,00,C726,,,298,1,
C726,1422,C726,D,CA,A5,5D,0,2,2,2,1,1,2,00,00,00,C726,,,299,1,
C726,1422,C726,D,CA,A5,5D,0,2,2,2,1,1,2,00,00,00,C726,,,300,1,
C726,1422,C726,D,CA,A5,5D,0,2,2,2,1,1,2,00,00,00,C726,,,301,1,
OBJECT,1422,C74C,D,CA,A5,5D,0,2,2,2,1,1,2,00,00,00,0,$0200,46,301,1,
OBJECT,1422,C74C,D,CA,A5,5D,0,2,2,2,1,1,2,00,00,00,1,$0201,09,301,1,
OBJECT,1422,C74C,D,CA,A5,5D,0,2,2,2,1,1,2,00,00,00,60,$023C,26,301,1,
OBJECT,1422,C74C,D,CA,A5,5D,0,2,2,2,1,1,2,00,00,00,61,$023D,5E,301,1,
OBJECT,1422,C74C,D,CA,A5,5D,0,2,2,2,1,1,2,00,00,00,62,$023E,01,301,1,
OBJECT,1422,C74C,D,CA,A5,5D,0,2,2,2,1,1,2,00,00,00,63,$023F,4B,301,1,
FRAME,1422,C74C,D,CA,A5,5D,0,2,2,2,1,1,2,00,00,00,,,,,301,1,
RNG,1423,C535,D,CA,A5,5D,0,2,2,2,1,1,2,00,00,00,C535,,,301,1,
FRAME,1423,C74E,D,CA,F1,5E,0,2,2,7,1,1,2,00,00,00,,,,,301,1,
RNG,1424,C535,D,CA,F1,5E,0,2,2,7,1,1,2,00,00,00,C535,,,301,1,
FRAME,1424,C74E,D,67,B5,5F,1,3,7,3,1,1,2,00,00,00,,,,,301,1,
RNG,1425,C535,D,67,B5,5F,1,3,7,3,1,1,2,00,00,00,C535,,,301,1,
FRAME,1425,C74E,D,19,4A,60,1,1,1,4,1,1,2,00,00,00,,,,,301,1,
RNG,1426,C535,D,19,4A,60,1,1,1,4,1,1,2,00,00,00,C535,,,301,1,
C726,1426,C726,D,20,76,61,0,0,0,7,1,1,2,00,00,00,C726,,,302,1,
C726,1426,C726,D,20,76,61,0,0,0,7,1,1,2,00,00,00,C726,,,303,1,
C726,1426,C726,D,20,76,61,0,0,0,7,1,1,2,00,00,00,C726,,,304,1,
C726,1426,C726,D,20,76,61,0,0,0,7,1,1,2,00,00,00,C726,,,305,1,
C726,1426,C726,D,20,76,61,0,0,0,7,1,1,2,00,00,00,C726,,,306,1,
C726,1426,C726,D,20,76,61,0,0,0,7,1,1,2,00,00,00,C726,,,307,1,
C726,1426,C726,D,20,76,61,0,0,0,7,1,1,2,00,00,00,C726,,,308,1,
OBJECT,1426,C74A,D,20,76,61,0,0,0,7,1,1,2,00,00,00,2,$0202,26,308,1,
OBJECT,1426,C74A,D,20,76,61,0,0,0,7,1,1,2,00,00,00,3,$0203,5E,308,1,
OBJECT,1426,C74A,D,20,76,61,0,0,0,7,1,1,2,00,00,00,4,$0204,01,308,1,
OBJECT,1426,C74A,D,20,76,61,0,0,0,7,1,1,2,00,00,00,5,$0205,4B,308,1,
OBJECT,1426,C74A,D,20,76,61,0,0,0,7,1,1,2,00,00,00,6,$0206,48,308,1,
OBJECT,1426,C74A,D,20,76,61,0,0,0,7,1,1,2,00,00,00,7,$0207,46,308,1,
OBJECT,1426,C74A,D,20,76,61,0,0,0,7,1,1,2,00,00,00,8,$0208,09,308,1,
FRAME,1426,C74A,D,20,76,61,0,0,0,7,1,1,2,00,00,00,,,,,308,1,
RNG,1427,C535,D,20,76,61,0,0,0,7,1,1,2,00,00,00,C535,,,308,1,
FRAME,1427,C74A,D,08,4E,62,0,0,0,4,1,1,2,00,00,00,,,,,308,1,
RNG,1428,C535,D,08,4E,62,0,0,0,4,1,1,2,00,00,00,C535,,,308,1,
FRAME,1428,C74C,D,F0,4D,63,0,0,0,4,1,1,2,00,00,00,,,,,308,1,
RNG,1429,C535,D,F0,4D,63,0,0,0,4,1,1,2,00,00,00,C535,,,308,1,
FRAME,1429,C74E,D,D8,3D,64,0,0,0,3,1,1,2,00,00,00,,,,,308,1,
RNG,1430,C535,D,D8,3D,64,0,0,0,3,1,1,2,00,00,00,C535,,,308,1,
C726,1430,C726,D,C0,40,65,0,0,0,4,1,1,2,00,00,00,C726,,,309,1,
C726,1430,C726,D,C0,40,65,0,0,0,4,1,1,2,00,00,00,C726,,,310,1,
C726,1430,C726,D,C0,40,65,0,0,0,4,1,1,2,00,00,00,C726,,,311,1,
C726,1430,C726,D,C0,40,65,0,0,0,4,1,1,2,00,00,00,C726,,,312,1,
B14F,1430,B14F,D,C0,40,65,0,0,0,4,1,1,2,00,00,00,B14F,,,312,2,
C726,1430,C726,D,C0,40,65,0,0,0,4,1,1,2,00,00,00,C726,,,313,2,
C726,1430,C726,D,C0,40,65,0,0,0,4,1,1,2,00,00,00,C726,,,314,2,
C726,1430,C726,D,C0,40,65,0,0,0,4,1,1,2,00,00,00,C726,,,315,2,
OBJECT,1430,C74E,D,C0,40,65,0,0,0,4,1,1,2,00,00,00,9,$0209,26,315,2,
OBJECT,1430,C74E,D,C0,40,65,0,0,0,4,1,1,2,00,00,00,10,$020A,5E,315,2,
OBJECT,1430,C74E,D,C0,40,65,0,0,0,4,1,1,2,00,00,00,11,$020B,01,315,2,
OBJECT,1430,C74E,D,C0,40,65,0,0,0,4,1,1,2,00,00,00,12,$020C,4B,315,2,
OBJECT,1430,C74E,D,C0,40,65,0,0,0,4,1,1,2,00,00,00,13,$020D,48,315,2,
OBJECT,1430,C74E,D,C0,40,65,0,0,0,4,1,1,2,00,00,00,14,$020E,46,315,2,
OBJECT,1430,C74E,D,C0,40,65,0,0,0,4,1,1,2,00,00,00,15,$020F,09,315,2,
FRAME,1430,C74E,D,C0,40,65,0,0,0,4,1,1,2,00,00,00,,,,,315,2,
B14F_DATA,1430,C74E,D,C0,40,65,0,0,0,4,1,1,2,00,00,00,,,,,315,2,F0 F0 F0 8E F0 F0 F0 8E F0 F0 F0 8E F0 F0 F0 8E F0 F0 F0 8E F0 F0 F0 8E F0 F0 F0 8E F0 F0 F0 8E
RNG,1431,C535,D,C0,40,65,0,0,0,4,1,1,2,00,00,00,C535,,,315,2,
FRAME,1431,C74A,D,A0,60,66,0,0,0,6,1,1,2,00,00,00,,,,,315,2,
RNG,1432,C535,D,A0,60,66,0,0,0,6,1,1,2,00,00,00,C535,,,315,2,
FRAME,1432,C74A,D,B8,47,67,0,0,0,4,1,1,2,00,00,00,,,,,315,2,
RNG,1433,C535,D,B8,47,67,0,0,0,4,1,1,2,00,00,00,C535,,,315,2,
FRAME,1433,C74C,D,88,2A,68,0,0,0,2,1,1,2,00,00,00,,,,,315,2,
RNG,1434,C535,D,88,2A,68,0,0,0,2,1,1,2,00,00,00,C535,,,315,2,
C726,1434,C726,D,7D,18,69,1,1,5,1,1,1,2,00,00,00,C726,,,316,2,
C726,1434,C726,D,7D,18,69,1,1,5,1,1,1,2,00,00,00,C726,,,317,2,
C726,1434,C726,D,7D,18,69,1,1,5,1,1,1,2,00,00,00,C726,,,318,2,
C726,1434,C726,D,7D,18,69,1,1,5,1,1,1,2,00,00,00,C726,,,319,2,
C726,1434,C726,D,7D,18,69,1,1,5,1,1,1,2,00,00,00,C726,,,320,2,
C726,1434,C726,D,7D,18,69,1,1,5,1,1,1,2,00,00,00,C726,,,321,2,
C726,1434,C726,D,7D,18,69,1,1,5,1,1,1,2,00,00,00,C726,,,322,2,
OBJECT,1434,C74A,D,7D,18,69,1,1,5,1,1,1,2,00,00,00,16,$0210,26,322,2,
OBJECT,1434,C74A,D,7D,18,69,1,1,5,1,1,1,2,00,00,00,17,$0211,5E,322,2,
OBJECT,1434,C74A,D,7D,18,69,1,1,5,1,1,1,2,00,00,00,18,$0212,01,322,2,
OBJECT,1434,C74A,D,7D,18,69,1,1,5,1,1,1,2,00,00,00,19,$0213,4B,322,2,
OBJECT,1434,C74A,D,7D,18,69,1,1,5,1,1,1,2,00,00,00,20,$0214,48,322,2,
OBJECT,1434,C74A,D,7D,18,69,1,1,5,1,1,1,2,00,00,00,21,$0215,46,322,2,
OBJECT,1434,C74A,D,7D,18,69,1,1,5,1,1,1,2,00,00,00,22,$0216,09,322,2,
FRAME,1434,C74A,D,7D,18,69,1,1,5,1,1,1,2,00,00,00,,,,,322,2,
RNG,1435,C535,D,7D,18,69,1,1,5,1,1,1,2,00,00,00,C535,,,322,2,
FRAME,1435,C74C,D,DD,0C,6A,1,1,5,0,1,1,2,00,00,00,,,,,322,2,
RNG,1436,C535,D,DD,0C,6A,1,1,5,0,1,1,2,00,00,00,C535,,,322,2,
FRAME,1436,C74C,D,62,0F,6B,0,2,2,0,1,1,2,00,00,00,,,,,322,2,
RNG,1437,C535,D,62,0F,6B,0,2,2,0,1,1,2,00,00,00,C535,,,322,2,
FRAME,1437,C74C,D,E8,BC,6C,0,0,0,3,1,1,2,00,00,00,,,,,322,2,
RNG,1438,C535,D,E8,BC,6C,0,0,0,3,1,1,2,00,00,00,C535,,,322,2,
C726,1438,C726,D,F2,B0,6D,0,2,2,3,1,1,2,00,00,00,C726,,,323,2,
C726,1438,C726,D,F2,B0,6D,0,2,2,3,1,1,2,00,00,00,C726,,,324,2,
C726,1438,C726,D,F2,B0,6D,0,2,2,3,1,1,2,00,00,00,C726,,,325,2,
C726,1438,C726,D,F2,B0,6D,0,2,2,3,1,1,2,00,00,00,C726,,,326,2,
C726,1438,C726,D,F2,B0,6D,0,2,2,3,1,1,2,00,00,00,C726,,,327,2,
C726,1438,C726,D,F2,B0,6D,0,2,2,3,1,1,2,00,00,00,C726,,,328,2,
C726,1438,C726,D,F2,B0,6D,0,2,2,3,1,1,2,00,00,00,C726,,,329,2,
OBJECT,1438,C74C,D,F2,B0,6D,0,2,2,3,1,1,2,00,00,00,23,$0217,26,329,2,
OBJECT,1438,C74C,D,F2,B0,6D,0,2,2,3,1,1,2,00,00,00,24,$0218,5E,329,2,
OBJECT,1438,C74C,D,F2,B0,6D,0,2,2,3,1,1,2,00,00,00,25,$0219,01,329,2,
OBJECT,1438,C74C,D,F2,B0,6D,0,2,2,3,1,1,2,00,00,00,26,$021A,4B,329,2,
OBJECT,1438,C74C,D,F2,B0,6D,0,2,2,3,1,1,2,00,00,00,27,$021B,48,329,2,
OBJECT,1438,C74C,D,F2,B0,6D,0,2,2,3,1,1,2,00,00,00,28,$021C,46,329,2,
OBJECT,1438,C74C,D,F2,B0,6D,0,2,2,3,1,1,2,00,00,00,29,$021D,09,329,2,
FRAME,1438,C74C,D,F2,B0,6D,0,2,2,3,1,1,2,00,00,00,,,,,329,2,
RNG,1439,C535,D,F2,B0,6D,0,2,2,3,1,1,2,00,00,00,C535,,,329,2,
FRAME,1439,C74E,D,FC,B3,6E,0,0,4,3,1,1,2,00,00,00,,,,,329,2,
RNG,1440,C535,D,FC,B3,6E,0,0,4,3,1,1,2,00,00,00,C535,,,329,2,
FRAME,1440,C74A,D,14,7C,6F,0,0,4,7,1,1,2,00,00,00,,,,,329,2,
RNG,1441,C535,D,14,7C,6F,0,0,4,7,1,1,2,00,00,00,C535,,,329,2,
FRAME,1441,C74A,D,79,83,70,1,1,1,0,1,1,2,00,00,00,,,,,329,2,
RNG,1442,C535,D,79,83,70,1,1,1,0,1,1,2,00,00,00,C535,,,329,2,
C726,1442,C726,D,FF,53,71,1,3,7,5,1,1,2,00,00,00,C726,,,330,2,
C726,1442,C726,D,FF,53,71,1,3,7,5,1,1,2,00,00,00,C726,,,331,2,
C726,1442,C726,D,FF,53,71,1,3,7,5,1,1,2,00,00,00,C726,,,332,2,
C726,1442,C726,D,FF,53,71,1,3,7,5,1,1,2,00,00,00,C726,,,333,2,
C726,1442,C726,D,FF,53,71,1,3,7,5,1,1,2,00,00,00,C726,,,334,2,
C726,1442,C726,D,FF,53,71,1,3,7,5,1,1,2,00,00,00,C726,,,335,2,
C726,1442,C726,D,FF,53,71,1,3,7,5,1,1,2,00,00,00,C726,,,336,2,
OBJECT,1442,C74A,D,FF,53,71,1,3,7,5,1,1,2,00,00,00,30,$021E,26,336,2,
OBJECT,1442,C74A,D,FF,53,71,1,3,7,5,1,1,2,00,00,00,31,$021F,5E,336,2,
OBJECT,1442,C74A,D,FF,53,71,1,3,7,5,1,1,2,00,00,00,32,$0220,01,336,2,
OBJECT,1442,C74A,D,FF,53,71,1,3,7,5,1,1,2,00,00,00,33,$0221,4B,336,2,
OBJECT,1442,C74A,D,FF,53,71,1,3,7,5,1,1,2,00,00,00,34,$0222,48,336,2,
OBJECT,1442,C74A,D,FF,53,71,1,3,7,5,1,1,2,00,00,00,35,$0223,46,336,2,
OBJECT,1442,C74A,D,FF,53,71,1,3,7,5,1,1,2,00,00,00,36,$0224,09,336,2,
FRAME,1442,C74A,D,FF,53,71,1,3,7,5,1,1,2,00,00,00,,,,,336,2,
RNG,1443,C535,D,FF,53,71,1,3,7,5,1,1,2,00,00,00,C535,,,336,2,
FRAME,1443,C74C,D,64,5F,72,0,0,4,5,1,1,2,00,00,00,,,,,336,2,
RNG,1444,C535,D,64,5F,72,0,0,4,5,1,1,2,00,00,00,C535,,,336,2,
FRAME,1444,C74A,D,EA,08,73,0,2,2,0,1,1,2,00,00,00,,,,,336,2,
RNG,1445,C535,D,EA,08,73,0,2,2,0,1,1,2,00,00,00,C535,,,336,2,
FRAME,1445,C74C,D,94,08,74,0,0,4,0,1,1,2,00,00,00,,,,,336,2,
RNG,1446,C535,D,94,08,74,0,0,4,0,1,1,2,00,00,00,C535,,,336,2,
C726,1446,C726,D,41,95,75,1,1,1,1,1,1,2,00,00,00,C726,,,337,2,
C726,1446,C726,D,41,95,75,1,1,1,1,1,1,2,00,00,00,C726,,,338,2,
C726,1446,C726,D,41,95,75,1,1,1,1,1,1,2,00,00,00,C726,,,339,2,
C726,1446,C726,D,41,95,75,1,1,1,1,1,1,2,00,00,00,C726,,,340,2,
C726,1446,C726,D,41,95,75,1,1,1,1,1,1,2,00,00,00,C726,,,341,2,
C726,1446,C726,D,41,95,75,1,1,1,1,1,1,2,00,00,00,C726,,,342,2,
C726,1446,C726,D,41,95,75,1,1,1,1,1,1,2,00,00,00,C726,,,343,2,
OBJECT,1446,C74A,D,41,95,75,1,1,1,1,1,1,2,00,00,00,37,$0225,26,343,2,
OBJECT,1446,C74A,D,41,95,75,1,1,1,1,1,1,2,00,00,00,38,$0226,5E,343,2,
OBJECT,1446,C74A,D,41,95,75,1,1,1,1,1,1,2,00,00,00,39,$0227,01,343,2,
OBJECT,1446,C74A,D,41,95,75,1,1,1,1,1,1,2,00,00,00,40,$0228,4B,343,2,
OBJECT,1446,C74A,D,41,95,75,1,1,1,1,1,1,2,00,00,00,41,$0229,48,343,2,
OBJECT,1446,C74A,D,41,95,75,1,1,1,1,1,1,2,00,00,00,42,$022A,46,343,2,
OBJECT,1446,C74A,D,41,95,75,1,1,1,1,1,1,2,00,00,00,43,$022B,09,343,2,
FRAME,1446,C74A,D,41,95,75,1,1,1,1,1,1,2,00,00,00,,,,,343,2,
RNG,1447,C535,D,41,95,75,1,1,1,1,1,1,2,00,00,00,C535,,,343,2,
FRAME,1447,C74A,D,4C,89,76,0,0,4,0,1,1,2,00,00,00,,,,,343,2,
RNG,1448,C535,D,4C,89,76,0,0,4,0,1,1,2,00,00,00,C535,,,343,2,
FRAME,1448,C74A,D,4F,8C,77,1,3,7,0,1,1,2,00,00,00,,,,,343,2,
RNG,1449,C535,D,4F,8C,77,1,3,7,0,1,1,2,00,00,00,C535,,,343,2,
FRAME,1449,C74A,D,DC,31,78,0,0,4,3,1,1,2,00,00,00,,,,,343,2,
RNG,1450,C535,D,DC,31,78,0,0,4,3,1,1,2,00,00,00,C535,,,343,2,
C726,1450,C726,D,8C,10,79,0,0,4,1,1,1,2,00,00,00,C726,,,344,2,
C726,1450,C726,D,8C,10,79,0,0,4,1,1,1,2,00,00,00,C726,,,345,2,
C726,1450,C726,D,8C,10,79,0,0,4,1,1,1,2,00,00,00,C726,,,346,2,
C726,1450,C726,D,8C,10,79,0,0,4,1,1,1,2,00,00,00,C726,,,347,2,
C726,1450,C726,D,8C,10,79,0,0,4,1,1,1,2,00,00,00,C726,,,348,2,
C726,1450,C726,D,8C,10,79,0,0,4,1,1,1,2,00,00,00,C726,,,349,2,
C726,1450,C726,D,8C,10,79,0,0,4,1,1,1,2,00,00,00,C726,,,350,2,
OBJECT,1450,C74E,D,8C,10,79,0,0,4,1,1,1,2,00,00,00,44,$022C,26,350,2,
OBJECT,1450,C74E,D,8C,10,79,0,0,4,1,1,1,2,00,00,00,45,$022D,5E,350,2,
OBJECT,1450,C74E,D,8C,10,79,0,0,4,1,1,1,2,00,00,00,46,$022E,01,350,2,
OBJECT,1450,C74E,D,8C,10,79,0,0,4,1,1,1,2,00,00,00,47,$022F,4B,350,2,
OBJECT,1450,C74E,D,8C,10,79,0,0,4,1,1,1,2,00,00,00,48,$0230,48,350,2,
OBJECT,1450,C74E,D,8C,10,79,0,0,4,1,1,1,2,00,00,00,49,$0231,46,350,2,
OBJECT,1450,C74E,D,8C,10,79,0,0,4,1,1,1,2,00,00,00,50,$0232,09,350,2,
FRAME,1450,C74E,D,8C,10,79,0,0,4,1,1,1,2,00,00,00,,,,,350,2,
RNG,1451,C535,D,8C,10,79,0,0,4,1,1,1,2,00,00,00,C535,,,350,2,
FRAME,1451,C74E,D,93,39,7A,1,3,3,3,1,1,2,00,00,00,,,,,350,2,
RNG,1452,C535,D,93,39,7A,1,3,3,3,1,1,2,00,00,00,C535,,,350,2,
FRAME,1452,C74E,D,20,3A,7B,0,0,0,3,1,1,2,00,00,00,,,,,350,2,
RNG,1453,C535,D,20,3A,7B,0,0,0,3,1,1,2,00,00,00,C535,,,350,2,
FRAME,1453,C74A,D,D4,C7,7C,0,0,4,4,1,1,2,00,00,00,,,,,350,2,
RNG,1454,C535,D,D4,C7,7C,0,0,4,4,1,1,2,00,00,00,C535,,,350,2,
C726,1454,C726,D,DB,BC,7D,1,3,3,3,1,1,2,00,00,00,C726,,,351,2,
C726,1454,C726,D,DB,BC,7D,1,3,3,3,1,1,2,00,00,00,C726,,,352,2,
C726,1454,C726,D,DB,BC,7D,1,3,3,3,1,1,2,00,00,00,C726,,,353,2,
C726,1454,C726,D,DB,BC,7D,1,3,3,3,1,1,2,00,00,00,C726,,,354,2,
C726,1454,C726,D,DB,BC,7D,1,3,3,3,1,1,2,00,00,00,C726,,,355,2,
C726,1454,C726,D,DB,BC,7D,1,3,3,3,1,1,2,00,00,00,C726,,,356,2,
C726,1454,C726,D,DB,BC,7D,1,3,3,3,1,1,2,00,00,00,C726,,,357,2,
OBJECT,1454,C74A,D,DB,BC,7D,1,3,3,3,1,1,2,00,00,00,51,$0233,26,357,2,
OBJECT,1454,C74A,D,DB,BC,7D,1,3,3,3,1,1,2,00,00,00,52,$0234,5E,357,2,
OBJECT,1454,C74A,D,DB,BC,7D,1,3,3,3,1,1,2,00,00,00,53,$0235,01,357,2,
OBJECT,1454,C74A,D,DB,BC,7D,1,3,3,3,1,1,2,00,00,00,54,$0236,4B,357,2,
OBJECT,1454,C74A,D,DB,BC,7D,1,3,3,3,1,1,2,00,00,00,55,$0237,48,357,2,
OBJECT,1454,C74A,D,DB,BC,7D,1,3,3,3,1,1,2,00,00,00,56,$0238,46,357,2,
OBJECT,1454,C74A,D,DB,BC,7D,1,3,3,3,1,1,2,00,00,00,57,$0239,09,357,2,
FRAME,1454,C74A,D,DB,BC,7D,1,3,3,3,1,1,2,00,00,00,,,,,357,2,
RNG,1455,C535,D,DB,BC,7D,1,3,3,3,1,1,2,00,00,00,C535,,,357,2,
FRAME,1455,C74C,D,F3,BF,7E,1,3,3,3,1,1,2,00,00,00,,,,,357,2,
RNG,1456,C535,D,F3,BF,7E,1,3,3,3,1,1,2,00,00,00,C535,,,357,2,
FRAME,1456,C74A,D,5C,6C,7F,0,0,4,6,1,1,2,00,00,00,,,,,357,2,
RNG,1457,C535,D,5C,6C,7F,0,0,4,6,1,1,2,00,00,00,C535,,,357,2,
FRAME,1457,FF19,D,64,61,80,0,0,4,6,1,1,2,00,00,00,,,,,357,2,
RNG,1458,C535,D,64,61,80,0,0,4,6,1,1,2,00,00,00,C535,,,357,2,
C726,1458,C726,D,F1,64,81,1,1,1,6,1,1,2,00,00,00,C726,,,358,2,
C726,1458,C726,D,F1,64,81,1,1,1,6,1,1,2,00,00,00,C726,,,359,2,
C726,1458,C726,D,F1,64,81,1,1,1,6,1,1,2,00,00,00,C726,,,360,2,
C726,1458,C726,D,F1,64,81,1,1,1,6,1,1,2,00,00,00,C726,,,361,2,
C726,1458,C726,D,F1,64,81,1,1,1,6,1,1,2,00,00,00,C726,,,362,2,
C726,1458,C726,D,F1,64,81,1,1,1,6,1,1,2,00,00,00,C726,,,363,2,
C726,1458,C726,D,F1,64,81,1,1,1,6,1,1,2,00,00,00,C726,,,364,2,
OBJECT,1458,C74E,D,F1,64,81,1,1,1,6,1,1,2,00,00,00,0,$0200,09,364,2,
OBJECT,1458,C74E,D,F1,64,81,1,1,1,6,1,1,2,00,00,00,58,$023A,26,364,2,
OBJECT,1458,C74E,D,F1,64,81,1,1,1,6,1,1,2,00,00,00,59,$023B,5E,364,2,
OBJECT,1458,C74E,D,F1,64,81,1,1,1,6,1,1,2,00,00,00,60,$023C,01,364,2,
OBJECT,1458,C74E,D,F1,64,81,1,1,1,6,1,1,2,00,00,00,61,$023D,4B,364,2,
OBJECT,1458,C74E,D,F1,64,81,1,1,1,6,1,1,2,00,00,00,62,$023E,48,364,2,
OBJECT,1458,C74E,D,F1,64,81,1,1,1,6,1,1,2,00,00,00,63,$023F,46,364,2,
FRAME,1458,C74E,D,F1,64,81,1,1,1,6,1,1,2,00,00,00,,,,,364,2,
RNG,1459,C535,D,F1,64,81,1,1,1,6,1,1,2,00,00,00,C535,,,364,2,
FRAME,1459,C74E,D,A9,54,82,1,1,1,5,1,1,2,00,00,00,,,,,364,2,
RNG,1460,C535,D,A9,54,82,1,1,1,5,1,1,2,00,00,00,C535,,,364,2,
FRAME,1460,C74C,D,B0,57,83,0,0,0,5,1,1,2,00,00,00,,,,,364,2,
RNG,1461,C535,D,B0,57,83,0,0,0,5,1,1,2,00,00,00,C535,,,364,2,
FRAME,1461,C74E,D,3D,A3,84,1,1,5,2,1,1,2,00,00,00,,,,,364,2,
RNG,1462,C535,D,3D,A3,84,1,1,5,2,1,1,2,00,00,00,C535,,,364,2,
C726,1462,C726,D,F9,51,85,1,1,1,5,1,1,2,00,00,00,C726,,,365,2,
C726,1462,C726,D,F9,51,85,1,1,1,5,1,1,2,00,00,00,C726,,,366,2,
C726,1462,C726,D,F9,51,85,1,1,1,5,1,1,2,00,00,00,C726,,,367,2,
C726,1462,C726,D,F9,51,85,1,1,1,5,1,1,2,00,00,00,C726,,,368,2,
C726,1462,C726,D,F9,51,85,1,1,1,5,1,1,2,00,00,00,C726,,,369,2,
C726,1462,C726,D,F9,51,85,1,1,1,5,1,1,2,00,00,00,C726,,,370,2,
C726,1462,C726,D,F9,51,85,1,1,1,5,1,1,2,00,00,00,C726,,,371,2,
OBJECT,1462,C74E,D,F9,51,85,1,1,1,5,1,1,2,00,00,00,1,$0201,26,371,2,
OBJECT,1462,C74E,D,F9,51,85,1,1,1,5,1,1,2,00,00,00,2,$0202,5E,371,2,
OBJECT,1462,C74E,D,F9,51,85,1,1,1,5,1,1,2,00,00,00,3,$0203,01,371,2,
OBJECT,1462,C74E,D,F9,51,85,1,1,1,5,1,1,2,00,00,00,4,$0204,4B,371,2,
OBJECT,1462,C74E,D,F9,51,85,1,1,1,5,1,1,2,00,00,00,5,$0205,48,371,2,
OBJECT,1462,C74E,D,F9,51,85,1,1,1,5,1,1,2,00,00,00,6,$0206,46,371,2,
OBJECT,1462,C74E,D,F9,51,85,1,1,1,5,1,1,2,00,00,00,7,$0207,09,371,2,
FRAME,1462,C74E,D,F9,51,85,1,1,1,5,1,1,2,00,00,00,,,,,371,2,
RNG,1463,C535,D,F9,51,85,1,1,1,5,1,1,2,00,00,00,C535,,,371,2,
FRAME,1463,C74E,D,00,E6,86,0,0,0,6,1,1,2,00,00,00,,,,,371,2,
RNG,1464,C535,D,00,E6,86,0,0,0,6,1,1,2,00,00,00,C535,,,371,2,
FRAME,1464,C74E,D,18,88,87,0,0,0,0,1,1,2,00,00,00,,,,,371,2,
RNG,1465,C535,D,18,88,87,0,0,0,0,1,1,2,00,00,00,C535,,,371,2,
FRAME,1465,FF0B,D,81,88,88,1,1,1,0,1,1,2,00,00,00,,,,,371,2,
RNG,1466,C535,D,81,88,88,1,1,1,0,1,1,2,00,00,00,C535,,,371,2,
C726,1466,C726,D,89,45,89,1,1,1,4,1,1,2,00,00,00,C726,,,372,2,
C726,1466,C726,D,89,45,89,1,1,1,4,1,1,2,00,00,00,C726,,,373,2,
C726,1466,C726,D,89,45,89,1,1,1,4,1,1,2,00,00,00,C726,,,374,2,
C726,1466,C726,D,89,45,89,1,1,1,4,1,1,2,00,00,00,C726,,,375,2,
C726,1466,C726,D,89,45,89,1,1,1,4,1,1,2,00,00,00,C726,,,376,2,
C726,1466,C726,D,89,45,89,1,1,1,4,1,1,2,00,00,00,C726,,,377,2,
C726,1466,C726,D,89,45,89,1,1,1,4,1,1,2,00,00,00,C726,,,378,2,
OBJECT,1466,C74C,D,89,45,89,1,1,1,4,1,1,2,00,00,00,8,$0208,26,378,2,
OBJECT,1466,C74C,D,89,45,89,1,1,1,4,1,1,2,00,00,00,9,$0209,5E,378,2,
OBJECT,1466,C74C,D,89,45,89,1,1,1,4,1,1,2,00,00,00,10,$020A,01,378,2,
OBJECT,1466,C74C,D,89,45,89,1,1,1,4,1,1,2,00,00,00,11,$020B,4B,378,2,
OBJECT,1466,C74C,D,89,45,89,1,1,1,4,1,1,2,00,00,00,12,$020C,48,378,2,
OBJECT,1466,C74C,D,89,45,89,1,1,1,4,1,1,2,00,00,00,13,$020D,46,378,2,
OBJECT,1466,C74C,D,89,45,89,1,1,1,4,1,1,2,00,00,00,14,$020E,09,378,2,
FRAME,1466,C74C,D,89,45,89,1,1,1,4,1,1,2,00,00,00,,,,,378,2,
RNG,1467,C535,D,89,45,89,1,1,1,4,1,1,2,00,00,00,C535,,,378,2,
FRAME,1467,C74C,D,16,10,8A,0,2,6,1,1,1,2,00,00,00,,,,,378,2,
RNG,1468,C535,D,16,10,8A,0,2,6,1,1,1,2,00,00,00,C535,,,378,2,
FRAME,1468,C74C,D,D6,17,8B,0,2,6,1,1,1,2,00,00,00,,,,,378,2,
RNG,1469,C535,D,D6,17,8B,0,2,6,1,1,1,2,00,00,00,C535,,,378,2,
C726,1469,C726,D,DD,2F,8C,1,1,5,2,1,1,2,00,00,00,C726,,,379,2,
OBJECT,1469,E061,D,DD,2F,8C,1,1,5,2,1,1,2,00,00,00,15,$020F,26,379,2,
FRAME,1469,E061,D,DD,2F,8C,1,1,5,2,1,1,2,00,00,00,,,,,379,2,
RNG,1470,C535,D,DD,2F,8C,1,1,5,2,1,1,2,00,00,00,C535,,,379,2,
C726,1470,C726,D,6A,98,8D,0,2,2,1,1,1,2,00,00,00,C726,,,380,2,
C726,1470,C726,D,6A,98,8D,0,2,2,1,1,1,2,00,00,00,C726,,,381,2,
C726,1470,C726,D,6A,98,8D,0,2,2,1,1,1,2,00,00,00,C726,,,382,2,
C726,1470,C726,D,6A,98,8D,0,2,2,1,1,1,2,00,00,00,C726,,,383,2,
C726,1470,C726,D,6A,98,8D,0,2,2,1,1,1,2,00,00,00,C726,,,384,2,
C726,1470,C726,D,6A,98,8D,0,2,2,1,1,1,2,00,00,00,C726,,,385,2,
OBJECT,1470,C74C,D,6A,98,8D,0,2,2,1,1,1,2,00,00,00,16,$0210,5E,385,2,
OBJECT,1470,C74C,D,6A,98,8D,0,2,2,1,1,1,2,00,00,00,17,$0211,01,385,2,
OBJECT,1470,C74C,D,6A,98,8D,0,2,2,1,1,1,2,00,00,00,18,$0212,4B,385,2,
OBJECT,1470,C74C,D,6A,98,8D,0,2,2,1,1,1,2,00,00,00,19,$0213,48,385,2,
OBJECT,1470,C74C,D,6A,98,8D,0,2,2,1,1,1,2,00,00,00,20,$0214,46,385,2,
OBJECT,1470,C74C,D,6A,98,8D,0,2,2,1,1,1,2,00,00,00,21,$0215,09,385,2,
FRAME,1470,C74C,D,6A,98,8D,0,2,2,1,1,1,2,00,00,00,,,,,385,2,
RNG,1471,C535,D,6A,98,8D,0,2,2,1,1,1,2,00,00,00,C535,,,385,2,
FRAME,1471,C74C,D,2E,9C,8E,0,2,6,1,1,1,2,00,00,00,,,,,385,2,
RNG,1472,C535,D,2E,9C,8E,0,2,6,1,1,1,2,00,00,00,C535,,,385,2,
FRAME,1472,C74C,D,35,39,8F,1,1,5,3,1,1,2,00,00,00,,,,,385,2,
RNG,1473,C535,D,35,39,8F,1,1,5,3,1,1,2,00,00,00,C535,,,385,2,
C726,1473,C726,D,D5,04,90,1,1,5,0,1,1,2,00,00,00,C726,,,386,2,
OBJECT,1473,E05F,D,D5,04,90,1,1,5,0,1,1,2,00,00,00,22,$0216,26,386,2,
FRAME,1473,E05F,D,D5,04,90,1,1,5,0,1,1,2,00,00,00,,,,,386,2,
RNG,1474,C535,D,D5,04,90,1,1,5,0,1,1,2,00,00,00,C535,,,386,2,
C726,1474,C726,D,D5,0B,91,1,1,5,0,1,1,2,00,00,00,C726,,,387,2,
C726,1474,C726,D,D5,0B,91,1,1,5,0,1,1,2,00,00,00,C726,,,388,2,
C726,1474,C726,D,D5,0B,91,1,1,5,0,1,1,2,00,00,00,C726,,,389,2,
C726,1474,C726,D,D5,0B,91,1,1,5,0,1,1,2,00,00,00,C726,,,390,2,
C726,1474,C726,D,D5,0B,91,1,1,5,0,1,1,2,00,00,00,C726,,,391,2,
C726,1474,C726,D,D5,0B,91,1,1,5,0,1,1,2,00,00,00,C726,,,392,2,
OBJECT,1474,C74C,D,D5,0B,91,1,1,5,0,1,1,2,00,00,00,23,$0217,5E,392,2,
OBJECT,1474,C74C,D,D5,0B,91,1,1,5,0,1,1,2,00,00,00,24,$0218,01,392,2,
OBJECT,1474,C74C,D,D5,0B,91,1,1,5,0,1,1,2,00,00,00,25,$0219,4B,392,2,
OBJECT,1474,C74C,D,D5,0B,91,1,1,5,0,1,1,2,00,00,00,26,$021A,48,392,2,
OBJECT,1474,C74C,D,D5,0B,91,1,1,5,0,1,1,2,00,00,00,27,$021B,46,392,2,
OBJECT,1474,C74C,D,D5,0B,91,1,1,5,0,1,1,2,00,00,00,28,$021C,09,392,2,
FRAME,1474,C74C,D,D5,0B,91,1,1,5,0,1,1,2,00,00,00,,,,,392,2,
RNG,1475,C535,D,D5,0B,91,1,1,5,0,1,1,2,00,00,00,C535,,,392,2,
FRAME,1475,C74C,D,92,F3,92,0,2,2,7,1,1,2,00,00,00,,,,,392,2,
RNG,1476,C535,D,92,F3,92,0,2,2,7,1,1,2,00,00,00,C535,,,392,2,
FRAME,1476,C74A,D,8E,DB,93,0,2,6,5,1,1,2,00,00,00,,,,,392,2,
RNG,1477,C535,D,8E,DB,93,0,2,6,5,1,1,2,00,00,00,C535,,,392,2,
C726,1477,C726,D,0F,C3,94,1,3,7,4,1,1,2,00,00,00,C726,,,393,2,
OBJECT,1477,E05F,D,0F,C3,94,1,3,7,4,1,1,2,00,00,00,29,$021D,26,393,2,
FRAME,1477,E05F,D,0F,C3,94,1,3,7,4,1,1,2,00,00,00,,,,,393,2,
RNG,1478,C535,D,0F,C3,94,1,3,7,4,1,1,2,00,00,00,C535,,,393,2,
C726,1478,C726,D,DF,AB,95,1,3,7,2,1,1,2,00,00,00,C726,,,394,2,
C726,1478,C726,D,DF,AB,95,1,3,7,2,1,1,2,00,00,00,C726,,,395,2,
C726,1478,C726,D,DF,AB,95,1,3,7,2,1,1,2,00,00,00,C726,,,396,2,
C726,1478,C726,D,DF,AB,95,1,3,7,2,1,1,2,00,00,00,C726,,,397,2,
C726,1478,C726,D,DF,AB,95,1,3,7,2,1,1,2,00,00,00,C726,,,398,2,
C726,1478,C726,D,DF,AB,95,1,3,7,2,1,1,2,00,00,00,C726,,,399,2,
OBJECT,1478,C74C,D,DF,AB,95,1,3,7,2,1,1,2,00,00,00,30,$021E,5E,399,2,
OBJECT,1478,C74C,D,DF,AB,95,1,3,7,2,1,1,2,00,00,00,31,$021F,01,399,2,
OBJECT,1478,C74C,D,DF,AB,95,1,3,7,2,1,1,2,00,00,00,32,$0220,4B,399,2,
OBJECT,1478,C74C,D,DF,AB,95,1,3,7,2,1,1,2,00,00,00,33,$0221,48,399,2,
OBJECT,1478,C74C,D,DF,AB,95,1,3,7,2,1,1,2,00,00,00,34,$0222,46,399,2,
OBJECT,1478,C74C,D,DF,AB,95,1,3,7,2,1,1,2,00,00,00,35,$0223,09,399,2,
FRAME,1478,C74C,D,DF,AB,95,1,3,7,2,1,1,2,00,00,00,,,,,399,2,
RNG,1479,C535,D,DF,AB,95,1,3,7,2,1,1,2,00,00,00,C535,,,399,2,
FRAME,1479,C74C,D,E4,8B,96,0,0,4,0,1,1,2,00,00,00,,,,,399,2,
RNG,1480,C535,D,E4,8B,96,0,0,4,0,1,1,2,00,00,00,C535,,,399,2,
FRAME,1480,C74A,D,8D,A3,97,1,1,5,2,1,1,2,00,00,00,,,,,399,2,
RNG,1481,C535,D,8D,A3,97,1,1,5,2,1,1,2,00,00,00,C535,,,399,2,
C726,1481,C726,D,7D,73,98,1,1,5,7,1,1,2,00,00,00,C726,,,400,2,
OBJECT,1481,E05D,D,7D,73,98,1,1,5,7,1,1,2,00,00,00,36,$0224,26,400,2,
FRAME,1481,E05D,D,7D,73,98,1,1,5,7,1,1,2,00,00,00,,,,,400,2,
RNG,1482,C535,D,7D,73,98,1,1,5,7,1,1,2,00,00,00,C535,,,400,2,
C726,1482,C726,D,16,62,99,0,2,6,6,1,1,2,00,00,00,C726,,,401,2,
C726,1482,C726,D,16,62,99,0,2,6,6,1,1,2,00,00,00,C726,,,402,2,
C726,1482,C726,D,16,62,99,0,2,6,6,1,1,2,00,00,00,C726,,,403,2,
C726,1482,C726,D,16,62,99,0,2,6,6,1,1,2,00,00,00,C726,,,404,2,
C726,1482,C726,D,16,62,99,0,2,6,6,1,1,2,00,00,00,C726,,,405,2,
C726,1482,C726,D,16,62,99,0,2,6,6,1,1,2,00,00,00,C726,,,406,2,
OBJECT,1482,C74A,D,16,62,99,0,2,6,6,1,1,2,00,00,00,37,$0225,5E,406,2,
OBJECT,1482,C74A,D,16,62,99,0,2,6,6,1,1,2,00,00,00,38,$0226,01,406,2,
OBJECT,1482,C74A,D,16,62,99,0,2,6,6,1,1,2,00,00,00,39,$0227,4B,406,2,
OBJECT,1482,C74A,D,16,62,99,0,2,6,6,1,1,2,00,00,00,40,$0228,48,406,2,
OBJECT,1482,C74A,D,16,62,99,0,2,6,6,1,1,2,00,00,00,41,$0229,46,406,2,
OBJECT,1482,C74A,D,16,62,99,0,2,6,6,1,1,2,00,00,00,42,$022A,09,406,2,
FRAME,1482,C74A,D,16,62,99,0,2,6,6,1,1,2,00,00,00,,,,,406,2,
RNG,1483,C535,D,16,62,99,0,2,6,6,1,1,2,00,00,00,C535,,,406,2,
FRAME,1483,C74A,D,C6,50,9A,0,2,6,5,1,1,2,00,00,00,,,,,406,2,
RNG,1484,C535,D,C6,50,9A,0,2,6,5,1,1,2,00,00,00,C535,,,406,2,
FRAME,1484,C74A,D,CD,46,9B,1,1,5,4,1,1,2,00,00,00,,,,,406,2,
RNG,1485,C535,D,CD,46,9B,1,1,5,4,1,1,2,00,00,00,C535,,,406,2,
C726,1485,C726,D,66,49,9C,0,2,6,4,1,1,2,00,00,00,C726,,,407,2,
OBJECT,1485,E060,D,66,49,9C,0,2,6,4,1,1,2,00,00,00,43,$022B,26,407,2,
FRAME,1485,E060,D,66,49,9C,0,2,6,4,1,1,2,00,00,00,,,,,407,2,
RNG,1486,C535,D,66,49,9C,0,2,6,4,1,1,2,00,00,00,C535,,,407,2,
C726,1486,C726,D,17,F6,9D,1,3,7,7,1,1,2,00,00,00,C726,,,408,2,
C726,1486,C726,D,17,F6,9D,1,3,7,7,1,1,2,00,00,00,C726,,,409,2,
C726,1486,C726,D,17,F6,9D,1,3,7,7,1,1,2,00,00,00,C726,,,410,2,
C726,1486,C726,D,17,F6,9D,1,3,7,7,1,1,2,00,00,00,C726,,,411,2,
C726,1486,C726,D,17,F6,9D,1,3,7,7,1,1,2,00,00,00,C726,,,412,2,
C726,1486,C726,D,17,F6,9D,1,3,7,7,1,1,2,00,00,00,C726,,,413,2,
OBJECT,1486,C74A,D,17,F6,9D,1,3,7,7,1,1,2,00,00,00,44,$022C,5E,413,2,
OBJECT,1486,C74A,D,17,F6,9D,1,3,7,7,1,1,2,00,00,00,45,$022D,01,413,2,
OBJECT,1486,C74A,D,17,F6,9D,1,3,7,7,1,1,2,00,00,00,46,$022E,4B,413,2,
OBJECT,1486,C74A,D,17,F6,9D,1,3,7,7,1,1,2,00,00,00,47,$022F,48,413,2,
OBJECT,1486,C74A,D,17,F6,9D,1,3,7,7,1,1,2,00,00,00,48,$0230,46,413,2,
OBJECT,1486,C74A,D,17,F6,9D,1,3,7,7,1,1,2,00,00,00,49,$0231,09,413,2,
FRAME,1486,C74A,D,17,F6,9D,1,3,7,7,1,1,2,00,00,00,,,,,413,2,
RNG,1487,C535,D,17,F6,9D,1,3,7,7,1,1,2,00,00,00,C535,,,413,2,
FRAME,1487,C74C,D,1E,EC,9E,0,2,6,6,1,1,2,00,00,00,,,,,413,2,
RNG,1488,C535,D,1E,EC,9E,0,2,6,6,1,1,2,00,00,00,C535,,,413,2,
FRAME,1488,C74C,D,06,EF,9F,0,2,6,6,1,1,2,00,00,00,,,,,413,2,
RNG,1489,C535,D,06,EF,9F,0,2,6,6,1,1,2,00,00,00,C535,,,413,2,
C726,1489,C726,D,CE,18,A0,0,2,6,1,1,1,2,00,00,00,C726,,,414,2,
OBJECT,1489,E008,D,CE,18,A0,0,2,6,1,1,1,2,00,00,00,50,$0232,26,414,2,
FRAME,1489,E008,D,CE,18,A0,0,2,6,1,1,1,2,00,00,00,,,,,414,2,
RNG,1490,C535,D,CE,18,A0,0,2,6,1,1,1,2,00,00,00,C535,,,414,2,
C726,1490,C726,D,96,19,A1,0,2,6,1,1,1,2,00,00,00,C726,,,415,2,
C726,1490,C726,D,96,19,A1,0,2,6,1,1,1,2,00,00,00,C726,,,416,2,
C726,1490,C726,D,96,19,A1,0,2,6,1,1,1,2,00,00,00,C726,,,417,2,
C726,1490,C726,D,96,19,A1,0,2,6,1,1,1,2,00,00,00,C726,,,418,2,
C726,1490,C726,D,96,19,A1,0,2,6,1,1,1,2,00,00,00,C726,,,419,2,
C726,1490,C726,D,96,19,A1,0,2,6,1,1,1,2,00,00,00,C726,,,420,2,
OBJECT,1490,C74A,D,96,19,A1,0,2,6,1,1,1,2,00,00,00,51,$0233,5E,420,2,
OBJECT,1490,C74A,D,96,19,A1,0,2,6,1,1,1,2,00,00,00,52,$0234,01,420,2,
OBJECT,1490,C74A,D,96,19,A1,0,2,6,1,1,1,2,00,00,00,53,$0235,4B,420,2,
OBJECT,1490,C74A,D,96,19,A1,0,2,6,1,1,1,2,00,00,00,54,$0236,48,420,2,
OBJECT,1490,C74A,D,96,19,A1,0,2,6,1,1,1,2,00,00,00,55,$0237,46,420,2,
OBJECT,1490,C74A,D,96,19,A1,0,2,6,1,1,1,2,00,00,00,56,$0238,09,420,2,
FRAME,1490,C74A,D,96,19,A1,0,2,6,1,1,1,2,00,00,00,,,,,420,2,
RNG,1491,C535,D,96,19,A1,0,2,6,1,1,1,2,00,00,00,C535,,,420,2,
FRAME,1491,C74C,D,5E,A6,A2,0,2,6,2,1,1,2,00,00,00,,,,,420,2,
RNG,1492,C535,D,5E,A6,A2,0,2,6,2,1,1,2,00,00,00,C535,,,420,2,
FRAME,1492,C74C,D,26,9C,A3,0,2,6,1,1,1,2,00,00,00,,,,,420,2,
RNG,1493,C535,D,26,9C,A3,0,2,6,1,1,1,2,00,00,00,C535,,,420,2,
C726,1493,C726,D,E6,9F,A4,0,2,6,1,1,1,2,00,00,00,C726,,,421,2,
OBJECT,1493,E05F,D,E6,9F,A4,0,2,6,1,1,1,2,00,00,00,57,$0239,26,421,2,
FRAME,1493,E05F,D,E6,9F,A4,0,2,6,1,1,1,2,00,00,00,,,,,421,2,
RNG,1494,C535,D,E6,9F,A4,0,2,6,1,1,1,2,00,00,00,C535,,,421,2,
C726,1494,C726,D,FE,8F,A5,0,2,6,0,1,1,2,00,00,00,C726,,,422,2,
C726,1494,C726,D,FE,8F,A5,0,2,6,0,1,1,2,00,00,00,C726,,,423,2,
C726,1494,C726,D,FE,8F,A5,0,2,6,0,1,1,2,00,00,00,C726,,,424,2,
C726,1494,C726,D,FE,8F,A5,0,2,6,0,1,1,2,00,00,00,C726,,,425,2,
C726,1494,C726,D,FE,8F,A5,0,2,6,0,1,1,2,00,00,00,C726,,,426,2,
C726,1494,C726,D,FE,8F,A5,0,2,6,0,1,1,2,00,00,00,C726,,,427,2,
OBJECT,1494,C74C,D,FE,8F,A5,0,2,6,0,1,1,2,00,00,00,58,$023A,5E,427,2,
OBJECT,1494,C74C,D,FE,8F,A5,0,2,6,0,1,1,2,00,00,00,59,$023B,01,427,2,
OBJECT,1494,C74C,D,FE,8F,A5,0,2,6,0,1,1,2,00,00,00,60,$023C,4B,427,2,
OBJECT,1494,C74C,D,FE,8F,A5,0,2,6,0,1,1,2,00,00,00,61,$023D,48,427,2,
OBJECT,1494,C74C,D,FE,8F,A5,0,2,6,0,1,1,2,00,00,00,62,$023E,46,427,2,
OBJECT,1494,C74C,D,FE,8F,A5,0,2,6,0,1,1,2,00,00,00,63,$023F,09,427,2,
FRAME,1494,C74C,D,FE,8F,A5,0,2,6,0,1,1,2,00,00,00,,,,,427,2,
RNG,1495,C535,D,FE,8F,A5,0,2,6,0,1,1,2,00,00,00,C535,,,427,2,
FRAME,1495,C74C,D,CE,94,A6,0,2,6,1,1,1,2,00,00,00,,,,,427,2,
RNG,1496,C535,D,CE,94,A6,0,2,6,1,1,1,2,00,00,00,C535,,,427,2,
FRAME,1496,C74C,D,B8,36,A7,0,0,0,3,1,1,2,00,00,00,,,,,427,2,
RNG,1497,C535,D,B8,36,A7,0,0,0,3,1,1,2,00,00,00,C535,,,427,2,
C726,1497,C726,D,18,36,A8,0,0,0,3,1,1,2,00,00,00,C726,,,428,2,
OBJECT,1497,E060,D,18,36,A8,0,0,0,3,1,1,2,00,00,00,0,$0200,26,428,2,
FRAME,1497,E060,D,18,36,A8,0,0,0,3,1,1,2,00,00,00,,,,,428,2,
RNG,1498,C535,D,18,36,A8,0,0,0,3,1,1,2,00,00,00,C535,,,428,2,
C726,1498,C726,D,16,82,A9,0,2,6,0,1,1,2,00,00,00,C726,,,429,2,
C726,1498,C726,D,16,82,A9,0,2,6,0,1,1,2,00,00,00,C726,,,430,2,
C726,1498,C726,D,16,82,A9,0,2,6,0,1,1,2,00,00,00,C726,,,431,2,
C726,1498,C726,D,16,82,A9,0,2,6,0,1,1,2,00,00,00,C726,,,432,2,
C726,1498,C726,D,16,82,A9,0,2,6,0,1,1,2,00,00,00,C726,,,433,2,
C726,1498,C726,D,16,82,A9,0,2,6,0,1,1,2,00,00,00,C726,,,434,2,
OBJECT,1498,C74A,D,16,82,A9,0,2,6,0,1,1,2,00,00,00,1,$0201,5E,434,2,
OBJECT,1498,C74A,D,16,82,A9,0,2,6,0,1,1,2,00,00,00,2,$0202,01,434,2,
OBJECT,1498,C74A,D,16,82,A9,0,2,6,0,1,1,2,00,00,00,3,$0203,4B,434,2,
OBJECT,1498,C74A,D,16,82,A9,0,2,6,0,1,1,2,00,00,00,4,$0204,48,434,2,
OBJECT,1498,C74A,D,16,82,A9,0,2,6,0,1,1,2,00,00,00,5,$0205,46,434,2,
OBJECT,1498,C74A,D,16,82,A9,0,2,6,0,1,1,2,00,00,00,6,$0206,09,434,2,
FRAME,1498,C74A,D,16,82,A9,0,2,6,0,1,1,2,00,00,00,,,,,434,2,
RNG,1499,C535,D,16,82,A9,0,2,6,0,1,1,2,00,00,00,C535,,,434,2,
FRAME,1499,C74C,D,14,1F,AA,0,0,4,1,1,1,2,00,00,00,,,,,434,2,
RNG,1500,C535,D,14,1F,AA,0,0,4,1,1,1,2,00,00,00,C535,,,434,2,
FRAME,1500,C74C,D,12,B4,AB,0,2,2,3,1,1,2,00,00,00,,,,,434,2,
RNG,1501,C535,D,12,B4,AB,0,2,2,3,1,1,2,00,00,00,C535,,,434,2,
C726,1501,C726,D,10,56,AC,0,0,0,5,1,1,2,00,00,00,C726,,,435,2,
OBJECT,1501,E062,D,10,56,AC,0,0,0,5,1,1,2,00,00,00,7,$0207,26,435,2,
FRAME,1501,E062,D,10,56,AC,0,0,0,5,1,1,2,00,00,00,,,,,435,2,
RNG,1502,C535,D,10,56,AC,0,0,0,5,1,1,2,00,00,00,C535,,,435,2,
C726,1502,C726,D,0E,5C,AD,0,2,6,5,1,1,2,00,00,00,C726,,,436,2,
C726,1502,C726,D,0E,5C,AD,0,2,6,5,1,1,2,00,00,00,C726,,,437,2,
C726,1502,C726,D,0E,5C,AD,0,2,6,5,1,1,2,00,00,00,C726,,,438,2,
C726,1502,C726,D,0E,5C,AD,0,2,6,5,1,1,2,00,00,00,C726,,,439,2,
C726,1502,C726,D,0E,5C,AD,0,2,6,5,1,1,2,00,00,00,C726,,,440,2,
C726,1502,C726,D,0E,5C,AD,0,2,6,5,1,1,2,00,00,00,C726,,,441,2,
OBJECT,1502,C74E,D,0E,5C,AD,0,2,6,5,1,1,2,00,00,00,8,$0208,5E,441,2,
OBJECT,1502,C74E,D,0E,5C,AD,0,2,6,5,1,1,2,00,00,00,9,$0209,01,441,2,
OBJECT,1502,C74E,D,0E,5C,AD,0,2,6,5,1,1,2,00,00,00,10,$020A,4B,441,2,
OBJECT,1502,C74E,D,0E,5C,AD,0,2,6,5,1,1,2,00,00,00,11,$020B,48,441,2,
OBJECT,1502,C74E,D,0E,5C,AD,0,2,6,5,1,1,2,00,00,00,12,$020C,46,441,2,
OBJECT,1502,C74E,D,0E,5C,AD,0,2,6,5,1,1,2,00,00,00,13,$020D,09,441,2,
FRAME,1502,C74E,D,0E,5C,AD,0,2,6,5,1,1,2,00,00,00,,,,,441,2,
RNG,1503,C535,D,0E,5C,AD,0,2,6,5,1,1,2,00,00,00,C535,,,441,2,
FRAME,1503,C74A,D,0C,FC,AE,0,0,4,7,1,1,2,00,00,00,,,,,441,2,
RNG,1504,C535,D,0C,FC,AE,0,0,4,7,1,1,2,00,00,00,C535,,,441,2,
FRAME,1504,C74E,D,E1,FC,AF,1,1,1,7,1,1,2,00,00,00,,,,,441,2,
RNG,1505,C535,D,E1,FC,AF,1,1,1,7,1,1,2,00,00,00,C535,,,441,2,
C726,1505,C726,D,DF,B9,B0,1,3,7,3,1,1,2,00,00,00,C726,,,442,2,
OBJECT,1505,E063,D,DF,B9,B0,1,3,7,3,1,1,2,00,00,00,14,$020E,26,442,2,
FRAME,1505,E063,D,DF,B9,B0,1,3,7,3,1,1,2,00,00,00,,,,,442,2,
RNG,1506,C535,D,DF,B9,B0,1,3,7,3,1,1,2,00,00,00,C535,,,442,2,
C726,1506,C726,D,C4,A0,B1,0,0,4,2,1,1,2,00,00,00,C726,,,443,2,
C726,1506,C726,D,C4,A0,B1,0,0,4,2,1,1,2,00,00,00,C726,,,444,2,
C726,1506,C726,D,C4,A0,B1,0,0,4,2,1,1,2,00,00,00,C726,,,445,2,
C726,1506,C726,D,C4,A0,B1,0,0,4,2,1,1,2,00,00,00,C726,,,446,2,
C726,1506,C726,D,C4,A0,B1,0,0,4,2,1,1,2,00,00,00,C726,,,447,2,
C726,1506,C726,D,C4,A0,B1,0,0,4,2,1,1,2,00,00,00,C726,,,448,2,
OBJECT,1506,C74C,D,C4,A0,B1,0,0,4,2,1,1,2,00,00,00,15,$020F,5E,448,2,
OBJECT,1506,C74C,D,C4,A0,B1,0,0,4,2,1,1,2,00,00,00,16,$0210,01,448,2,
OBJECT,1506,C74C,D,C4,A0,B1,0,0,4,2,1,1,2,00,00,00,17,$0211,4B,448,2,
OBJECT,1506,C74C,D,C4,A0,B1,0,0,4,2,1,1,2,00,00,00,18,$0212,48,448,2,
OBJECT,1506,C74C,D,C4,A0,B1,0,0,4,2,1,1,2,00,00,00,19,$0213,46,448,2,
OBJECT,1506,C74C,D,C4,A0,B1,0,0,4,2,1,1,2,00,00,00,20,$0214,09,448,2,
FRAME,1506,C74C,D,C4,A0,B1,0,0,4,2,1,1,2,00,00,00,,,,,448,2,
RNG,1507,C535,D,C4,A0,B1,0,0,4,2,1,1,2,00,00,00,C535,,,448,2,
FRAME,1507,C74E,D,C2,35,B2,0,2,2,3,1,1,2,00,00,00,,,,,448,2,
RNG,1508,C535,D,C2,35,B2,0,2,2,3,1,1,2,00,00,00,C535,,,448,2,
FRAME,1508,C74E,D,B7,CE,B3,1,3,7,4,1,1,2,00,00,00,,,,,448,2,
RNG,1509,C535,D,B7,CE,B3,1,3,7,4,1,1,2,00,00,00,C535,,,448,2,
C726,1509,C726,D,B5,97,B4,1,1,5,1,1,1,2,00,00,00,C726,,,449,2,
OBJECT,1509,E04D,D,B5,97,B4,1,1,5,1,1,1,2,00,00,00,21,$0215,26,449,2,
FRAME,1509,E04D,D,B5,97,B4,1,1,5,1,1,1,2,00,00,00,,,,,449,2,
RNG,1510,C535,D,B5,97,B4,1,1,5,1,1,1,2,00,00,00,C535,,,449,2,
C726,1510,C726,D,89,9E,B5,1,1,1,1,1,1,2,00,00,00,C726,,,450,2,
C726,1510,C726,D,89,9E,B5,1,1,1,1,1,1,2,00,00,00,C726,,,451,2,
C726,1510,C726,D,89,9E,B5,1,1,1,1,1,1,2,00,00,00,C726,,,452,2,
C726,1510,C726,D,89,9E,B5,1,1,1,1,1,1,2,00,00,00,C726,,,453,2,
C726,1510,C726,D,89,9E,B5,1,1,1,1,1,1,2,00,00,00,C726,,,454,2,
C726,1510,C726,D,89,9E,B5,1,1,1,1,1,1,2,00,00,00,C726,,,455,2,
OBJECT,1510,C74E,D,89,9E,B5,1,1,1,1,1,1,2,00,00,00,22,$0216,5E,455,2,
OBJECT,1510,C74E,D,89,9E,B5,1,1,1,1,1,1,2,00,00,00,23,$0217,01,455,2,
OBJECT,1510,C74E,D,89,9E,B5,1,1,1,1,1,1,2,00,00,00,24,$0218,4B,455,2,
OBJECT,1510,C74E,D,89,9E,B5,1,1,1,1,1,1,2,00,00,00,25,$0219,48,455,2,
OBJECT,1510,C74E,D,89,9E,B5,1,1,1,1,1,1,2,00,00,00,26,$021A,46,455,2,
OBJECT,1510,C74E,D,89,9E,B5,1,1,1,1,1,1,2,00,00,00,27,$021B,09,455,2,
FRAME,1510,C74E,D,89,9E,B5,1,1,1,1,1,1,2,00,00,00,,,,,455,2,
RNG,1511,C535,D,89,9E,B5,1,1,1,1,1,1,2,00,00,00,C535,,,455,2,
FRAME,1511,C74E,D,87,86,B6,1,3,7,0,1,1,2,00,00,00,,,,,455,2,
RNG,1512,C535,D,87,86,B6,1,3,7,0,1,1,2,00,00,00,C535,,,455,2,
FRAME,1512,C74E,D,6B,4E,B7,1,3,3,4,1,1,2,00,00,00,,,,,455,2,
RNG,1513,C535,D,6B,4E,B7,1,3,3,4,1,1,2,00,00,00,C535,,,455,2,
C726,1513,C726,D,69,16,B8,1,1,1,1,1,1,2,00,00,00,C726,,,456,2,
OBJECT,1513,E05F,D,69,16,B8,1,1,1,1,1,1,2,00,00,00,28,$021C,26,456,2,
FRAME,1513,E05F,D,69,16,B8,1,1,1,1,1,1,2,00,00,00,,,,,456,2,
RNG,1514,C535,D,69,16,B8,1,1,1,1,1,1,2,00,00,00,C535,,,456,2,
C726,1514,C726,D,5D,DE,B9,1,1,5,5,1,1,2,00,00,00,C726,,,457,2,
C726,1514,C726,D,5D,DE,B9,1,1,5,5,1,1,2,00,00,00,C726,,,458,2,
C726,1514,C726,D,5D,DE,B9,1,1,5,5,1,1,2,00,00,00,C726,,,459,2,
C726,1514,C726,D,5D,DE,B9,1,1,5,5,1,1,2,00,00,00,C726,,,460,2,
C726,1514,C726,D,5D,DE,B9,1,1,5,5,1,1,2,00,00,00,C726,,,461,2,
C726,1514,C726,D,5D,DE,B9,1,1,5,5,1,1,2,00,00,00,C726,,,462,2,
OBJECT,1514,C74A,D,5D,DE,B9,1,1,5,5,1,1,2,00,00,00,29,$021D,5E,462,2,
OBJECT,1514,C74A,D,5D,DE,B9,1,1,5,5,1,1,2,00,00,00,30,$021E,01,462,2,
OBJECT,1514,C74A,D,5D,DE,B9,1,1,5,5,1,1,2,00,00,00,31,$021F,4B,462,2,
OBJECT,1514,C74A,D,5D,DE,B9,1,1,5,5,1,1,2,00,00,00,32,$0220,48,462,2,
OBJECT,1514,C74A,D,5D,DE,B9,1,1,5,5,1,1,2,00,00,00,33,$0221,46,462,2,
OBJECT,1514,C74A,D,5D,DE,B9,1,1,5,5,1,1,2,00,00,00,34,$0222,09,462,2,
FRAME,1514,C74A,D,5D,DE,B9,1,1,5,5,1,1,2,00,00,00,,,,,462,2,
RNG,1515,C535,D,5D,DE,B9,1,1,5,5,1,1,2,00,00,00,C535,,,462,2,
FRAME,1515,C74C,D,5B,A6,BA,1,3,3,2,1,1,2,00,00,00,,,,,462,2,
RNG,1516,C535,D,5B,A6,BA,1,3,3,2,1,1,2,00,00,00,C535,,,462,2,
FRAME,1516,C74C,D,2E,66,BB,0,2,6,6,1,1,2,00,00,00,,,,,462,2,
RNG,1517,C535,D,2E,66,BB,0,2,6,6,1,1,2,00,00,00,C535,,,462,2,
C726,1517,C726,D,00,7E,BC,0,0,0,7,1,1,2,00,00,00,C726,,,463,2,
OBJECT,1517,E05F,D,00,7E,BC,0,0,0,7,1,1,2,00,00,00,35,$0223,26,463,2,
FRAME,1517,E05F,D,00,7E,BC,0,0,0,7,1,1,2,00,00,00,,,,,463,2,
RNG,1518,C535,D,00,7E,BC,0,0,0,7,1,1,2,00,00,00,C535,,,463,2,
C726,1518,C726,D,E3,4E,BD,1,3,3,4,1,1,2,00,00,00,C726,,,464,2,
C726,1518,C726,D,E3,4E,BD,1,3,3,4,1,1,2,00,00,00,C726,,,465,2,
C726,1518,C726,D,E3,4E,BD,1,3,3,4,1,1,2,00,00,00,C726,,,466,2,
C726,1518,C726,D,E3,4E,BD,1,3,3,4,1,1,2,00,00,00,C726,,,467,2,
C726,1518,C726,D,E3,4E,BD,1,3,3,4,1,1,2,00,00,00,C726,,,468,2,
C726,1518,C726,D,E3,4E,BD,1,3,3,4,1,1,2,00,00,00,C726,,,469,2,
OBJECT,1518,C74A,D,E3,4E,BD,1,3,3,4,1,1,2,00,00,00,36,$0224,5E,469,2,
OBJECT,1518,C74A,D,E3,4E,BD,1,3,3,4,1,1,2,00,00,00,37,$0225,01,469,2,
OBJECT,1518,C74A,D,E3,4E,BD,1,3,3,4,1,1,2,00,00,00,38,$0226,4B,469,2,
OBJECT,1518,C74A,D,E3,4E,BD,1,3,3,4,1,1,2,00,00,00,39,$0227,48,469,2,
OBJECT,1518,C74A,D,E3,4E,BD,1,3,3,4,1,1,2,00,00,00,40,$0228,46,469,2,
OBJECT,1518,C74A,D,E3,4E,BD,1,3,3,4,1,1,2,00,00,00,41,$0229,09,469,2,
FRAME,1518,C74A,D,E3,4E,BD,1,3,3,4,1,1,2,00,00,00,,,,,469,2,
RNG,1519,C535,D,E3,4E,BD,1,3,3,4,1,1,2,00,00,00,C535,,,469,2,
FRAME,1519,C74C,D,C5,3F,BE,1,1,5,3,1,1,2,00,00,00,,,,,469,2,
RNG,1520,C535,D,C5,3F,BE,1,1,5,3,1,1,2,00,00,00,C535,,,469,2,
FRAME,1520,C74C,D,B8,EC,BF,0,0,0,6,1,1,2,00,00,00,,,,,469,2,
RNG,1521,C535,D,B8,EC,BF,0,0,0,6,1,1,2,00,00,00,C535,,,469,2,
C726,1521,C726,D,AA,BB,C0,0,2,2,3,1,1,2,00,00,00,C726,,,470,2,
OBJECT,1521,E05D,D,AA,BB,C0,0,2,2,3,1,1,2,00,00,00,42,$022A,26,470,2,
FRAME,1521,E05D,D,AA,BB,C0,0,2,2,3,1,1,2,00,00,00,,,,,470,2,
RNG,1522,C535,D,AA,BB,C0,0,2,2,3,1,1,2,00,00,00,C535,,,470,2,
C726,1522,C726,D,7B,C2,C1,1,3,3,4,1,1,2,00,00,00,C726,,,471,2,
C726,1522,C726,D,7B,C2,C1,1,3,3,4,1,1,2,00,00,00,C726,,,472,2,
C726,1522,C726,D,7B,C2,C1,1,3,3,4,1,1,2,00,00,00,C726,,,473,2,
C726,1522,C726,D,7B,C2,C1,1,3,3,4,1,1,2,00,00,00,C726,,,474,2,
C726,1522,C726,D,7B,C2,C1,1,3,3,4,1,1,2,00,00,00,C726,,,475,2,
C726,1522,C726,D,7B,C2,C1,1,3,3,4,1,1,2,00,00,00,C726,,,476,2,
OBJECT,1522,C74A,D,7B,C2,C1,1,3,3,4,1,1,2,00,00,00,43,$022B,5E,476,2,
OBJECT,1522,C74A,D,7B,C2,C1,1,3,3,4,1,1,2,00,00,00,44,$022C,01,476,2,
OBJECT,1522,C74A,D,7B,C2,C1,1,3,3,4,1,1,2,00,00,00,45,$022D,4B,476,2,
OBJECT,1522,C74A,D,7B,C2,C1,1,3,3,4,1,1,2,00,00,00,46,$022E,48,476,2,
OBJECT,1522,C74A,D,7B,C2,C1,1,3,3,4,1,1,2,00,00,00,47,$022F,46,476,2,
OBJECT,1522,C74A,D,7B,C2,C1,1,3,3,4,1,1,2,00,00,00,48,$0230,09,476,2,
FRAME,1522,C74A,D,7B,C2,C1,1,3,3,4,1,1,2,00,00,00,,,,,476,2,
RNG,1523,C535,D,7B,C2,C1,1,3,3,4,1,1,2,00,00,00,C535,,,476,2,
FRAME,1523,C74C,D,4B,8B,C2,1,3,3,0,1,1,2,00,00,00,,,,,476,2,
RNG,1524,C535,D,4B,8B,C2,1,3,3,0,1,1,2,00,00,00,C535,,,476,2,
FRAME,1524,C74C,D,2C,7F,C3,0,0,4,7,1,1,2,00,00,00,,,,,476,2,
RNG,1525,C535,D,2C,7F,C3,0,0,4,7,1,1,2,00,00,00,C535,,,476,2,
C726,1525,C726,D,0C,0F,C4,0,0,4,0,1,1,2,00,00,00,C726,,,477,2,
OBJECT,1525,E062,D,0C,0F,C4,0,0,4,0,1,1,2,00,00,00,49,$0231,26,477,2,
FRAME,1525,E062,D,0C,0F,C4,0,0,4,0,1,1,2,00,00,00,,,,,477,2,
RNG,1526,C535,D,0C,0F,C4,0,0,4,0,1,1,2,00,00,00,C535,,,477,2,
C726,1526,C726,D,FD,2D,C5,1,1,5,2,1,1,2,00,00,00,C726,,,478,2,
C726,1526,C726,D,FD,2D,C5,1,1,5,2,1,1,2,00,00,00,C726,,,479,2,
C726,1526,C726,D,FD,2D,C5,1,1,5,2,1,1,2,00,00,00,C726,,,480,2,
C726,1526,C726,D,FD,2D,C5,1,1,5,2,1,1,2,00,00,00,C726,,,481,2,
C726,1526,C726,D,FD,2D,C5,1,1,5,2,1,1,2,00,00,00,C726,,,482,2,
C726,1526,C726,D,FD,2D,C5,1,1,5,2,1,1,2,00,00,00,C726,,,483,2,
OBJECT,1526,C74A,D,FD,2D,C5,1,1,5,2,1,1,2,00,00,00,50,$0232,5E,483,2,
OBJECT,1526,C74A,D,FD,2D,C5,1,1,5,2,1,1,2,00,00,00,51,$0233,01,483,2,
OBJECT,1526,C74A,D,FD,2D,C5,1,1,5,2,1,1,2,00,00,00,52,$0234,4B,483,2,
OBJECT,1526,C74A,D,FD,2D,C5,1,1,5,2,1,1,2,00,00,00,53,$0235,48,483,2,
OBJECT,1526,C74A,D,FD,2D,C5,1,1,5,2,1,1,2,00,00,00,54,$0236,46,483,2,
OBJECT,1526,C74A,D,FD,2D,C5,1,1,5,2,1,1,2,00,00,00,55,$0237,09,483,2,
FRAME,1526,C74A,D,FD,2D,C5,1,1,5,2,1,1,2,00,00,00,,,,,483,2,
RNG,1527,C535,D,FD,2D,C5,1,1,5,2,1,1,2,00,00,00,C535,,,483,2,
FRAME,1527,C752,D,ED,CF,C6,1,1,5,4,1,1,2,00,00,00,,,,,483,2,
RNG,1528,C535,D,ED,CF,C6,1,1,5,4,1,1,2,00,00,00,C535,,,483,2,
FRAME,1528,C74A,D,BF,97,C7,1,3,7,1,1,1,2,00,00,00,,,,,483,2,
RNG,1529,C535,D,BF,97,C7,1,3,7,1,1,1,2,00,00,00,C535,,,483,2,
C726,1529,C726,D,92,37,C8,0,2,2,3,1,1,2,00,00,00,C726,,,484,2,
OBJECT,1529,E062,D,92,37,C8,0,2,2,3,1,1,2,00,00,00,56,$0238,26,484,2,
FRAME,1529,E062,D,92,37,C8,0,2,2,3,1,1,2,00,00,00,,,,,484,2,
RNG,1530,C535,D,92,37,C8,0,2,2,3,1,1,2,00,00,00,C535,,,484,2,
C726,1530,C726,D,74,3D,C9,0,0,4,3,1,1,2,00,00,00,C726,,,485,2,
C726,1530,C726,D,74,3D,C9,0,0,4,3,1,1,2,00,00,00,C726,,,486,2,
C726,1530,C726,D,74,3D,C9,0,0,4,3,1,1,2,00,00,00,C726,,,487,2,
C726,1530,C726,D,74,3D,C9,0,0,4,3,1,1,2,00,00,00,C726,,,488,2,
C726,1530,C726,D,74,3D,C9,0,0,4,3,1,1,2,00,00,00,C726,,,489,2,
C726,1530,C726,D,74,3D,C9,0,0,4,3,1,1,2,00,00,00,C726,,,490,2,
OBJECT,1530,C74E,D,74,3D,C9,0,0,4,3,1,1,2,00,00,00,57,$0239,5E,490,2,
OBJECT,1530,C74E,D,74,3D,C9,0,0,4,3,1,1,2,00,00,00,58,$023A,01,490,2,
OBJECT,1530,C74E,D,74,3D,C9,0,0,4,3,1,1,2,00,00,00,59,$023B,4B,490,2,
OBJECT,1530,C74E,D,74,3D,C9,0,0,4,3,1,1,2,00,00,00,60,$023C,48,490,2,
OBJECT,1530,C74E,D,74,3D,C9,0,0,4,3,1,1,2,00,00,00,61,$023D,46,490,2,
OBJECT,1530,C74E,D,74,3D,C9,0,0,4,3,1,1,2,00,00,00,62,$023E,09,490,2,
FRAME,1530,C74E,D,74,3D,C9,0,0,4,3,1,1,2,00,00,00,,,,,490,2,
RNG,1531,C535,D,74,3D,C9,0,0,4,3,1,1,2,00,00,00,C535,,,490,2,
FRAME,1531,C74A,D,57,5D,CA,1,3,7,5,1,1,2,00,00,00,,,,,490,2,
RNG,1532,C535,D,57,5D,CA,1,3,7,5,1,1,2,00,00,00,C535,,,490,2,
FRAME,1532,C74E,D,49,FE,CB,1,1,1,7,1,1,2,00,00,00,,,,,490,2,
RNG,1533,C535,D,49,FE,CB,1,1,1,7,1,1,2,00,00,00,C535,,,490,2,
C726,1533,C726,D,3C,C4,CC,0,0,4,4,1,1,2,00,00,00,C726,,,491,2,
OBJECT,1533,E031,D,3C,C4,CC,0,0,4,4,1,1,2,00,00,00,63,$023F,26,491,2,
FRAME,1533,E031,D,3C,C4,CC,0,0,4,4,1,1,2,00,00,00,,,,,491,2,
RNG,1534,C535,D,3C,C4,CC,0,0,4,4,1,1,2,00,00,00,C535,,,491,2,
C726,1534,C726,D,3A,6D,CD,0,2,2,6,1,1,2,00,00,00,C726,,,492,2,
C726,1534,C726,D,3A,6D,CD,0,2,2,6,1,1,2,00,00,00,C726,,,493,2,
C726,1534,C726,D,3A,6D,CD,0,2,2,6,1,1,2,00,00,00,C726,,,494,2,
C726,1534,C726,D,3A,6D,CD,0,2,2,6,1,1,2,00,00,00,C726,,,495,2,
C726,1534,C726,D,3A,6D,CD,0,2,2,6,1,1,2,00,00,00,C726,,,496,2,
C726,1534,C726,D,3A,6D,CD,0,2,2,6,1,1,2,00,00,00,C726,,,497,2,
OBJECT,1534,C74C,D,3A,6D,CD,0,2,2,6,1,1,2,00,00,00,0,$0200,5E,497,2,
OBJECT,1534,C74C,D,3A,6D,CD,0,2,2,6,1,1,2,00,00,00,1,$0201,01,497,2,
OBJECT,1534,C74C,D,3A,6D,CD,0,2,2,6,1,1,2,00,00,00,2,$0202,4B,497,2,
OBJECT,1534,C74C,D,3A,6D,CD,0,2,2,6,1,1,2,00,00,00,3,$0203,48,497,2,
OBJECT,1534,C74C,D,3A,6D,CD,0,2,2,6,1,1,2,00,00,00,4,$0204,46,497,2,
OBJECT,1534,C74C,D,3A,6D,CD,0,2,2,6,1,1,2,00,00,00,5,$0205,09,497,2,
FRAME,1534,C74C,D,3A,6D,CD,0,2,2,6,1,1,2,00,00,00,,,,,497,2,
RNG,1535,C535,D,3A,6D,CD,0,2,2,6,1,1,2,00,00,00,C535,,,497,2,
FRAME,1535,C74C,D,0E,6D,CE,0,2,6,6,1,1,2,00,00,00,,,,,497,2,
RNG,1536,C535,D,0E,6D,CE,0,2,6,6,1,1,2,00,00,00,C535,,,497,2,
FRAME,1536,C74E,D,0C,FA,CF,0,0,4,7,1,1,2,00,00,00,,,,,497,2,
RNG,1537,C535,D,0C,FA,CF,0,0,4,7,1,1,2,00,00,00,C535,,,497,2,
C726,1537,C726,D,F0,ED,D0,0,0,0,6,1,1,2,00,00,00,C726,,,498,2,
OBJECT,1537,E065,D,F0,ED,D0,0,0,0,6,1,1,2,00,00,00,6,$0206,26,498,2,
FRAME,1537,E065,D,F0,ED,D0,0,0,0,6,1,1,2,00,00,00,,,,,498,2,
RNG,1538,C535,D,F0,ED,D0,0,0,0,6,1,1,2,00,00,00,C535,,,498,2,
C726,1538,C726,D,EE,F0,D1,0,2,6,7,1,1,2,00,00,00,C726,,,499,2,
C726,1538,C726,D,EE,F0,D1,0,2,6,7,1,1,2,00,00,00,C726,,,500,2,
C726,1538,C726,D,EE,F0,D1,0,2,6,7,1,1,2,00,00,00,C726,,,501,2,
C726,1538,C726,D,EE,F0,D1,0,2,6,7,1,1,2,00,00,00,C726,,,502,2,
C726,1538,C726,D,EE,F0,D1,0,2,6,7,1,1,2,00,00,00,C726,,,503,2,
C726,1538,C726,D,EE,F0,D1,0,2,6,7,1,1,2,00,00,00,C726,,,504,2,
OBJECT,1538,C74A,D,EE,F0,D1,0,2,6,7,1,1,2,00,00,00,7,$0207,5E,504,2,
OBJECT,1538,C74A,D,EE,F0,D1,0,2,6,7,1,1,2,00,00,00,8,$0208,01,504,2,
OBJECT,1538,C74A,D,EE,F0,D1,0,2,6,7,1,1,2,00,00,00,9,$0209,4B,504,2,
OBJECT,1538,C74A,D,EE,F0,D1,0,2,6,7,1,1,2,00,00,00,10,$020A,48,504,2,
OBJECT,1538,C74A,D,EE,F0,D1,0,2,6,7,1,1,2,00,00,00,11,$020B,46,504,2,
OBJECT,1538,C74A,D,EE,F0,D1,0,2,6,7,1,1,2,00,00,00,12,$020C,09,504,2,
FRAME,1538,C74A,D,EE,F0,D1,0,2,6,7,1,1,2,00,00,00,,,,,504,2,
RNG,1539,C535,D,EE,F0,D1,0,2,6,7,1,1,2,00,00,00,C535,,,504,2,
FRAME,1539,C74A,D,E2,3C,D2,0,2,2,3,1,1,2,00,00,00,,,,,504,2,
RNG,1540,C535,D,E2,3C,D2,0,2,2,3,1,1,2,00,00,00,C535,,,504,2,
FRAME,1540,C74A,D,E0,14,D3,0,0,0,1,1,1,2,00,00,00,,,,,504,2,
RNG,1541,C535,D,E0,14,D3,0,0,0,1,1,1,2,00,00,00,C535,,,504,2,
C726,1541,C726,D,B5,A9,D4,1,1,5,2,1,1,2,00,00,00,C726,,,505,2,
C726,1541,C726,D,B5,A9,D4,1,1,5,2,1,1,2,00,00,00,C726,,,506,2,
C726,1541,C726,D,B5,A9,D4,1,1,5,2,1,1,2,00,00,00,C726,,,507,2,
OBJECT,1541,C3F5,D,B5,A9,D4,1,1,5,2,1,1,2,00,00,00,13,$020D,26,507,2,
OBJECT,1541,C3F5,D,B5,A9,D4,1,1,5,2,1,1,2,00,00,00,14,$020E,5E,507,2,
OBJECT,1541,C3F5,D,B5,A9,D4,1,1,5,2,1,1,2,00,00,00,15,$020F,01,507,2,
FRAME,1541,C3F5,D,B5,A9,D4,1,1,5,2,1,1,2,00,00,00,,,,,507,2,
C726,1542,C726,D,B5,A9,D4,1,1,5,2,0,1,2,00,00,00,C726,,,508,2,
C726,1542,C726,D,B5,A9,D4,1,1,5,2,0,1,2,00,00,00,C726,,,509,2,
C726,1542,C726,D,B5,A9,D4,1,1,5,2,0,1,2,00,00,00,C726,,,510,2,
C726,1542,C726,D,B5,A9,D4,1,1,5,2,0,1,2,00,00,00,C726,,,511,2,
OBJECT,1542,C74E,D,B5,A9,D4,1,1,5,2,0,1,2,00,00,00,16,$0210,4B,511,2,
OBJECT,1542,C74E,D,B5,A9,D4,1,1,5,2,0,1,2,00,00,00,17,$0211,48,511,2,
OBJECT,1542,C74E,D,B5,A9,D4,1,1,5,2,0,1,2,00,00,00,18,$0212,46,511,2,
OBJECT,1542,C74E,D,B5,A9,D4,1,1,5,2,0,1,2,00,00,00,19,$0213,09,511,2,
FRAME,1542,C74E,D,B5,A9,D4,1,1,5,2,0,1,2,00,00,00,,,,,511,2,
RNG,1543,C535,D,B5,A9,D4,1,1,5,2,1,2,2,00,00,00,C535,,,511,2,
FRAME,1543,C74E,D,B3,4B,D5,1,3,3,4,1,2,2,00,00,00,,,,,511,2,
RNG,1544,C535,D,B3,4B,D5,1,3,3,4,1,1,2,00,00,00,C535,,,511,2,
FRAME,1544,C74E,D,98,13,D6,0,0,0,1,1,1,2,00,00,00,,,,,511,2,
RNG,1545,C535,D,98,13,D6,0,0,0,1,1,1,2,00,00,00,C535,,,511,2,
C726,1545,C726,D,96,B3,D7,0,2,6,3,1,1,2,00,00,00,C726,,,512,2,
C726,1545,C726,D,96,B3,D7,0,2,6,3,1,1,2,00,00,00,C726,,,513,2,
C726,1545,C726,D,96,B3,D7,0,2,6,3,1,1,2,00,00,00,C726,,,514,2,
C726,1545,C726,D,96,B3,D7,0,2,6,3,1,1,2,00,00,00,C726,,,515,2,
OBJECT,1545,B24E,D,96,B3,D7,0,2,6,3,1,1,2,00,00,00,20,$0214,26,515,2,
OBJECT,1545,B24E,D,96,B3,D7,0,2,6,3,1,1,2,00,00,00,21,$0215,5E,515,2,
OBJECT,1545,B24E,D,96,B3,D7,0,2,6,3,1,1,2,00,00,00,22,$0216,01,515,2,
OBJECT,1545,B24E,D,96,B3,D7,0,2,6,3,1,1,2,00,00,00,23,$0217,4B,515,2,
FRAME,1545,B24E,D,96,B3,D7,0,2,6,3,1,1,2,00,00,00,,,,,515,2,
RNG,1546,C535,D,96,B3,D7,0,2,6,3,1,1,2,00,00,00,C535,,,515,2,
C726,1546,C726,D,8B,B9,D8,1,3,3,3,1,1,2,00,00,00,C726,,,516,2,
C726,1546,C726,D,8B,B9,D8,1,3,3,3,1,1,2,00,00,00,C726,,,517,2,
C726,1546,C726,D,8B,B9,D8,1,3,3,3,1,1,2,00,00,00,C726,,,518,2,
OBJECT,1546,C74E,D,8B,B9,D8,1,3,3,3,1,1,2,00,00,00,24,$0218,48,518,2,
OBJECT,1546,C74E,D,8B,B9,D8,1,3,3,3,1,1,2,00,00,00,25,$0219,46,518,2,
OBJECT,1546,C74E,D,8B,B9,D8,1,3,3,3,1,1,2,00,00,00,26,$021A,09,518,2,
FRAME,1546,C74E,D,8B,B9,D8,1,3,3,3,1,1,2,00,00,00,,,,,518,2,
RNG,1547,C535,D,8B,B9,D8,1,3,3,3,1,1,2,00,00,00,C535,,,518,2,
FRAME,1547,C750,D,79,D9,D9,1,1,1,5,1,1,2,00,00,00,,,,,518,2,
RNG,1548,C535,D,79,D9,D9,1,1,1,5,1,1,2,00,00,00,C535,,,518,2,
FRAME,1548,C74E,D,7E,24,DA,0,2,6,2,1,1,2,00,00,00,,,,,518,2,
RNG,1549,C535,D,7E,24,DA,0,2,6,2,1,1,2,00,00,00,C535,,,518,2,
C726,1549,C726,D,81,1E,DB,1,1,1,1,1,1,2,00,00,00,C726,,,519,2,
C726,1549,C726,D,81,1E,DB,1,1,1,1,1,1,2,00,00,00,C726,,,520,2,
C726,1549,C726,D,81,1E,DB,1,1,1,1,1,1,2,00,00,00,C726,,,521,2,
C726,1549,C726,D,81,1E,DB,1,1,1,1,1,1,2,00,00,00,C726,,,522,2,
OBJECT,1549,C3B4,D,81,1E,DB,1,1,1,1,1,1,2,00,00,00,27,$021B,26,522,2,
OBJECT,1549,C3B4,D,81,1E,DB,1,1,1,1,1,1,2,00,00,00,28,$021C,5E,522,2,
OBJECT,1549,C3B4,D,81,1E,DB,1,1,1,1,1,1,2,00,00,00,29,$021D,01,522,2,
OBJECT,1549,C3B4,D,81,1E,DB,1,1,1,1,1,1,2,00,00,00,30,$021E,4B,522,2,
FRAME,1549,C3B4,D,81,1E,DB,1,1,1,1,1,1,2,00,00,00,,,,,522,2,
C726,1550,C726,D,81,1E,DB,1,1,1,1,0,1,2,00,00,00,C726,,,523,2,
C726,1550,C726,D,81,1E,DB,1,1,1,1,0,1,2,00,00,00,C726,,,524,2,
C726,1550,C726,D,81,1E,DB,1,1,1,1,0,1,2,00,00,00,C726,,,525,2,
OBJECT,1550,C74A,D,81,1E,DB,1,1,1,1,0,1,2,00,00,00,31,$021F,48,525,2,
OBJECT,1550,C74A,D,81,1E,DB,1,1,1,1,0,1,2,00,00,00,32,$0220,46,525,2,
OBJECT,1550,C74A,D,81,1E,DB,1,1,1,1,0,1,2,00,00,00,33,$0221,09,525,2,
FRAME,1550,C74A,D,81,1E,DB,1,1,1,1,0,1,2,00,00,00,,,,,525,2,
RNG,1551,C535,D,81,1E,DB,1,1,1,1,1,2,2,00,00,00,C535,,,525,2,
FRAME,1551,C74A,D,2E,C7,DC,0,2,6,4,1,2,2,00,00,00,,,,,525,2,
RNG,1552,C535,D,2E,C7,DC,0,2,6,4,1,1,2,00,00,00,C535,,,525,2,
FRAME,1552,C74E,D,33,C7,DD,1,3,3,4,1,1,2,00,00,00,,,,,525,2,
RNG,1553,C535,D,33,C7,DD,1,3,3,4,1,1,2,00,00,00,C535,,,525,2,
C726,1553,C726,D,36,54,DE,0,2,6,5,1,1,2,00,00,00,C726,,,526,2,
C726,1553,C726,D,36,54,DE,0,2,6,5,1,1,2,00,00,00,C726,,,527,2,
C726,1553,C726,D,36,54,DE,0,2,6,5,1,1,2,00,00,00,C726,,,528,2,
C726,1553,C726,D,36,54,DE,0,2,6,5,1,1,2,00,00,00,C726,,,529,2,
C726,1553,C726,D,36,54,DE,0,2,6,5,1,1,2,00,00,00,C726,,,530,2,
OBJECT,1553,B30D,D,36,54,DE,0,2,6,5,1,1,2,00,00,00,34,$0222,26,530,2,
OBJECT,1553,B30D,D,36,54,DE,0,2,6,5,1,1,2,00,00,00,35,$0223,5E,530,2,
OBJECT,1553,B30D,D,36,54,DE,0,2,6,5,1,1,2,00,00,00,36,$0224,01,530,2,
OBJECT,1553,B30D,D,36,54,DE,0,2,6,5,1,1,2,00,00,00,37,$0225,4B,530,2,
OBJECT,1553,B30D,D,36,54,DE,0,2,6,5,1,1,2,00,00,00,38,$0226,48,530,2,
FRAME,1553,B30D,D,36,54,DE,0,2,6,5,1,1,2,00,00,00,,,,,530,2,
RNG,1554,C535,D,36,54,DE,0,2,6,5,1,1,2,00,00,00,C535,,,530,2,
C726,1554,C726,D,FF,47,DF,1,3,7,4,1,1,2,00,00,00,C726,,,531,2,
C726,1554,C726,D,FF,47,DF,1,3,7,4,1,1,2,00,00,00,C726,,,532,2,
OBJECT,1554,C74C,D,FF,47,DF,1,3,7,4,1,1,2,00,00,00,39,$0227,46,532,2,
OBJECT,1554,C74C,D,FF,47,DF,1,3,7,4,1,1,2,00,00,00,40,$0228,09,532,2,
FRAME,1554,C74C,D,FF,47,DF,1,3,7,4,1,1,2,00,00,00,,,,,532,2,
RNG,1555,C535,D,FF,47,DF,1,3,7,4,1,1,2,00,00,00,C535,,,532,2,
FRAME,1555,C74A,D,01,4A,E0,1,1,1,4,1,1,2,00,00,00,,,,,532,2,
RNG,1556,C535,D,01,4A,E0,1,1,1,4,1,1,2,00,00,00,C535,,,532,2,
FRAME,1556,C74A,D,D1,96,E1,1,1,1,1,1,1,2,00,00,00,,,,,532,2,
RNG,1557,C535,D,D1,96,E1,1,1,1,1,1,1,2,00,00,00,C535,,,532,2,
C726,1557,C726,D,EF,6E,E2,1,3,7,6,1,1,2,00,00,00,C726,,,533,2,
C726,1557,C726,D,EF,6E,E2,1,3,7,6,1,1,2,00,00,00,C726,,,534,2,
C726,1557,C726,D,EF,6E,E2,1,3,7,6,1,1,2,00,00,00,C726,,,535,2,
C726,1557,C726,D,EF,6E,E2,1,3,7,6,1,1,2,00,00,00,C726,,,536,2,
C726,1557,C726,D,EF,6E,E2,1,3,7,6,1,1,2,00,00,00,C726,,,537,2,
OBJECT,1557,C2DA,D,EF,6E,E2,1,3,7,6,1,1,2,00,00,00,41,$0229,26,537,2,
OBJECT,1557,C2DA,D,EF,6E,E2,1,3,7,6,1,1,2,00,00,00,42,$022A,5E,537,2,
OBJECT,1557,C2DA,D,EF,6E,E2,1,3,7,6,1,1,2,00,00,00,43,$022B,01,537,2,
OBJECT,1557,C2DA,D,EF,6E,E2,1,3,7,6,1,1,2,00,00,00,44,$022C,4B,537,2,
OBJECT,1557,C2DA,D,EF,6E,E2,1,3,7,6,1,1,2,00,00,00,45,$022D,48,537,2,
FRAME,1557,C2DA,D,EF,6E,E2,1,3,7,6,1,1,2,00,00,00,,,,,537,2,
C726,1558,C726,D,EF,6E,E2,1,3,7,6,0,1,2,00,00,00,C726,,,538,2,
C726,1558,C726,D,EF,6E,E2,1,3,7,6,0,1,2,00,00,00,C726,,,539,2,
OBJECT,1558,C74A,D,EF,6E,E2,1,3,7,6,0,1,2,00,00,00,46,$022E,46,539,2,
OBJECT,1558,C74A,D,EF,6E,E2,1,3,7,6,0,1,2,00,00,00,47,$022F,09,539,2,
FRAME,1558,C74A,D,EF,6E,E2,1,3,7,6,0,1,2,00,00,00,,,,,539,2,
RNG,1559,C535,D,EF,6E,E2,1,3,7,6,1,2,2,00,00,00,C535,,,539,2,
FRAME,1559,C74A,D,98,03,E3,0,0,0,0,1,2,2,00,00,00,,,,,539,2,
RNG,1560,C535,D,98,03,E3,0,0,0,0,1,1,2,00,00,00,C535,,,539,2,
FRAME,1560,C74A,D,98,AC,E4,0,0,0,2,1,1,2,00,00,00,,,,,539,2,
RNG,1561,C535,D,98,AC,E4,0,0,0,2,1,1,2,00,00,00,C535,,,539,2,
C726,1561,C726,D,25,E1,E5,1,1,5,6,1,1,2,00,00,00,C726,,,540,2,
C726,1561,C726,D,25,E1,E5,1,1,5,6,1,1,2,00,00,00,C726,,,541,2,
C726,1561,C726,D,25,E1,E5,1,1,5,6,1,1,2,00,00,00,C726,,,542,2,
C726,1561,C726,D,25,E1,E5,1,1,5,6,1,1,2,00,00,00,C726,,,543,2,
C726,1561,C726,D,25,E1,E5,1,1,5,6,1,1,2,00,00,00,C726,,,544,2,
C726,1561,C726,D,25,E1,E5,1,1,5,6,1,1,2,00,00,00,C726,,,545,2,
C726,1561,C726,D,25,E1,E5,1,1,5,6,1,1,2,00,00,00,C726,,,546,2,
OBJECT,1561,C74C,D,25,E1,E5,1,1,5,6,1,1,2,00,00,00,48,$0230,26,546,2,
OBJECT,1561,C74C,D,25,E1,E5,1,1,5,6,1,1,2,00,00,00,49,$0231,5E,546,2,
OBJECT,1561,C74C,D,25,E1,E5,1,1,5,6,1,1,2,00,00,00,50,$0232,01,546,2,
OBJECT,1561,C74C,D,25,E1,E5,1,1,5,6,1,1,2,00,00,00,51,$0233,4B,546,2,
OBJECT,1561,C74C,D,25,E1,E5,1,1,5,6,1,1,2,00,00,00,52,$0234,48,546,2,
OBJECT,1561,C74C,D,25,E1,E5,1,1,5,6,1,1,2,00,00,00,53,$0235,46,546,2,
OBJECT,1561,C74C,D,25,E1,E5,1,1,5,6,1,1,2,00,00,00,54,$0236,09,546,2,
FRAME,1561,C74C,D,25,E1,E5,1,1,5,6,1,1,2,00,00,00,,,,,546,2,
RNG,1562,C535,D,25,E1,E5,1,1,5,6,1,1,2,00,00,00,C535,,,546,2,
FRAME,1562,C74C,D,2A,01,E6,0,2,2,0,1,1,2,00,00,00,,,,,546,2,
RNG,1563,C535,D,2A,01,E6,0,2,2,0,1,1,2,00,00,00,C535,,,546,2,
FRAME,1563,C74E,D,2D,27,E7,1,1,5,2,1,1,2,00,00,00,,,,,546,2,
RNG,1564,C535,D,2D,27,E7,1,1,5,2,1,1,2,00,00,00,C535,,,546,2,
FRAME,1564,C74E,D,DA,EE,E8,0,2,2,6,1,1,2,00,00,00,,,,,546,2,
RNG,1565,C535,D,DA,EE,E8,0,2,2,6,1,1,2,00,00,00,C535,,,546,2,
C726,1565,C726,D,DD,97,E9,1,1,5,1,1,1,2,00,00,00,C726,,,547,2,
C726,1565,C726,D,DD,97,E9,1,1,5,1,1,1,2,00,00,00,C726,,,548,2,
C726,1565,C726,D,DD,97,E9,1,1,5,1,1,1,2,00,00,00,C726,,,549,2,
C726,1565,C726,D,DD,97,E9,1,1,5,1,1,1,2,00,00,00,C726,,,550,2,
C726,1565,C726,D,DD,97,E9,1,1,5,1,1,1,2,00,00,00,C726,,,551,2,
C726,1565,C726,D,DD,97,E9,1,1,5,1,1,1,2,00,00,00,C726,,,552,2,
C726,1565,C726,D,DD,97,E9,1,1,5,1,1,1,2,00,00,00,C726,,,553,2,
C726,1565,C726,D,DD,97,E9,1,1,5,1,1,1,2,00,00,00,C726,,,554,2,
OBJECT,1565,C74E,D,DD,97,E9,1,1,5,1,1,1,2,00,00,00,55,$0237,26,554,2,
OBJECT,1565,C74E,D,DD,97,E9,1,1,5,1,1,1,2,00,00,00,56,$0238,5E,554,2,
OBJECT,1565,C74E,D,DD,97,E9,1,1,5,1,1,1,2,00,00,00,57,$0239,45,554,2,
OBJECT,1565,C74E,D,DD,97,E9,1,1,5,1,1,1,2,00,00,00,58,$023A,01,554,2,
OBJECT,1565,C74E,D,DD,97,E9,1,1,5,1,1,1,2,00,00,00,59,$023B,4B,554,2,
OBJECT,1565,C74E,D,DD,97,E9,1,1,5,1,1,1,2,00,00,00,60,$023C,48,554,2,
OBJECT,1565,C74E,D,DD,97,E9,1,1,5,1,1,1,2,00,00,00,61,$023D,46,554,2,
OBJECT,1565,C74E,D,DD,97,E9,1,1,5,1,1,1,2,00,00,00,62,$023E,09,554,2,
FRAME,1565,C74E,D,DD,97,E9,1,1,5,1,1,1,2,00,00,00,,,,,554,2,
RNG,1566,C535,D,DD,97,E9,1,1,5,1,1,1,2,00,00,00,C535,,,554,2,
FRAME,1566,C74A,D,E0,97,EA,0,0,0,1,1,1,2,00,00,00,,,,,554,2,
RNG,1567,C535,D,E0,97,EA,0,0,0,1,1,1,2,00,00,00,C535,,,554,2,
FRAME,1567,C74C,D,B0,1C,EB,0,0,0,1,1,1,2,00,00,00,,,,,554,2,
RNG,1568,C535,D,B0,1C,EB,0,0,0,1,1,1,2,00,00,00,C535,,,554,2,
FRAME,1568,C74C,D,B3,E9,EC,1,3,3,6,1,1,2,00,00,00,,,,,554,2,
RNG,1569,C535,D,B3,E9,EC,1,3,3,6,1,1,2,00,00,00,C535,,,554,2,
C726,1569,C726,D,FF,6E,ED,1,3,7,6,1,1,2,00,00,00,C726,,,555,2,
C726,1569,C726,D,FF,6E,ED,1,3,7,6,1,1,2,00,00,00,C726,,,556,2,
C726,1569,C726,D,FF,6E,ED,1,3,7,6,1,1,2,00,00,00,C726,,,557,2,
C726,1569,C726,D,FF,6E,ED,1,3,7,6,1,1,2,00,00,00,C726,,,558,2,
C726,1569,C726,D,FF,6E,ED,1,3,7,6,1,1,2,00,00,00,C726,,,559,2,
C726,1569,C726,D,FF,6E,ED,1,3,7,6,1,1,2,00,00,00,C726,,,560,2,
C726,1569,C726,D,FF,6E,ED,1,3,7,6,1,1,2,00,00,00,C726,,,561,2,
C726,1569,C726,D,FF,6E,ED,1,3,7,6,1,1,2,00,00,00,C726,,,562,2,
OBJECT,1569,C74C,D,FF,6E,ED,1,3,7,6,1,1,2,00,00,00,0,$0200,5E,562,2,
OBJECT,1569,C74C,D,FF,6E,ED,1,3,7,6,1,1,2,00,00,00,1,$0201,45,562,2,
OBJECT,1569,C74C,D,FF,6E,ED,1,3,7,6,1,1,2,00,00,00,2,$0202,01,562,2,
OBJECT,1569,C74C,D,FF,6E,ED,1,3,7,6,1,1,2,00,00,00,3,$0203,4B,562,2,
OBJECT,1569,C74C,D,FF,6E,ED,1,3,7,6,1,1,2,00,00,00,4,$0204,48,562,2,
OBJECT,1569,C74C,D,FF,6E,ED,1,3,7,6,1,1,2,00,00,00,5,$0205,46,562,2,
OBJECT,1569,C74C,D,FF,6E,ED,1,3,7,6,1,1,2,00,00,00,6,$0206,09,562,2,
OBJECT,1569,C74C,D,FF,6E,ED,1,3,7,6,1,1,2,00,00,00,63,$023F,26,562,2,
FRAME,1569,C74C,D,FF,6E,ED,1,3,7,6,1,1,2,00,00,00,,,,,562,2,
RNG,1570,C535,D,FF,6E,ED,1,3,7,6,1,1,2,00,00,00,C535,,,562,2,
FRAME,1570,C74C,D,C5,3C,EE,1,1,5,3,1,1,2,00,00,00,,,,,562,2,
RNG,1571,C535,D,C5,3C,EE,1,1,5,3,1,1,2,00,00,00,C535,,,562,2,
FRAME,1571,C74C,D,47,C1,EF,1,3,7,4,1,1,2,00,00,00,,,,,562,2,
RNG,1572,C535,D,47,C1,EF,1,3,7,4,1,1,2,00,00,00,C535,,,562,2,
FRAME,1572,C74C,D,10,90,F0,0,0,0,1,1,1,2,00,00,00,,,,,562,2,
RNG,1573,C535,D,10,90,F0,0,0,0,1,1,1,2,00,00,00,C535,,,562,2,
C726,1573,C726,D,11,15,F1,1,1,1,1,1,1,2,00,00,00,C726,,,563,2,
C726,1573,C726,D,11,15,F1,1,1,1,1,1,1,2,00,00,00,C726,,,564,2,
C726,1573,C726,D,11,15,F1,1,1,1,1,1,1,2,00,00,00,C726,,,565,2,
C726,1573,C726,D,11,15,F1,1,1,1,1,1,1,2,00,00,00,C726,,,566,2,
C726,1573,C726,D,11,15,F1,1,1,1,1,1,1,2,00,00,00,C726,,,567,2,
C726,1573,C726,D,11,15,F1,1,1,1,1,1,1,2,00,00,00,C726,,,568,2,
C726,1573,C726,D,11,15,F1,1,1,1,1,1,1,2,00,00,00,C726,,,569,2,
C726,1573,C726,D,11,15,F1,1,1,1,1,1,1,2,00,00,00,C726,,,570,2,
OBJECT,1573,C74C,D,11,15,F1,1,1,1,1,1,1,2,00,00,00,7,$0207,26,570,2,
OBJECT,1573,C74C,D,11,15,F1,1,1,1,1,1,1,2,00,00,00,8,$0208,5E,570,2,
OBJECT,1573,C74C,D,11,15,F1,1,1,1,1,1,1,2,00,00,00,9,$0209,45,570,2,
OBJECT,1573,C74C,D,11,15,F1,1,1,1,1,1,1,2,00,00,00,10,$020A,01,570,2,
OBJECT,1573,C74C,D,11,15,F1,1,1,1,1,1,1,2,00,00,00,11,$020B,4B,570,2,
OBJECT,1573,C74C,D,11,15,F1,1,1,1,1,1,1,2,00,00,00,12,$020C,48,570,2,
OBJECT,1573,C74C,D,11,15,F1,1,1,1,1,1,1,2,00,00,00,13,$020D,46,570,2,
OBJECT,1573,C74C,D,11,15,F1,1,1,1,1,1,1,2,00,00,00,14,$020E,09,570,2,
FRAME,1573,C74C,D,11,15,F1,1,1,1,1,1,1,2,00,00,00,,,,,570,2,
RNG,1574,C535,D,11,15,F1,1,1,1,1,1,1,2,00,00,00,C535,,,570,2,
FRAME,1574,C74A,D,E1,E5,F2,1,1,1,6,1,1,2,00,00,00,,,,,570,2,
RNG,1575,C535,D,E1,E5,F2,1,1,1,6,1,1,2,00,00,00,C535,,,570,2,
FRAME,1575,C74A,D,E4,6A,F3,0,0,4,6,1,1,2,00,00,00,,,,,570,2,
RNG,1576,C535,D,E4,6A,F3,0,0,4,6,1,1,2,00,00,00,C535,,,570,2,
FRAME,1576,C74E,D,30,3B,F4,0,0,0,3,1,1,2,00,00,00,,,,,570,2,
RNG,1577,C535,D,30,3B,F4,0,0,0,3,1,1,2,00,00,00,C535,,,570,2,
C726,1577,C726,D,5E,C0,F5,0,2,6,4,1,1,2,00,00,00,C726,,,571,2,
C726,1577,C726,D,5E,C0,F5,0,2,6,4,1,1,2,00,00,00,C726,,,572,2,
C726,1577,C726,D,5E,C0,F5,0,2,6,4,1,1,2,00,00,00,C726,,,573,2,
C726,1577,C726,D,5E,C0,F5,0,2,6,4,1,1,2,00,00,00,C726,,,574,2,
C726,1577,C726,D,5E,C0,F5,0,2,6,4,1,1,2,00,00,00,C726,,,575,2,
C726,1577,C726,D,5E,C0,F5,0,2,6,4,1,1,2,00,00,00,C726,,,576,2,
C726,1577,C726,D,5E,C0,F5,0,2,6,4,1,1,2,00,00,00,C726,,,577,2,
C726,1577,C726,D,5E,C0,F5,0,2,6,4,1,1,2,00,00,00,C726,,,578,2,
OBJECT,1577,C74A,D,5E,C0,F5,0,2,6,4,1,1,2,00,00,00,15,$020F,26,578,2,
OBJECT,1577,C74A,D,5E,C0,F5,0,2,6,4,1,1,2,00,00,00,16,$0210,5E,578,2,
OBJECT,1577,C74A,D,5E,C0,F5,0,2,6,4,1,1,2,00,00,00,17,$0211,45,578,2,
OBJECT,1577,C74A,D,5E,C0,F5,0,2,6,4,1,1,2,00,00,00,18,$0212,01,578,2,
OBJECT,1577,C74A,D,5E,C0,F5,0,2,6,4,1,1,2,00,00,00,19,$0213,4B,578,2,
OBJECT,1577,C74A,D,5E,C0,F5,0,2,6,4,1,1,2,00,00,00,20,$0214,48,578,2,
OBJECT,1577,C74A,D,5E,C0,F5,0,2,6,4,1,1,2,00,00,00,21,$0215,46,578,2,
OBJECT,1577,C74A,D,5E,C0,F5,0,2,6,4,1,1,2,00,00,00,22,$0216,09,578,2,
FRAME,1577,C74A,D,5E,C0,F5,0,2,6,4,1,1,2,00,00,00,,,,,578,2,
RNG,1578,C535,D,5E,C0,F5,0,2,6,4,1,1,2,00,00,00,C535,,,578,2,
FRAME,1578,C74A,D,E1,92,F6,1,1,1,1,1,1,2,00,00,00,,,,,578,2,
RNG,1579,C535,D,E1,92,F6,1,1,1,1,1,1,2,00,00,00,C535,,,578,2,
FRAME,1579,C74C,D,AA,F2,F7,0,2,2,7,1,1,2,00,00,00,,,,,578,2,
RNG,1580,C535,D,AA,F2,F7,0,2,2,7,1,1,2,00,00,00,C535,,,578,2,
FRAME,1580,C74A,D,AC,35,F8,0,0,4,3,1,1,2,00,00,00,,,,,578,2,
RNG,1581,C535,D,AC,35,F8,0,0,4,3,1,1,2,00,00,00,C535,,,578,2,
C726,1581,C726,D,7C,79,F9,0,0,4,7,1,1,2,00,00,00,C726,,,579,2,
C726,1581,C726,D,7C,79,F9,0,0,4,7,1,1,2,00,00,00,C726,,,580,2,
C726,1581,C726,D,7C,79,F9,0,0,4,7,1,1,2,00,00,00,C726,,,581,2,
C726,1581,C726,D,7C,79,F9,0,0,4,7,1,1,2,00,00,00,C726,,,582,2,
C726,1581,C726,D,7C,79,F9,0,0,4,7,1,1,2,00,00,00,C726,,,583,2,
C726,1581,C726,D,7C,79,F9,0,0,4,7,1,1,2,00,00,00,C726,,,584,2,
C726,1581,C726,D,7C,79,F9,0,0,4,7,1,1,2,00,00,00,C726,,,585,2,
C726,1581,C726,D,7C,79,F9,0,0,4,7,1,1,2,00,00,00,C726,,,586,2,
OBJECT,1581,C74C,D,7C,79,F9,0,0,4,7,1,1,2,00,00,00,23,$0217,26,586,2,
OBJECT,1581,C74C,D,7C,79,F9,0,0,4,7,1,1,2,00,00,00,24,$0218,5E,586,2,
OBJECT,1581,C74C,D,7C,79,F9,0,0,4,7,1,1,2,00,00,00,25,$0219,45,586,2,
OBJECT,1581,C74C,D,7C,79,F9,0,0,4,7,1,1,2,00,00,00,26,$021A,01,586,2,
OBJECT,1581,C74C,D,7C,79,F9,0,0,4,7,1,1,2,00,00,00,27,$021B,4B,586,2,
OBJECT,1581,C74C,D,7C,79,F9,0,0,4,7,1,1,2,00,00,00,28,$021C,48,586,2,
OBJECT,1581,C74C,D,7C,79,F9,0,0,4,7,1,1,2,00,00,00,29,$021D,46,586,2,
OBJECT,1581,C74C,D,7C,79,F9,0,0,4,7,1,1,2,00,00,00,30,$021E,09,586,2,
FRAME,1581,C74C,D,7C,79,F9,0,0,4,7,1,1,2,00,00,00,,,,,586,2,
RNG,1582,C535,D,7C,79,F9,0,0,4,7,1,1,2,00,00,00,C535,,,586,2,
FRAME,1582,C74C,D,7F,CC,FA,1,3,7,4,1,1,2,00,00,00,,,,,586,2,
RNG,1583,C535,D,7F,CC,FA,1,3,7,4,1,1,2,00,00,00,C535,,,586,2,
FRAME,1583,C74C,D,CB,20,FB,1,3,3,2,1,1,2,00,00,00,,,,,586,2,
RNG,1584,C535,D,CB,20,FB,1,3,3,2,1,1,2,00,00,00,C535,,,586,2,
C726,1584,C726,D,2D,83,FC,1,1,5,0,1,1,2,00,00,00,C726,,,587,2,
OBJECT,1584,E010,D,2D,83,FC,1,1,5,0,1,1,2,00,00,00,31,$021F,26,587,2,
FRAME,1584,E010,D,2D,83,FC,1,1,5,0,1,1,2,00,00,00,,,,,587,2,
RNG,1585,C535,D,2D,83,FC,1,1,5,0,1,1,2,00,00,00,C535,,,587,2,
C726,1585,C726,D,B0,E7,FD,0,0,0,6,1,1,2,00,00,00,C726,,,588,2,
C726,1585,C726,D,B0,E7,FD,0,0,0,6,1,1,2,00,00,00,C726,,,589,2,
C726,1585,C726,D,B0,E7,FD,0,0,0,6,1,1,2,00,00,00,C726,,,590,2,
C726,1585,C726,D,B0,E7,FD,0,0,0,6,1,1,2,00,00,00,C726,,,591,2,
C726,1585,C726,D,B0,E7,FD,0,0,0,6,1,1,2,00,00,00,C726,,,592,2,
C726,1585,C726,D,B0,E7,FD,0,0,0,6,1,1,2,00,00,00,C726,,,593,2,
C726,1585,C726,D,B0,E7,FD,0,0,0,6,1,1,2,00,00,00,C726,,,594,2,
OBJECT,1585,C74A,D,B0,E7,FD,0,0,0,6,1,1,2,00,00,00,32,$0220,5E,594,2,
OBJECT,1585,C74A,D,B0,E7,FD,0,0,0,6,1,1,2,00,00,00,33,$0221,45,594,2,
OBJECT,1585,C74A,D,B0,E7,FD,0,0,0,6,1,1,2,00,00,00,34,$0222,01,594,2,
OBJECT,1585,C74A,D,B0,E7,FD,0,0,0,6,1,1,2,00,00,00,35,$0223,4B,594,2,
OBJECT,1585,C74A,D,B0,E7,FD,0,0,0,6,1,1,2,00,00,00,36,$0224,48,594,2,
OBJECT,1585,C74A,D,B0,E7,FD,0,0,0,6,1,1,2,00,00,00,37,$0225,46,594,2,
OBJECT,1585,C74A,D,B0,E7,FD,0,0,0,6,1,1,2,00,00,00,38,$0226,09,594,2,
FRAME,1585,C74A,D,B0,E7,FD,0,0,0,6,1,1,2,00,00,00,,,,,594,2,
RNG,1586,C535,D,B0,E7,FD,0,0,0,6,1,1,2,00,00,00,C535,,,594,2,
FRAME,1586,C74C,D,FC,2C,FE,0,0,4,2,1,1,2,00,00,00,,,,,594,2,
RNG,1587,C535,D,FC,2C,FE,0,0,4,2,1,1,2,00,00,00,C535,,,594,2,
FRAME,1587,C74C,D,E2,72,FF,0,2,2,7,1,1,2,00,00,00,,,,,594,2,
RNG,1588,C535,D,E2,72,FF,0,2,2,7,1,1,2,00,00,00,C535,,,594,2,
C726,1588,C726,D,65,C7,00,1,1,5,4,1,1,2,00,00,00,C726,,,595,2,
OBJECT,1588,E065,D,65,C7,00,1,1,5,4,1,1,2,00,00,00,39,$0227,26,595,2,
FRAME,1588,E065,D,65,C7,00,1,1,5,4,1,1,2,00,00,00,,,,,595,2,
RNG,1589,C535,D,65,C7,00,1,1,5,4,1,1,2,00,00,00,C535,,,595,2,
C726,1589,C726,D,35,54,01,1,1,5,5,1,1,2,00,00,00,C726,,,596,2,
C726,1589,C726,D,35,54,01,1,1,5,5,1,1,2,00,00,00,C726,,,597,2,
C726,1589,C726,D,35,54,01,1,1,5,5,1,1,2,00,00,00,C726,,,598,2,
C726,1589,C726,D,35,54,01,1,1,5,5,1,1,2,00,00,00,C726,,,599,2,
C726,1589,C726,D,35,54,01,1,1,5,5,1,1,2,00,00,00,C726,,,600,2,
C726,1589,C726,D,35,54,01,1,1,5,5,1,1,2,00,00,00,C726,,,601,2,
C726,1589,C726,D,35,54,01,1,1,5,5,1,1,2,00,00,00,C726,,,602,2,
OBJECT,1589,C74C,D,35,54,01,1,1,5,5,1,1,2,00,00,00,40,$0228,5E,602,2,
OBJECT,1589,C74C,D,35,54,01,1,1,5,5,1,1,2,00,00,00,41,$0229,45,602,2,
OBJECT,1589,C74C,D,35,54,01,1,1,5,5,1,1,2,00,00,00,42,$022A,01,602,2,
OBJECT,1589,C74C,D,35,54,01,1,1,5,5,1,1,2,00,00,00,43,$022B,4B,602,2,
OBJECT,1589,C74C,D,35,54,01,1,1,5,5,1,1,2,00,00,00,44,$022C,48,602,2,
OBJECT,1589,C74C,D,35,54,01,1,1,5,5,1,1,2,00,00,00,45,$022D,46,602,2,
OBJECT,1589,C74C,D,35,54,01,1,1,5,5,1,1,2,00,00,00,46,$022E,09,602,2,
FRAME,1589,C74C,D,35,54,01,1,1,5,5,1,1,2,00,00,00,,,,,602,2,
RNG,1590,C535,D,35,54,01,1,1,5,5,1,1,2,00,00,00,C535,,,602,2,
FRAME,1590,C74A,D,10,27,02,0,0,0,2,1,1,2,00,00,00,,,,,602,2,
RNG,1591,C535,D,10,27,02,0,0,0,2,1,1,2,00,00,00,C535,,,602,2,
FRAME,1591,C74C,D,BD,2E,03,1,1,5,2,1,1,2,00,00,00,,,,,602,2,
RNG,1592,C535,D,BD,2E,03,1,1,5,2,1,1,2,00,00,00,C535,,,602,2,
C726,1592,C726,D,E8,BB,04,0,0,0,3,1,1,2,00,00,00,C726,,,603,2,
OBJECT,1592,E05F,D,E8,BB,04,0,0,0,3,1,1,2,00,00,00,47,$022F,26,603,2,
FRAME,1592,E05F,D,E8,BB,04,0,0,0,3,1,1,2,00,00,00,,,,,603,2,
RNG,1593,C535,D,E8,BB,04,0,0,0,3,1,1,2,00,00,00,C535,,,603,2,
C726,1593,C726,D,EF,96,05,1,3,7,1,1,1,2,00,00,00,C726,,,604,2,
C726,1593,C726,D,EF,96,05,1,3,7,1,1,1,2,00,00,00,C726,,,605,2,
C726,1593,C726,D,EF,96,05,1,3,7,1,1,1,2,00,00,00,C726,,,606,2,
C726,1593,C726,D,EF,96,05,1,3,7,1,1,1,2,00,00,00,C726,,,607,2,
C726,1593,C726,D,EF,96,05,1,3,7,1,1,1,2,00,00,00,C726,,,608,2,
C726,1593,C726,D,EF,96,05,1,3,7,1,1,1,2,00,00,00,C726,,,609,2,
C726,1593,C726,D,EF,96,05,1,3,7,1,1,1,2,00,00,00,C726,,,610,2,
OBJECT,1593,C74E,D,EF,96,05,1,3,7,1,1,1,2,00,00,00,48,$0230,5E,610,2,
OBJECT,1593,C74E,D,EF,96,05,1,3,7,1,1,1,2,00,00,00,49,$0231,45,610,2,
OBJECT,1593,C74E,D,EF,96,05,1,3,7,1,1,1,2,00,00,00,50,$0232,01,610,2,
OBJECT,1593,C74E,D,EF,96,05,1,3,7,1,1,1,2,00,00,00,51,$0233,4B,610,2,
OBJECT,1593,C74E,D,EF,96,05,1,3,7,1,1,1,2,00,00,00,52,$0234,48,610,2,
OBJECT,1593,C74E,D,EF,96,05,1,3,7,1,1,1,2,00,00,00,53,$0235,46,610,2,
OBJECT,1593,C74E,D,EF,96,05,1,3,7,1,1,1,2,00,00,00,54,$0236,09,610,2,
FRAME,1593,C74E,D,EF,96,05,1,3,7,1,1,1,2,00,00,00,,,,,610,2,
RNG,1594,C535,D,EF,96,05,1,3,7,1,1,1,2,00,00,00,C535,,,610,2,
FRAME,1594,C74C,D,BC,9D,06,0,0,4,1,1,1,2,00,00,00,,,,,610,2,
RNG,1595,C535,D,BC,9D,06,0,0,4,1,1,1,2,00,00,00,C535,,,610,2,
FRAME,1595,C74C,D,3F,B5,07,1,3,7,3,1,1,2,00,00,00,,,,,610,2,
RNG,1596,C535,D,3F,B5,07,1,3,7,3,1,1,2,00,00,00,C535,,,610,2,
C726,1596,C726,D,46,1E,08,0,2,6,1,1,1,2,00,00,00,C726,,,611,2,
OBJECT,1596,E065,D,46,1E,08,0,2,6,1,1,1,2,00,00,00,55,$0237,26,611,2,
FRAME,1596,E065,D,46,1E,08,0,2,6,1,1,1,2,00,00,00,,,,,611,2,
RNG,1597,C535,D,46,1E,08,0,2,6,1,1,1,2,00,00,00,C535,,,611,2,
C726,1597,C726,D,D6,26,09,0,2,6,2,1,1,2,00,00,00,C726,,,612,2,
C726,1597,C726,D,D6,26,09,0,2,6,2,1,1,2,00,00,00,C726,,,613,2,
C726,1597,C726,D,D6,26,09,0,2,6,2,1,1,2,00,00,00,C726,,,614,2,
C726,1597,C726,D,D6,26,09,0,2,6,2,1,1,2,00,00,00,C726,,,615,2,
C726,1597,C726,D,D6,26,09,0,2,6,2,1,1,2,00,00,00,C726,,,616,2,
C726,1597,C726,D,D6,26,09,0,2,6,2,1,1,2,00,00,00,C726,,,617,2,
C726,1597,C726,D,D6,26,09,0,2,6,2,1,1,2,00,00,00,C726,,,618,2,
OBJECT,1597,C74E,D,D6,26,09,0,2,6,2,1,1,2,00,00,00,56,$0238,5E,618,2,
OBJECT,1597,C74E,D,D6,26,09,0,2,6,2,1,1,2,00,00,00,57,$0239,45,618,2,
OBJECT,1597,C74E,D,D6,26,09,0,2,6,2,1,1,2,00,00,00,58,$023A,01,618,2,
OBJECT,1597,C74E,D,D6,26,09,0,2,6,2,1,1,2,00,00,00,59,$023B,4B,618,2,
OBJECT,1597,C74E,D,D6,26,09,0,2,6,2,1,1,2,00,00,00,60,$023C,48,618,2,
OBJECT,1597,C74E,D,D6,26,09,0,2,6,2,1,1,2,00,00,00,61,$023D,46,618,2,
OBJECT,1597,C74E,D,D6,26,09,0,2,6,2,1,1,2,00,00,00,62,$023E,09,618,2,
FRAME,1597,C74E,D,D6,26,09,0,2,6,2,1,1,2,00,00,00,,,,,618,2,
RNG,1598,C535,D,D6,26,09,0,2,6,2,1,1,2,00,00,00,C535,,,618,2,
FRAME,1598,C74A,D,DD,B3,0A,1,1,5,3,1,1,2,00,00,00,,,,,618,2,
RNG,1599,C535,D,DD,B3,0A,1,1,5,3,1,1,2,00,00,00,C535,,,618,2,
FRAME,1599,C74C,D,82,82,0B,0,2,2,0,1,1,2,00,00,00,,,,,618,2,
RNG,1600,C535,D,82,82,0B,0,2,2,0,1,1,2,00,00,00,C535,,,618,2,
C726,1600,C726,D,61,89,0C,1,1,1,0,1,1,2,00,00,00,C726,,,619,2,
OBJECT,1600,E022,D,61,89,0C,1,1,1,0,1,1,2,00,00,00,63,$023F,26,619,2,
FRAME,1600,E022,D,61,89,0C,1,1,1,0,1,1,2,00,00,00,,,,,619,2,
RNG,1601,C535,D,61,89,0C,1,1,1,0,1,1,2,00,00,00,C535,,,619,2,
C726,1601,C726,D,8A,16,0D,0,2,2,1,1,1,2,00,00,00,C726,,,620,2,
C726,1601,C726,D,8A,16,0D,0,2,2,1,1,1,2,00,00,01,C726,,,621,2,
C726,1601,C726,D,8A,16,0D,0,2,2,1,1,1,2,00,00,01,C726,,,622,2,
C726,1601,C726,D,8A,16,0D,0,2,2,1,1,1,2,00,00,01,C726,,,623,2,
C726,1601,C726,D,8A,16,0D,0,2,2,1,1,1,2,00,00,01,C726,,,624,2,
C726,1601,C726,D,8A,16,0D,0,2,2,1,1,1,2,00,00,01,C726,,,625,2,
C726,1601,C726,D,8A,16,0D,0,2,2,1,1,1,2,00,00,01,C726,,,626,2,
OBJECT,1601,C74C,D,8A,16,0D,0,2,2,1,1,1,2,00,00,01,0,$0200,5E,626,2,
OBJECT,1601,C74C,D,8A,16,0D,0,2,2,1,1,1,2,00,00,01,1,$0201,45,626,2,
OBJECT,1601,C74C,D,8A,16,0D,0,2,2,1,1,1,2,00,00,01,2,$0202,01,626,2,
OBJECT,1601,C74C,D,8A,16,0D,0,2,2,1,1,1,2,00,00,01,3,$0203,4B,626,2,
OBJECT,1601,C74C,D,8A,16,0D,0,2,2,1,1,1,2,00,00,01,4,$0204,48,626,2,
OBJECT,1601,C74C,D,8A,16,0D,0,2,2,1,1,1,2,00,00,01,5,$0205,46,626,2,
OBJECT,1601,C74C,D,8A,16,0D,0,2,2,1,1,1,2,00,00,01,6,$0206,09,626,2,
COUNTER,1601,C74C,D,8A,16,0D,0,2,2,1,1,1,2,00,00,01,048B:00>01,,,626,2,
FRAME,1601,C74C,D,8A,16,0D,0,2,2,1,1,1,2,00,00,01,,,,,626,2,
RNG,1602,C535,D,8A,16,0D,0,2,2,1,1,1,2,00,00,01,C535,,,626,2,
FRAME,1602,C74A,D,91,ED,0E,1,1,1,6,1,1,2,00,00,01,,,,,626,2,
RNG,1603,C535,D,91,ED,0E,1,1,1,6,1,1,2,00,00,01,C535,,,626,2,
FRAME,1603,C74C,D,DD,F4,0F,1,1,5,7,1,1,2,00,00,01,,,,,626,2,
RNG,1604,C535,D,DD,F4,0F,1,1,5,7,1,1,2,00,00,01,C535,,,626,2,
C726,1604,C726,D,49,81,10,1,1,1,0,1,1,2,00,00,01,C726,,,627,2,
OBJECT,1604,E063,D,49,81,10,1,1,1,0,1,1,2,00,00,01,7,$0207,26,627,2,
FRAME,1604,E063,D,49,81,10,1,1,1,0,1,1,2,00,00,01,,,,,627,2,
RNG,1605,C535,D,49,81,10,1,1,1,0,1,1,2,00,00,01,C535,,,627,2,
C726,1605,C726,D,CA,60,11,0,2,2,6,1,1,2,00,00,01,C726,,,628,2,
C726,1605,C726,D,CA,60,11,0,2,2,6,1,1,2,00,00,01,C726,,,629,2,
C726,1605,C726,D,CA,60,11,0,2,2,6,1,1,2,00,00,01,C726,,,630,2,
C726,1605,C726,D,CA,60,11,0,2,2,6,1,1,2,00,00,01,C726,,,631,2,
C726,1605,C726,D,CA,60,11,0,2,2,6,1,1,2,00,00,01,C726,,,632,2,
C726,1605,C726,D,CA,60,11,0,2,2,6,1,1,2,00,00,01,C726,,,633,2,
C726,1605,C726,D,CA,60,11,0,2,2,6,1,1,2,00,00,01,C726,,,634,2,
OBJECT,1605,C74C,D,CA,60,11,0,2,2,6,1,1,2,00,00,01,8,$0208,5E,634,2,
OBJECT,1605,C74C,D,CA,60,11,0,2,2,6,1,1,2,00,00,01,9,$0209,45,634,2,
OBJECT,1605,C74C,D,CA,60,11,0,2,2,6,1,1,2,00,00,01,10,$020A,01,634,2,
OBJECT,1605,C74C,D,CA,60,11,0,2,2,6,1,1,2,00,00,01,11,$020B,4B,634,2,
OBJECT,1605,C74C,D,CA,60,11,0,2,2,6,1,1,2,00,00,01,12,$020C,48,634,2,
OBJECT,1605,C74C,D,CA,60,11,0,2,2,6,1,1,2,00,00,01,13,$020D,46,634,2,
OBJECT,1605,C74C,D,CA,60,11,0,2,2,6,1,1,2,00,00,01,14,$020E,09,634,2,
FRAME,1605,C74C,D,CA,60,11,0,2,2,6,1,1,2,00,00,01,,,,,634,2,
RNG,1606,C535,D,CA,60,11,0,2,2,6,1,1,2,00,00,01,C535,,,634,2,
FRAME,1606,C74E,D,6F,67,12,1,3,7,6,1,1,2,00,00,01,,,,,634,2,
RNG,1607,C535,D,6F,67,12,1,3,7,6,1,1,2,00,00,01,C535,,,634,2,
FRAME,1607,C74E,D,4E,10,13,0,2,6,1,1,1,2,00,00,01,,,,,634,2,
RNG,1608,C535,D,4E,10,13,0,2,6,1,1,1,2,00,00,01,C535,,,634,2,
FRAME,1608,C74A,D,77,10,14,1,3,7,1,1,1,2,00,00,01,,,,,634,2,
RNG,1609,C535,D,77,10,14,1,3,7,1,1,1,2,00,00,01,C535,,,634,2,
C726,1609,C726,D,7E,9D,15,0,2,6,1,1,1,2,00,00,01,C726,,,635,2,
C726,1609,C726,D,7E,9D,15,0,2,6,1,1,1,2,00,00,01,C726,,,636,2,
C726,1609,C726,D,7E,9D,15,0,2,6,1,1,1,2,00,00,01,C726,,,637,2,
C726,1609,C726,D,7E,9D,15,0,2,6,1,1,1,2,00,00,01,C726,,,638,2,
C726,1609,C726,D,7E,9D,15,0,2,6,1,1,1,2,00,00,01,C726,,,639,2,
C726,1609,C726,D,7E,9D,15,0,2,6,1,1,1,2,00,00,01,C726,,,640,2,
C726,1609,C726,D,7E,9D,15,0,2,6,1,1,1,2,00,00,01,C726,,,641,2,
C726,1609,C726,D,7E,9D,15,0,2,6,1,1,1,2,00,00,01,C726,,,642,2,
OBJECT,1609,C74C,D,7E,9D,15,0,2,6,1,1,1,2,00,00,01,15,$020F,26,642,2,
OBJECT,1609,C74C,D,7E,9D,15,0,2,6,1,1,1,2,00,00,01,16,$0210,5E,642,2,
OBJECT,1609,C74C,D,7E,9D,15,0,2,6,1,1,1,2,00,00,01,17,$0211,45,642,2,
OBJECT,1609,C74C,D,7E,9D,15,0,2,6,1,1,1,2,00,00,01,18,$0212,01,642,2,
OBJECT,1609,C74C,D,7E,9D,15,0,2,6,1,1,1,2,00,00,01,19,$0213,4B,642,2,
OBJECT,1609,C74C,D,7E,9D,15,0,2,6,1,1,1,2,00,00,01,20,$0214,48,642,2,
OBJECT,1609,C74C,D,7E,9D,15,0,2,6,1,1,1,2,00,00,01,21,$0215,46,642,2,
OBJECT,1609,C74C,D,7E,9D,15,0,2,6,1,1,1,2,00,00,01,22,$0216,09,642,2,
FRAME,1609,C74C,D,7E,9D,15,0,2,6,1,1,1,2,00,00,01,,,,,642,2,
RNG,1610,C535,D,7E,9D,15,0,2,6,1,1,1,2,00,00,01,C535,,,642,2,
FRAME,1610,C74C,D,B6,91,16,0,2,6,1,1,1,2,00,00,01,,,,,642,2,
RNG,1611,C535,D,B6,91,16,0,2,6,1,1,1,2,00,00,01,C535,,,642,2,
FRAME,1611,C74A,D,9F,94,17,1,3,7,1,1,1,2,00,00,01,,,,,642,2,
RNG,1612,C535,D,9F,94,17,1,3,7,1,1,1,2,00,00,01,C535,,,642,2,
FRAME,1612,C74A,D,A8,21,18,0,0,0,2,1,1,2,00,00,01,,,,,642,2,
RNG,1613,C535,D,A8,21,18,0,0,0,2,1,1,2,00,00,01,C535,,,642,2,
C726,1613,C726,D,2D,16,19,1,1,5,1,1,1,2,00,00,01,C726,,,643,2,
C726,1613,C726,D,2D,16,19,1,1,5,1,1,1,2,00,00,01,C726,,,644,2,
C726,1613,C726,D,2D,16,19,1,1,5,1,1,1,2,00,00,01,C726,,,645,2,
C726,1613,C726,D,2D,16,19,1,1,5,1,1,1,2,00,00,01,C726,,,646,2,
C726,1613,C726,D,2D,16,19,1,1,5,1,1,1,2,00,00,01,C726,,,647,2,
C726,1613,C726,D,2D,16,19,1,1,5,1,1,1,2,00,00,01,C726,,,648,2,
OBJECT,1613,B220,D,2D,16,19,1,1,5,1,1,1,2,00,00,01,23,$0217,26,648,2,
OBJECT,1613,B220,D,2D,16,19,1,1,5,1,1,1,2,00,00,01,24,$0218,5E,648,2,
OBJECT,1613,B220,D,2D,16,19,1,1,5,1,1,1,2,00,00,01,25,$0219,45,648,2,
OBJECT,1613,B220,D,2D,16,19,1,1,5,1,1,1,2,00,00,01,26,$021A,01,648,2,
OBJECT,1613,B220,D,2D,16,19,1,1,5,1,1,1,2,00,00,01,27,$021B,4B,648,2,
OBJECT,1613,B220,D,2D,16,19,1,1,5,1,1,1,2,00,00,01,28,$021C,48,648,2,
FRAME,1613,B220,D,2D,16,19,1,1,5,1,1,1,2,00,00,01,,,,,648,2,
RNG,1614,C535,D,2D,16,19,1,1,5,1,1,1,2,00,00,01,C535,,,648,2,
C726,1614,C726,D,B4,19,1A,0,0,4,1,1,1,2,00,00,01,C726,,,649,2,
C726,1614,C726,D,B4,19,1A,0,0,4,1,1,1,2,00,00,01,C726,,,650,2,
OBJECT,1614,C74A,D,B4,19,1A,0,0,4,1,1,1,2,00,00,01,29,$021D,46,650,2,
OBJECT,1614,C74A,D,B4,19,1A,0,0,4,1,1,1,2,00,00,01,30,$021E,09,650,2,
FRAME,1614,C74A,D,B4,19,1A,0,0,4,1,1,1,2,00,00,01,,,,,650,2,
RNG,1615,C535,D,B4,19,1A,0,0,4,1,1,1,2,00,00,01,C535,,,650,2,
FRAME,1615,C74A,D,56,A6,1B,0,2,6,2,1,1,2,00,00,01,,,,,650,2,
RNG,1616,C535,D,56,A6,1B,0,2,6,2,1,1,2,00,00,01,C535,,,650,2,
FRAME,1616,C74C,D,56,9C,1C,0,2,6,1,1,1,2,00,00,01,,,,,650,2,
RNG,1617,C535,D,56,9C,1C,0,2,6,1,1,1,2,00,00,01,C535,,,650,2,
C726,1617,C726,D,FF,9F,1D,1,3,7,1,1,1,2,00,00,01,C726,,,651,2,
C726,1617,C726,D,FF,9F,1D,1,3,7,1,1,1,2,00,00,01,C726,,,652,2,
C726,1617,C726,D,FF,9F,1D,1,3,7,1,1,1,2,00,00,01,C726,,,653,2,
C726,1617,C726,D,FF,9F,1D,1,3,7,1,1,1,2,00,00,01,C726,,,654,2,
C726,1617,C726,D,FF,9F,1D,1,3,7,1,1,1,2,00,00,01,C726,,,655,2,
OBJECT,1617,B24F,D,FF,9F,1D,1,3,7,1,1,1,2,00,00,01,31,$021F,26,655,2,
OBJECT,1617,B24F,D,FF,9F,1D,1,3,7,1,1,1,2,00,00,01,32,$0220,5E,655,2,
OBJECT,1617,B24F,D,FF,9F,1D,1,3,7,1,1,1,2,00,00,01,33,$0221,45,655,2,
OBJECT,1617,B24F,D,FF,9F,1D,1,3,7,1,1,1,2,00,00,01,34,$0222,01,655,2,
OBJECT,1617,B24F,D,FF,9F,1D,1,3,7,1,1,1,2,00,00,01,35,$0223,4B,655,2,
FRAME,1617,B24F,D,FF,9F,1D,1,3,7,1,1,1,2,00,00,01,,,,,655,2,
RNG,1618,C535,D,FF,9F,1D,1,3,7,1,1,1,2,00,00,01,C535,,,655,2,
C726,1618,C726,D,05,2C,1E,1,1,5,2,1,1,2,00,00,01,C726,,,656,2,
C726,1618,C726,D,05,2C,1E,1,1,5,2,1,1,2,00,00,01,C726,,,657,2,
C726,1618,C726,D,05,2C,1E,1,1,5,2,1,1,2,00,00,01,C726,,,658,2,
OBJECT,1618,C74E,D,05,2C,1E,1,1,5,2,1,1,2,00,00,01,36,$0224,48,658,2,
OBJECT,1618,C74E,D,05,2C,1E,1,1,5,2,1,1,2,00,00,01,37,$0225,46,658,2,
OBJECT,1618,C74E,D,05,2C,1E,1,1,5,2,1,1,2,00,00,01,38,$0226,09,658,2,
FRAME,1618,C74E,D,05,2C,1E,1,1,5,2,1,1,2,00,00,01,,,,,658,2,
RNG,1619,C535,D,05,2C,1E,1,1,5,2,1,1,2,00,00,01,C535,,,658,2,
FRAME,1619,C74E,D,8A,23,1F,0,2,2,2,1,1,2,00,00,01,,,,,658,2,
RNG,1620,C535,D,8A,23,1F,0,2,2,2,1,1,2,00,00,01,C535,,,658,2,
FRAME,1620,C74E,D,12,26,20,0,2,2,2,1,1,2,00,00,01,,,,,658,2,
RNG,1621,C535,D,12,26,20,0,2,2,2,1,1,2,00,00,01,C535,,,658,2,
C726,1621,C726,D,B2,14,21,0,2,2,1,1,1,2,00,00,01,C726,,,659,2,
C726,1621,C726,D,B2,14,21,0,2,2,1,1,1,2,00,00,01,C726,,,660,2,
OBJECT,1621,FEF7,D,B2,14,21,0,2,2,1,1,1,2,00,00,01,39,$0227,26,660,2,
OBJECT,1621,FEF7,D,B2,14,21,0,2,2,1,1,1,2,00,00,01,40,$0228,5E,660,2,
FRAME,1621,FEF7,D,B2,14,21,0,2,2,1,1,1,2,00,00,01,,,,,660,2,
RNG,1622,C535,D,B2,14,21,0,2,2,1,1,1,2,00,00,01,C535,,,660,2,
C726,1622,C726,D,B2,07,22,0,2,2,0,1,1,2,00,00,01,C726,,,661,2,
C726,1622,C726,D,B2,07,22,0,2,2,0,1,1,2,00,00,01,C726,,,662,2,
C726,1622,C726,D,B2,07,22,0,2,2,0,1,1,2,00,00,01,C726,,,663,2,
C726,1622,C726,D,B2,07,22,0,2,2,0,1,1,2,00,00,01,C726,,,664,2,
C726,1622,C726,D,B2,07,22,0,2,2,0,1,1,2,00,00,01,C726,,,665,2,
C726,1622,C726,D,B2,07,22,0,2,2,0,1,1,2,00,00,01,C726,,,666,2,
OBJECT,1622,C74C,D,B2,07,22,0,2,2,0,1,1,2,00,00,01,41,$0229,45,666,2,
OBJECT,1622,C74C,D,B2,07,22,0,2,2,0,1,1,2,00,00,01,42,$022A,01,666,2,
OBJECT,1622,C74C,D,B2,07,22,0,2,2,0,1,1,2,00,00,01,43,$022B,4B,666,2,
OBJECT,1622,C74C,D,B2,07,22,0,2,2,0,1,1,2,00,00,01,44,$022C,48,666,2,
OBJECT,1622,C74C,D,B2,07,22,0,2,2,0,1,1,2,00,00,01,45,$022D,46,666,2,
OBJECT,1622,C74C,D,B2,07,22,0,2,2,0,1,1,2,00,00,01,46,$022E,09,666,2,
FRAME,1622,C74C,D,B2,07,22,0,2,2,0,1,1,2,00,00,01,,,,,666,2,
RNG,1623,C535,D,B2,07,22,0,2,2,0,1,1,2,00,00,01,C535,,,666,2,
FRAME,1623,C74C,D,38,0A,23,0,0,0,0,1,1,2,00,00,01,,,,,666,2,
RNG,1624,C535,D,38,0A,23,0,0,0,0,1,1,2,00,00,01,C535,,,666,2,
FRAME,1624,C74C,D,C1,56,24,1,1,1,5,1,1,2,00,00,01,,,,,666,2,
RNG,1625,C535,D,C1,56,24,1,1,1,5,1,1,2,00,00,01,C535,,,666,2,
C726,1625,C726,D,45,29,25,1,1,5,2,1,1,2,00,00,01,C726,,,667,2,
OBJECT,1625,E024,D,45,29,25,1,1,5,2,1,1,2,00,00,01,47,$022F,26,667,2,
FRAME,1625,E024,D,45,29,25,1,1,5,2,1,1,2,00,00,01,,,,,667,2,
RNG,1626,C535,D,45,29,25,1,1,5,2,1,1,2,00,00,01,C535,,,667,2,
C726,1626,C726,D,CF,BE,26,1,3,7,3,1,1,2,00,00,01,C726,,,668,2,
C726,1626,C726,D,CF,BE,26,1,3,7,3,1,1,2,00,00,01,C726,,,669,2,
C726,1626,C726,D,CF,BE,26,1,3,7,3,1,1,2,00,00,01,C726,,,670,2,
C726,1626,C726,D,CF,BE,26,1,3,7,3,1,1,2,00,00,01,C726,,,671,2,
C726,1626,C726,D,CF,BE,26,1,3,7,3,1,1,2,00,00,01,C726,,,672,2,
C726,1626,C726,D,CF,BE,26,1,3,7,3,1,1,2,00,00,01,C726,,,673,2,
C726,1626,C726,D,CF,BE,26,1,3,7,3,1,1,2,00,00,01,C726,,,674,2,
OBJECT,1626,C74E,D,CF,BE,26,1,3,7,3,1,1,2,00,00,01,48,$0230,5E,674,2,
OBJECT,1626,C74E,D,CF,BE,26,1,3,7,3,1,1,2,00,00,01,49,$0231,45,674,2,
OBJECT,1626,C74E,D,CF,BE,26,1,3,7,3,1,1,2,00,00,01,50,$0232,01,674,2,
OBJECT,1626,C74E,D,CF,BE,26,1,3,7,3,1,1,2,00,00,01,51,$0233,4B,674,2,
OBJECT,1626,C74E,D,CF,BE,26,1,3,7,3,1,1,2,00,00,01,52,$0234,48,674,2,
OBJECT,1626,C74E,D,CF,BE,26,1,3,7,3,1,1,2,00,00,01,53,$0235,46,674,2,
OBJECT,1626,C74E,D,CF,BE,26,1,3,7,3,1,1,2,00,00,01,54,$0236,09,674,2,
FRAME,1626,C74E,D,CF,BE,26,1,3,7,3,1,1,2,00,00,01,,,,,674,2,
RNG,1627,C535,D,CF,BE,26,1,3,7,3,1,1,2,00,00,01,C535,,,674,2,
FRAME,1627,C74E,D,88,63,27,0,0,0,6,1,1,2,00,00,01,,,,,674,2,
RNG,1628,C535,D,88,63,27,0,0,0,6,1,1,2,00,00,01,C535,,,674,2,
FRAME,1628,C74A,D,09,30,28,1,1,1,3,1,1,2,00,00,01,,,,,674,2,
RNG,1629,C535,D,09,30,28,1,1,1,3,1,1,2,00,00,01,C535,,,674,2,
FRAME,1629,C74C,D,10,35,29,0,0,0,3,1,1,2,00,00,01,,,,,674,2,
RNG,1630,C535,D,10,35,29,0,0,0,3,1,1,2,00,00,01,C535,,,674,2,
C726,1630,C726,D,D9,03,2A,1,1,1,0,1,1,2,00,00,01,C726,,,675,2,
C726,1630,C726,D,D9,03,2A,1,1,1,0,1,1,2,00,00,01,C726,,,676,2,
C726,1630,C726,D,D9,03,2A,1,1,1,0,1,1,2,00,00,01,C726,,,677,2,
C726,1630,C726,D,D9,03,2A,1,1,1,0,1,1,2,00,00,01,C726,,,678,2,
C726,1630,C726,D,D9,03,2A,1,1,1,0,1,1,2,00,00,01,C726,,,679,2,
C726,1630,C726,D,D9,03,2A,1,1,1,0,1,1,2,00,00,01,C726,,,680,2,
OBJECT,1630,B258,D,D9,03,2A,1,1,1,0,1,1,2,00,00,01,55,$0237,26,680,2,
OBJECT,1630,B258,D,D9,03,2A,1,1,1,0,1,1,2,00,00,01,56,$0238,5E,680,2,
OBJECT,1630,B258,D,D9,03,2A,1,1,1,0,1,1,2,00,00,01,57,$0239,45,680,2,
OBJECT,1630,B258,D,D9,03,2A,1,1,1,0,1,1,2,00,00,01,58,$023A,01,680,2,
OBJECT,1630,B258,D,D9,03,2A,1,1,1,0,1,1,2,00,00,01,59,$023B,4B,680,2,
OBJECT,1630,B258,D,D9,03,2A,1,1,1,0,1,1,2,00,00,01,60,$023C,48,680,2,
FRAME,1630,B258,D,D9,03,2A,1,1,1,0,1,1,2,00,00,01,,,,,680,2,
RNG,1631,C535,D,D9,03,2A,1,1,1,0,1,1,2,00,00,01,C535,,,680,2,
C726,1631,C726,D,1B,08,2B,1,3,3,0,1,1,2,00,00,01,C726,,,681,2,
C726,1631,C726,D,1B,08,2B,1,3,3,0,1,1,2,00,00,01,C726,,,682,2,
OBJECT,1631,C74C,D,1B,08,2B,1,3,3,0,1,1,2,00,00,01,61,$023D,46,682,2,
OBJECT,1631,C74C,D,1B,08,2B,1,3,3,0,1,1,2,00,00,01,62,$023E,09,682,2,
FRAME,1631,C74C,D,1B,08,2B,1,3,3,0,1,1,2,00,00,01,,,,,682,2,
RNG,1632,C535,D,1B,08,2B,1,3,3,0,1,1,2,00,00,01,C535,,,682,2,
FRAME,1632,C74A,D,EB,D7,2C,1,3,3,5,1,1,2,00,00,01,,,,,682,2,
RNG,1633,C535,D,EB,D7,2C,1,3,3,5,1,1,2,00,00,01,C535,,,682,2,
FRAME,1633,C74E,D,0C,DC,2D,0,0,4,5,1,1,2,00,00,01,,,,,682,2,
RNG,1634,C535,D,0C,DC,2D,0,0,4,5,1,1,2,00,00,01,C535,,,682,2,
C726,1634,C726,D,B5,AC,2E,1,1,5,2,1,1,2,00,00,01,C726,,,683,2,
C726,1634,C726,D,B5,AC,2E,1,1,5,2,1,1,2,00,00,01,C726,,,684,2,
C726,1634,C726,D,B5,AC,2E,1,1,5,2,1,1,2,00,00,01,C726,,,685,2,
C726,1634,C726,D,B5,AC,2E,1,1,5,2,1,1,2,00,00,01,C726,,,686,2,
C726,1634,C726,D,B5,AC,2E,1,1,5,2,1,1,2,00,00,01,C726,,,687,2,
C726,1634,C726,D,B5,AC,2E,1,1,5,2,1,1,2,00,00,01,C726,,,688,2,
OBJECT,1634,FEE7,D,B5,AC,2E,1,1,5,2,1,1,2,00,00,01,0,$0200,5E,688,2,
OBJECT,1634,FEE7,D,B5,AC,2E,1,1,5,2,1,1,2,00,00,01,1,$0201,45,688,2,
OBJECT,1634,FEE7,D,B5,AC,2E,1,1,5,2,1,1,2,00,00,01,2,$0202,01,688,2,
OBJECT,1634,FEE7,D,B5,AC,2E,1,1,5,2,1,1,2,00,00,01,3,$0203,4B,688,2,
OBJECT,1634,FEE7,D,B5,AC,2E,1,1,5,2,1,1,2,00,00,01,4,$0204,48,688,2,
OBJECT,1634,FEE7,D,B5,AC,2E,1,1,5,2,1,1,2,00,00,01,63,$023F,26,688,2,
FRAME,1634,FEE7,D,B5,AC,2E,1,1,5,2,1,1,2,00,00,01,,,,,688,2,
RNG,1635,C535,D,B5,AC,2E,1,1,5,2,1,1,2,00,00,01,C535,,,688,2,
C726,1635,C726,D,B6,D8,2F,0,2,6,5,1,1,2,00,00,01,C726,,,689,2,
C726,1635,C726,D,B6,D8,2F,0,2,6,5,1,1,2,00,00,01,C726,,,690,2,
OBJECT,1635,C74C,D,B6,D8,2F,0,2,6,5,1,1,2,00,00,01,5,$0205,46,690,2,
OBJECT,1635,C74C,D,B6,D8,2F,0,2,6,5,1,1,2,00,00,01,6,$0206,09,690,2,
FRAME,1635,C74C,D,B6,D8,2F,0,2,6,5,1,1,2,00,00,01,,,,,690,2,
RNG,1636,C535,D,B6,D8,2F,0,2,6,5,1,1,2,00,00,01,C535,,,690,2,
FRAME,1636,C74A,D,53,B1,30,1,3,3,3,1,1,2,00,00,01,,,,,690,2,
RNG,1637,C535,D,53,B1,30,1,3,3,3,1,1,2,00,00,01,C535,,,690,2,
FRAME,1637,C74C,D,88,B0,31,0,0,0,3,1,1,2,00,00,01,,,,,690,2,
RNG,1638,C535,D,88,B0,31,0,0,0,3,1,1,2,00,00,01,C535,,,690,2,
C726,1638,C726,D,8B,A0,32,1,3,3,2,1,1,2,00,00,01,C726,,,691,2,
C726,1638,C726,D,8B,A0,32,1,3,3,2,1,1,2,00,00,01,C726,,,692,2,
C726,1638,C726,D,8B,A0,32,1,3,3,2,1,1,2,00,00,01,C726,,,693,2,
C726,1638,C726,D,8B,A0,32,1,3,3,2,1,1,2,00,00,01,C726,,,694,2,
C726,1638,C726,D,8B,A0,32,1,3,3,2,1,1,2,00,00,01,C726,,,695,2,
OBJECT,1638,B240,D,8B,A0,32,1,3,3,2,1,1,2,00,00,01,7,$0207,26,695,2,
OBJECT,1638,B240,D,8B,A0,32,1,3,3,2,1,1,2,00,00,01,8,$0208,5E,695,2,
OBJECT,1638,B240,D,8B,A0,32,1,3,3,2,1,1,2,00,00,01,9,$0209,45,695,2,
OBJECT,1638,B240,D,8B,A0,32,1,3,3,2,1,1,2,00,00,01,10,$020A,01,695,2,
OBJECT,1638,B240,D,8B,A0,32,1,3,3,2,1,1,2,00,00,01,11,$020B,4B,695,2,
FRAME,1638,B240,D,8B,A0,32,1,3,3,2,1,1,2,00,00,01,,,,,695,2,
RNG,1639,C535,D,8B,A0,32,1,3,3,2,1,1,2,00,00,01,C535,,,695,2,
C726,1639,C726,D,30,CD,33,0,0,0,4,1,1,2,00,00,01,C726,,,696,2,
C726,1639,C726,D,30,CD,33,0,0,0,4,1,1,2,00,00,01,C726,,,697,2,
C726,1639,C726,D,30,CD,33,0,0,0,4,1,1,2,00,00,01,C726,,,698,2,
OBJECT,1639,C74E,D,30,CD,33,0,0,0,4,1,1,2,00,00,01,12,$020C,48,698,2,
OBJECT,1639,C74E,D,30,CD,33,0,0,0,4,1,1,2,00,00,01,13,$020D,46,698,2,
OBJECT,1639,C74E,D,30,CD,33,0,0,0,4,1,1,2,00,00,01,14,$020E,09,698,2,
FRAME,1639,C74E,D,30,CD,33,0,0,0,4,1,1,2,00,00,01,,,,,698,2,
RNG,1640,C535,D,30,CD,33,0,0,0,4,1,1,2,00,00,01,C535,,,698,2,
FRAME,1640,C74C,D,B7,6F,34,1,3,7,6,1,1,2,00,00,01,,,,,698,2,
RNG,1641,C535,D,B7,6F,34,1,3,7,6,1,1,2,00,00,01,C535,,,698,2,
FRAME,1641,C74E,D,9D,6F,35,1,1,5,6,1,1,2,00,00,01,,,,,698,2,
RNG,1642,C535,D,9D,6F,35,1,1,5,6,1,1,2,00,00,01,C535,,,698,2,
C726,1642,C726,D,24,2C,36,0,0,4,2,1,1,2,00,00,01,C726,,,699,2,
C726,1642,C726,D,24,2C,36,0,0,4,2,1,1,2,00,00,01,C726,,,700,2,
C726,1642,C726,D,24,2C,36,0,0,4,2,1,1,2,00,00,01,C726,,,701,2,
C726,1642,C726,D,24,2C,36,0,0,4,2,1,1,2,00,00,01,C726,,,702,2,
C726,1642,C726,D,24,2C,36,0,0,4,2,1,1,2,00,00,01,C726,,,703,2,
OBJECT,1642,F030,D,24,2C,36,0,0,4,2,1,1,2,00,00,01,15,$020F,26,703,2,
OBJECT,1642,F030,D,24,2C,36,0,0,4,2,1,1,2,00,00,01,16,$0210,5E,703,2,
OBJECT,1642,F030,D,24,2C,36,0,0,4,2,1,1,2,00,00,01,17,$0211,45,703,2,
OBJECT,1642,F030,D,24,2C,36,0,0,4,2,1,1,2,00,00,01,18,$0212,01,703,2,
OBJECT,1642,F030,D,24,2C,36,0,0,4,2,1,1,2,00,00,01,19,$0213,4B,703,2,
FRAME,1642,F030,D,24,2C,36,0,0,4,2,1,1,2,00,00,01,,,,,703,2,
RNG,1643,C535,D,24,2C,36,0,0,4,2,1,1,2,00,00,01,C535,,,703,2,
C726,1643,C726,D,C1,F7,37,1,1,1,7,1,1,2,00,00,01,C726,,,704,2,
C726,1643,C726,D,C1,F7,37,1,1,1,7,1,1,2,00,00,01,C726,,,705,2,
C726,1643,C726,D,C1,F7,37,1,1,1,7,1,1,2,00,00,01,C726,,,706,2,
OBJECT,1643,C74E,D,C1,F7,37,1,1,1,7,1,1,2,00,00,01,20,$0214,48,706,2,
OBJECT,1643,C74E,D,C1,F7,37,1,1,1,7,1,1,2,00,00,01,21,$0215,46,706,2,
OBJECT,1643,C74E,D,C1,F7,37,1,1,1,7,1,1,2,00,00,01,22,$0216,09,706,2,
FRAME,1643,C74E,D,C1,F7,37,1,1,1,7,1,1,2,00,00,01,,,,,706,2,
RNG,1644,C535,D,C1,F7,37,1,1,1,7,1,1,2,00,00,01,C535,,,706,2,
FRAME,1644,C74C,D,FE,FE,38,0,2,6,7,1,1,2,00,00,01,,,,,706,2,
RNG,1645,C535,D,FE,FE,38,0,2,6,7,1,1,2,00,00,01,C535,,,706,2,
FRAME,1645,C74E,D,01,36,39,1,1,1,3,1,1,2,00,00,01,,,,,706,2,
RNG,1646,C535,D,01,36,39,1,1,1,3,1,1,2,00,00,01,C535,,,706,2,
C726,1646,C726,D,A6,1F,3A,0,2,6,1,1,1,2,00,00,01,C726,,,707,2,
C726,1646,C726,D,A6,1F,3A,0,2,6,1,1,1,2,00,00,01,C726,,,708,2,
C726,1646,C726,D,A6,1F,3A,0,2,6,1,1,1,2,00,00,01,C726,,,709,2,
OBJECT,1646,C3FA,D,A6,1F,3A,0,2,6,1,1,1,2,00,00,01,23,$0217,26,709,2,
OBJECT,1646,C3FA,D,A6,1F,3A,0,2,6,1,1,1,2,00,00,01,24,$0218,5E,709,2,
OBJECT,1646,C3FA,D,A6,1F,3A,0,2,6,1,1,1,2,00,00,01,25,$0219,45,709,2,
FRAME,1646,C3FA,D,A6,1F,3A,0,2,6,1,1,1,2,00,00,01,,,,,709,2,
C726,1647,C726,D,A6,1F,3A,0,2,6,1,0,1,2,00,00,01,C726,,,710,2,
C726,1647,C726,D,A6,1F,3A,0,2,6,1,0,1,2,00,00,01,C726,,,711,2,
C726,1647,C726,D,A6,1F,3A,0,2,6,1,0,1,2,00,00,01,C726,,,712,2,
C726,1647,C726,D,A6,1F,3A,0,2,6,1,0,1,2,00,00,01,C726,,,713,2,
C726,1647,C726,D,A6,1F,3A,0,2,6,1,0,1,2,00,00,01,C726,,,714,2,
OBJECT,1647,C74C,D,A6,1F,3A,0,2,6,1,0,1,2,00,00,01,26,$021A,01,714,2,
OBJECT,1647,C74C,D,A6,1F,3A,0,2,6,1,0,1,2,00,00,01,27,$021B,4B,714,2,
OBJECT,1647,C74C,D,A6,1F,3A,0,2,6,1,0,1,2,00,00,01,28,$021C,48,714,2,
OBJECT,1647,C74C,D,A6,1F,3A,0,2,6,1,0,1,2,00,00,01,29,$021D,46,714,2,
OBJECT,1647,C74C,D,A6,1F,3A,0,2,6,1,0,1,2,00,00,01,30,$021E,09,714,2,
FRAME,1647,C74C,D,A6,1F,3A,0,2,6,1,0,1,2,00,00,01,,,,,714,2,
RNG,1648,C535,D,A6,1F,3A,0,2,6,1,1,2,2,00,00,01,C535,,,714,2,
FRAME,1648,C74E,D,2E,2F,3B,0,2,6,2,1,2,2,00,00,01,,,,,714,2,
RNG,1649,C535,D,2E,2F,3B,0,2,6,2,1,1,2,00,00,01,C535,,,714,2,
FRAME,1649,C74C,D,14,CC,3C,0,0,4,4,1,1,2,00,00,01,,,,,714,2,
RNG,1650,C535,D,14,CC,3C,0,0,4,4,1,1,2,00,00,01,C535,,,714,2,
C726,1650,C726,D,9C,97,3D,0,0,4,1,1,1,2,00,00,01,C726,,,715,2,
C726,1650,C726,D,9C,97,3D,0,0,4,1,1,1,2,00,00,01,C726,,,716,2,
OBJECT,1650,C2F3,D,9C,97,3D,0,0,4,1,1,1,2,00,00,01,31,$021F,26,716,2,
OBJECT,1650,C2F3,D,9C,97,3D,0,0,4,1,1,1,2,00,00,01,32,$0220,5E,716,2,
FRAME,1650,C2F3,D,9C,97,3D,0,0,4,1,1,1,2,00,00,01,,,,,716,2,
C726,1651,C726,D,9C,97,3D,0,0,4,1,0,1,2,00,00,01,C726,,,717,2,
C726,1651,C726,D,9C,97,3D,0,0,4,1,0,1,2,00,00,01,C726,,,718,2,
C726,1651,C726,D,9C,97,3D,0,0,4,1,0,1,2,00,00,01,C726,,,719,2,
C726,1651,C726,D,9C,97,3D,0,0,4,1,0,1,2,00,00,01,C726,,,720,2,
C726,1651,C726,D,9C,97,3D,0,0,4,1,0,1,2,00,00,01,C726,,,721,2,
C726,1651,C726,D,9C,97,3D,0,0,4,1,0,1,2,00,00,01,C726,,,722,2,
OBJECT,1651,C74E,D,9C,97,3D,0,0,4,1,0,1,2,00,00,01,33,$0221,45,722,2,
OBJECT,1651,C74E,D,9C,97,3D,0,0,4,1,0,1,2,00,00,01,34,$0222,01,722,2,
OBJECT,1651,C74E,D,9C,97,3D,0,0,4,1,0,1,2,00,00,01,35,$0223,4B,722,2,
OBJECT,1651,C74E,D,9C,97,3D,0,0,4,1,0,1,2,00,00,01,36,$0224,48,722,2,
OBJECT,1651,C74E,D,9C,97,3D,0,0,4,1,0,1,2,00,00,01,37,$0225,46,722,2,
OBJECT,1651,C74E,D,9C,97,3D,0,0,4,1,0,1,2,00,00,01,38,$0226,09,722,2,
FRAME,1651,C74E,D,9C,97,3D,0,0,4,1,0,1,2,00,00,01,,,,,722,2,
RNG,1652,C535,D,9C,97,3D,0,0,4,1,1,2,2,00,00,01,C535,,,722,2,
FRAME,1652,C74E,D,82,9E,3E,0,2,2,1,1,2,2,00,00,01,,,,,722,2,
RNG,1653,C535,D,82,9E,3E,0,2,2,1,1,1,2,00,00,01,C535,,,722,2,
FRAME,1653,C74C,D,0A,86,3F,0,2,2,0,1,1,2,00,00,01,,,,,722,2,
RNG,1654,C535,D,0A,86,3F,0,2,2,0,1,1,2,00,00,01,C535,,,722,2,
C726,1654,C726,D,A7,6E,40,1,3,7,6,1,1,2,00,00,01,C726,,,723,2,
OBJECT,1654,F036,D,A7,6E,40,1,3,7,6,1,1,2,00,00,01,39,$0227,26,723,2,
FRAME,1654,F036,D,A7,6E,40,1,3,7,6,1,1,2,00,00,01,,,,,723,2,
RNG,1655,C535,D,A7,6E,40,1,3,7,6,1,1,2,00,00,01,C535,,,723,2,
C726,1655,C726,D,EC,56,41,0,0,4,5,1,1,2,00,00,01,C726,,,724,2,
C726,1655,C726,D,EC,56,41,0,0,4,5,1,1,2,00,00,01,C726,,,725,2,
C726,1655,C726,D,EC,56,41,0,0,4,5,1,1,2,00,00,01,C726,,,726,2,
C726,1655,C726,D,EC,56,41,0,0,4,5,1,1,2,00,00,01,C726,,,727,2,
C726,1655,C726,D,EC,56,41,0,0,4,5,1,1,2,00,00,01,C726,,,728,2,
C726,1655,C726,D,EC,56,41,0,0,4,5,1,1,2,00,00,01,C726,,,729,2,
C726,1655,C726,D,EC,56,41,0,0,4,5,1,1,2,00,00,01,C726,,,730,2,
OBJECT,1655,C74C,D,EC,56,41,0,0,4,5,1,1,2,00,00,01,40,$0228,5E,730,2,
OBJECT,1655,C74C,D,EC,56,41,0,0,4,5,1,1,2,00,00,01,41,$0229,45,730,2,
OBJECT,1655,C74C,D,EC,56,41,0,0,4,5,1,1,2,00,00,01,42,$022A,01,730,2,
OBJECT,1655,C74C,D,EC,56,41,0,0,4,5,1,1,2,00,00,01,43,$022B,4B,730,2,
OBJECT,1655,C74C,D,EC,56,41,0,0,4,5,1,1,2,00,00,01,44,$022C,48,730,2,
OBJECT,1655,C74C,D,EC,56,41,0,0,4,5,1,1,2,00,00,01,45,$022D,46,730,2,
OBJECT,1655,C74C,D,EC,56,41,0,0,4,5,1,1,2,00,00,01,46,$022E,09,730,2,
FRAME,1655,C74C,D,EC,56,41,0,0,4,5,1,1,2,00,00,01,,,,,730,2,
RNG,1656,C535,D,EC,56,41,0,0,4,5,1,1,2,00,00,01,C535,,,730,2,
FRAME,1656,C74E,D,EF,3E,42,1,3,7,3,1,1,2,00,00,01,,,,,730,2,
RNG,1657,C535,D,EF,3E,42,1,3,7,3,1,1,2,00,00,01,C535,,,730,2,
FRAME,1657,C74E,D,98,1E,43,0,0,0,1,1,1,2,00,00,01,,,,,730,2,
RNG,1658,C535,D,98,1E,43,0,0,0,1,1,1,2,00,00,01,C535,,,730,2,
C726,1658,C726,D,98,36,44,0,0,0,3,1,1,2,00,00,01,C726,,,731,2,
C726,1658,C726,D,98,36,44,0,0,0,3,1,1,2,00,00,01,C726,,,732,2,
OBJECT,1658,FED1,D,98,36,44,0,0,0,3,1,1,2,00,00,01,47,$022F,26,732,2,
OBJECT,1658,FED1,D,98,36,44,0,0,0,3,1,1,2,00,00,01,48,$0230,5E,732,2,
FRAME,1658,FED1,D,98,36,44,0,0,0,3,1,1,2,00,00,01,,,,,732,2,
RNG,1659,C535,D,98,36,44,0,0,0,3,1,1,2,00,00,01,C535,,,732,2,
C726,1659,C726,D,2D,06,45,1,1,5,0,1,1,2,00,00,01,C726,,,733,2,
C726,1659,C726,D,2D,06,45,1,1,5,0,1,1,2,00,00,01,C726,,,734,2,
C726,1659,C726,D,2D,06,45,1,1,5,0,1,1,2,00,00,01,C726,,,735,2,
C726,1659,C726,D,2D,06,45,1,1,5,0,1,1,2,00,00,01,C726,,,736,2,
C726,1659,C726,D,2D,06,45,1,1,5,0,1,1,2,00,00,01,C726,,,737,2,
C726,1659,C726,D,2D,06,45,1,1,5,0,1,1,2,00,00,01,C726,,,738,2,
OBJECT,1659,C74E,D,2D,06,45,1,1,5,0,1,1,2,00,00,01,49,$0231,45,738,2,
OBJECT,1659,C74E,D,2D,06,45,1,1,5,0,1,1,2,00,00,01,50,$0232,01,738,2,
OBJECT,1659,C74E,D,2D,06,45,1,1,5,0,1,1,2,00,00,01,51,$0233,4B,738,2,
OBJECT,1659,C74E,D,2D,06,45,1,1,5,0,1,1,2,00,00,01,52,$0234,48,738,2,
OBJECT,1659,C74E,D,2D,06,45,1,1,5,0,1,1,2,00,00,01,53,$0235,46,738,2,
OBJECT,1659,C74E,D,2D,06,45,1,1,5,0,1,1,2,00,00,01,54,$0236,09,738,2,
FRAME,1659,C74E,D,2D,06,45,1,1,5,0,1,1,2,00,00,01,,,,,738,2,
RNG,1660,C535,D,2D,06,45,1,1,5,0,1,1,2,00,00,01,C535,,,738,2,
FRAME,1660,C74A,D,E8,F5,46,0,0,0,7,1,1,2,00,00,01,,,,,738,2,
RNG,1661,C535,D,E8,F5,46,0,0,0,7,1,1,2,00,00,01,C535,,,738,2,
FRAME,1661,C74E,D,8D,E3,47,1,1,5,6,1,1,2,00,00,01,,,,,738,2,
RNG,1662,C535,D,8D,E3,47,1,1,5,6,1,1,2,00,00,01,C535,,,738,2,
C726,1662,C726,D,16,DA,48,0,2,6,5,1,1,2,00,00,01,C726,,,739,2,
C726,1662,C726,D,16,DA,48,0,2,6,5,1,1,2,00,00,01,C726,,,740,2,
C726,1662,C726,D,16,DA,48,0,2,6,5,1,1,2,00,00,01,C726,,,741,2,
C726,1662,C726,D,16,DA,48,0,2,6,5,1,1,2,00,00,01,C726,,,742,2,
C726,1662,C726,D,16,DA,48,0,2,6,5,1,1,2,00,00,01,C726,,,743,2,
OBJECT,1662,B24E,D,16,DA,48,0,2,6,5,1,1,2,00,00,01,55,$0237,26,743,2,
OBJECT,1662,B24E,D,16,DA,48,0,2,6,5,1,1,2,00,00,01,56,$0238,5E,743,2,
OBJECT,1662,B24E,D,16,DA,48,0,2,6,5,1,1,2,00,00,01,57,$0239,45,743,2,
OBJECT,1662,B24E,D,16,DA,48,0,2,6,5,1,1,2,00,00,01,58,$023A,01,743,2,
OBJECT,1662,B24E,D,16,DA,48,0,2,6,5,1,1,2,00,00,01,59,$023B,4B,743,2,
FRAME,1662,B24E,D,16,DA,48,0,2,6,5,1,1,2,00,00,01,,,,,743,2,
RNG,1663,C535,D,16,DA,48,0,2,6,5,1,1,2,00,00,01,C535,,,743,2,
C726,1663,C726,D,2E,DD,49,0,2,6,5,1,1,2,00,00,01,C726,,,744,2,
C726,1663,C726,D,2E,DD,49,0,2,6,5,1,1,2,00,00,01,C726,,,745,2,
C726,1663,C726,D,2E,DD,49,0,2,6,5,1,1,2,00,00,01,C726,,,746,2,
OBJECT,1663,C74C,D,2E,DD,49,0,2,6,5,1,1,2,00,00,01,60,$023C,48,746,2,
OBJECT,1663,C74C,D,2E,DD,49,0,2,6,5,1,1,2,00,00,01,61,$023D,46,746,2,
OBJECT,1663,C74C,D,2E,DD,49,0,2,6,5,1,1,2,00,00,01,62,$023E,09,746,2,
FRAME,1663,C74C,D,2E,DD,49,0,2,6,5,1,1,2,00,00,01,,,,,746,2,
RNG,1664,C535,D,2E,DD,49,0,2,6,5,1,1,2,00,00,01,C535,,,746,2,
FRAME,1664,C74C,D,97,86,4A,1,3,7,0,1,1,2,00,00,01,,,,,746,2,
RNG,1665,C535,D,97,86,4A,1,3,7,0,1,1,2,00,00,01,C535,,,746,2,
FRAME,1665,C74E,D,A7,B6,4B,1,3,7,3,1,1,2,00,00,01,,,,,746,2,
RNG,1666,C535,D,A7,B6,4B,1,3,7,3,1,1,2,00,00,01,C535,,,746,2,
C726,1666,C726,D,C7,43,4C,1,3,7,4,1,1,2,00,00,01,C726,,,747,2,
C726,1666,C726,D,C7,43,4C,1,3,7,4,1,1,2,00,00,01,C726,,,748,2,
C726,1666,C726,D,C7,43,4C,1,3,7,4,1,1,2,00,00,01,C726,,,749,2,
C726,1666,C726,D,C7,43,4C,1,3,7,4,1,1,2,00,00,01,C726,,,750,2,
C726,1666,C726,D,C7,43,4C,1,3,7,4,1,1,2,00,00,01,C726,,,751,2,
C726,1666,C726,D,C7,43,4C,1,3,7,4,1,1,2,00,00,01,C726,,,752,2,
OBJECT,1666,B223,D,C7,43,4C,1,3,7,4,1,1,2,00,00,01,0,$0200,5E,752,2,
OBJECT,1666,B223,D,C7,43,4C,1,3,7,4,1,1,2,00,00,01,1,$0201,45,752,2,
OBJECT,1666,B223,D,C7,43,4C,1,3,7,4,1,1,2,00,00,01,2,$0202,01,752,2,
OBJECT,1666,B223,D,C7,43,4C,1,3,7,4,1,1,2,00,00,01,3,$0203,4B,752,2,
OBJECT,1666,B223,D,C7,43,4C,1,3,7,4,1,1,2,00,00,01,4,$0204,48,752,2,
OBJECT,1666,B223,D,C7,43,4C,1,3,7,4,1,1,2,00,00,01,63,$023F,26,752,2,
FRAME,1666,B223,D,C7,43,4C,1,3,7,4,1,1,2,00,00,01,,,,,752,2,
RNG,1667,C535,D,C7,43,4C,1,3,7,4,1,1,2,00,00,01,C535,,,752,2,
C726,1667,C726,D,ED,83,4D,1,1,5,0,1,1,2,00,00,01,C726,,,753,2,
C726,1667,C726,D,ED,83,4D,1,1,5,0,1,1,2,00,00,01,C726,,,754,2,
OBJECT,1667,C74E,D,ED,83,4D,1,1,5,0,1,1,2,00,00,01,5,$0205,46,754,2,
OBJECT,1667,C74E,D,ED,83,4D,1,1,5,0,1,1,2,00,00,01,6,$0206,09,754,2,
FRAME,1667,C74E,D,ED,83,4D,1,1,5,0,1,1,2,00,00,01,,,,,754,2,
RNG,1668,C535,D,ED,83,4D,1,1,5,0,1,1,2,00,00,01,C535,,,754,2,
FRAME,1668,C74C,D,B4,89,4E,0,0,4,0,1,1,2,00,00,01,,,,,754,2,
RNG,1669,C535,D,B4,89,4E,0,0,4,0,1,1,2,00,00,01,C535,,,754,2,
FRAME,1669,C74E,D,58,36,4F,0,0,0,3,1,1,2,00,00,01,,,,,754,2,
RNG,1670,C535,D,58,36,4F,0,0,0,3,1,1,2,00,00,01,C535,,,754,2,
C726,1670,C726,D,E2,2D,50,0,2,2,2,1,1,2,00,00,01,C726,,,755,2,
C726,1670,C726,D,E2,2D,50,0,2,2,2,1,1,2,00,00,01,C726,,,756,2,
C726,1670,C726,D,E2,2D,50,0,2,2,2,1,1,2,00,00,01,C726,,,757,2,
C726,1670,C726,D,E2,2D,50,0,2,2,2,1,1,2,00,00,01,C726,,,758,2,
C726,1670,C726,D,E2,2D,50,0,2,2,2,1,1,2,00,00,01,C726,,,759,2,
C726,1670,C726,D,E2,2D,50,0,2,2,2,1,1,2,00,00,01,C726,,,760,2,
C726,1670,C726,D,E2,2D,50,0,2,2,2,1,1,2,00,00,01,C726,,,761,2,
OBJECT,1670,C6F1,D,E2,2D,50,0,2,2,2,1,1,2,00,00,01,7,$0207,26,761,2,
OBJECT,1670,C6F1,D,E2,2D,50,0,2,2,2,1,1,2,00,00,01,8,$0208,5E,761,2,
OBJECT,1670,C6F1,D,E2,2D,50,0,2,2,2,1,1,2,00,00,01,9,$0209,45,761,2,
OBJECT,1670,C6F1,D,E2,2D,50,0,2,2,2,1,1,2,00,00,01,10,$020A,01,761,2,
OBJECT,1670,C6F1,D,E2,2D,50,0,2,2,2,1,1,2,00,00,01,11,$020B,4B,761,2,
OBJECT,1670,C6F1,D,E2,2D,50,0,2,2,2,1,1,2,00,00,01,12,$020C,48,761,2,
OBJECT,1670,C6F1,D,E2,2D,50,0,2,2,2,1,1,2,00,00,01,13,$020D,46,761,2,
FRAME,1670,C6F1,D,E2,2D,50,0,2,2,2,1,1,2,00,00,01,,,,,761,2,
C726,1671,C726,D,E2,2D,50,0,2,2,2,0,1,2,00,00,01,C726,,,762,2,
OBJECT,1671,C74E,D,E2,2D,50,0,2,2,2,0,1,2,00,00,01,14,$020E,09,762,2,
FRAME,1671,C74E,D,E2,2D,50,0,2,2,2,0,1,2,00,00,01,,,,,762,2,
RNG,1672,C535,D,E2,2D,50,0,2,2,2,1,2,2,00,00,01,C535,,,762,2,
FRAME,1672,C74A,D,AA,30,51,0,2,2,3,1,2,2,00,00,01,,,,,762,2,
RNG,1673,C535,D,AA,30,51,0,2,2,3,1,1,2,00,00,01,C535,,,762,2,
FRAME,1673,C74C,D,72,F9,52,0,2,2,7,1,1,2,00,00,01,,,,,762,2,
RNG,1674,C535,D,72,F9,52,0,2,2,7,1,1,2,00,00,01,C535,,,762,2,
C726,1674,C726,D,3A,FB,53,0,2,2,7,1,1,2,00,00,01,C726,,,763,2,
C726,1674,C726,D,3A,FB,53,0,2,2,7,1,1,2,00,00,01,C726,,,764,2,
C726,1674,C726,D,3A,FB,53,0,2,2,7,1,1,2,00,00,01,C726,,,765,2,
C726,1674,C726,D,3A,FB,53,0,2,2,7,1,1,2,00,00,01,C726,,,766,2,
C726,1674,C726,D,3A,FB,53,0,2,2,7,1,1,2,00,00,01,C726,,,767,2,
C726,1674,C726,D,3A,FB,53,0,2,2,7,1,1,2,00,00,01,C726,,,768,2,
C726,1674,C726,D,3A,FB,53,0,2,2,7,1,1,2,00,00,01,C726,,,769,2,
C726,1674,C726,D,3A,FB,53,0,2,2,7,1,1,2,00,00,01,C726,,,770,2,
OBJECT,1674,C74C,D,3A,FB,53,0,2,2,7,1,1,2,00,00,01,15,$020F,26,770,2,
OBJECT,1674,C74C,D,3A,FB,53,0,2,2,7,1,1,2,00,00,01,16,$0210,5E,770,2,
OBJECT,1674,C74C,D,3A,FB,53,0,2,2,7,1,1,2,00,00,01,17,$0211,45,770,2,
OBJECT,1674,C74C,D,3A,FB,53,0,2,2,7,1,1,2,00,00,01,18,$0212,01,770,2,
OBJECT,1674,C74C,D,3A,FB,53,0,2,2,7,1,1,2,00,00,01,19,$0213,4B,770,2,
OBJECT,1674,C74C,D,3A,FB,53,0,2,2,7,1,1,2,00,00,01,20,$0214,48,770,2,
OBJECT,1674,C74C,D,3A,FB,53,0,2,2,7,1,1,2,00,00,01,21,$0215,46,770,2,
OBJECT,1674,C74C,D,3A,FB,53,0,2,2,7,1,1,2,00,00,01,22,$0216,09,770,2,
FRAME,1674,C74C,D,3A,FB,53,0,2,2,7,1,1,2,00,00,01,,,,,770,2,
RNG,1675,C535,D,3A,FB,53,0,2,2,7,1,1,2,00,00,01,C535,,,770,2,
FRAME,1675,C74C,D,02,CB,54,0,2,2,4,1,1,2,00,00,01,,,,,770,2,
RNG,1676,C535,D,02,CB,54,0,2,2,4,1,1,2,00,00,01,C535,,,770,2,
FRAME,1676,C74A,D,A8,DE,55,0,0,0,5,1,1,2,00,00,01,,,,,770,2,
RNG,1677,C535,D,A8,DE,55,0,0,0,5,1,1,2,00,00,01,C535,,,770,2,
FRAME,1677,C74C,D,31,FE,56,1,1,1,7,1,1,2,00,00,01,,,,,770,2,
RNG,1678,C535,D,31,FE,56,1,1,1,7,1,1,2,00,00,01,C535,,,770,2,
C726,1678,C726,D,19,7B,57,1,1,1,7,1,1,2,00,00,01,C726,,,771,2,
C726,1678,C726,D,19,7B,57,1,1,1,7,1,1,2,00,00,01,C726,,,772,2,
C726,1678,C726,D,19,7B,57,1,1,1,7,1,1,2,00,00,01,C726,,,773,2,
C726,1678,C726,D,19,7B,57,1,1,1,7,1,1,2,00,00,01,C726,,,774,2,
C726,1678,C726,D,19,7B,57,1,1,1,7,1,1,2,00,00,01,C726,,,775,2,
C726,1678,C726,D,19,7B,57,1,1,1,7,1,1,2,00,00,01,C726,,,776,2,
C726,1678,C726,D,19,7B,57,1,1,1,7,1,1,2,00,00,01,C726,,,777,2,
C726,1678,C726,D,19,7B,57,1,1,1,7,1,1,2,00,00,01,C726,,,778,2,
OBJECT,1678,C74C,D,19,7B,57,1,1,1,7,1,1,2,00,00,01,23,$0217,26,778,2,
OBJECT,1678,C74C,D,19,7B,57,1,1,1,7,1,1,2,00,00,01,24,$0218,5E,778,2,
OBJECT,1678,C74C,D,19,7B,57,1,1,1,7,1,1,2,00,00,01,25,$0219,45,778,2,
OBJECT,1678,C74C,D,19,7B,57,1,1,1,7,1,1,2,00,00,01,26,$021A,01,778,2,
OBJECT,1678,C74C,D,19,7B,57,1,1,1,7,1,1,2,00,00,01,27,$021B,4B,778,2,
OBJECT,1678,C74C,D,19,7B,57,1,1,1,7,1,1,2,00,00,01,28,$021C,48,778,2,
OBJECT,1678,C74C,D,19,7B,57,1,1,1,7,1,1,2,00,00,01,29,$021D,46,778,2,
OBJECT,1678,C74C,D,19,7B,57,1,1,1,7,1,1,2,00,00,01,30,$021E,09,778,2,
FRAME,1678,C74C,D,19,7B,57,1,1,1,7,1,1,2,00,00,01,,,,,778,2,
RNG,1679,C535,D,19,7B,57,1,1,1,7,1,1,2,00,00,01,C535,,,778,2,
FRAME,1679,C74C,D,F9,5F,58,1,1,1,5,1,1,2,00,00,01,,,,,778,2,
RNG,1680,C535,D,F9,5F,58,1,1,1,5,1,1,2,00,00,01,C535,,,778,2,
FRAME,1680,C74C,D,FC,01,59,0,0,4,0,1,1,2,00,00,01,,,,,778,2,
RNG,1681,C535,D,FC,01,59,0,0,4,0,1,1,2,00,00,01,C535,,,778,2,
C726,1681,C726,D,CC,59,5A,0,0,4,5,1,1,2,00,00,01,C726,,,779,2,
OBJECT,1681,FF13,D,CC,59,5A,0,0,4,5,1,1,2,00,00,01,31,$021F,26,779,2,
FRAME,1681,FF13,D,CC,59,5A,0,0,4,5,1,1,2,00,00,01,,,,,779,2,
RNG,1682,C535,D,CC,59,5A,0,0,4,5,1,1,2,00,00,01,C535,,,779,2,
C726,1682,C726,D,93,79,5B,1,3,3,7,1,1,2,00,00,01,C726,,,780,2,
C726,1682,C726,D,93,79,5B,1,3,3,7,1,1,2,00,00,01,C726,,,781,2,
C726,1682,C726,D,93,79,5B,1,3,3,7,1,1,2,00,00,01,C726,,,782,2,
C726,1682,C726,D,93,79,5B,1,3,3,7,1,1,2,00,00,01,C726,,,783,2,
C726,1682,C726,D,93,79,5B,1,3,3,7,1,1,2,00,00,01,C726,,,784,2,
C726,1682,C726,D,93,79,5B,1,3,3,7,1,1,2,00,00,01,C726,,,785,2,
C726,1682,C726,D,93,79,5B,1,3,3,7,1,1,2,00,00,01,C726,,,786,2,
OBJECT,1682,C74C,D,93,79,5B,1,3,3,7,1,1,2,00,00,01,32,$0220,5E,786,2,
OBJECT,1682,C74C,D,93,79,5B,1,3,3,7,1,1,2,00,00,01,33,$0221,45,786,2,
OBJECT,1682,C74C,D,93,79,5B,1,3,3,7,1,1,2,00,00,01,34,$0222,01,786,2,
OBJECT,1682,C74C,D,93,79,5B,1,3,3,7,1,1,2,00,00,01,35,$0223,4B,786,2,
OBJECT,1682,C74C,D,93,79,5B,1,3,3,7,1,1,2,00,00,01,36,$0224,48,786,2,
OBJECT,1682,C74C,D,93,79,5B,1,3,3,7,1,1,2,00,00,01,37,$0225,46,786,2,
OBJECT,1682,C74C,D,93,79,5B,1,3,3,7,1,1,2,00,00,01,38,$0226,09,786,2,
FRAME,1682,C74C,D,93,79,5B,1,3,3,7,1,1,2,00,00,01,,,,,786,2,
RNG,1683,C535,D,93,79,5B,1,3,3,7,1,1,2,00,00,01,C535,,,786,2,
FRAME,1683,C74C,D,F3,97,5C,1,3,3,1,1,1,2,00,00,01,,,,,786,2,
RNG,1684,C535,D,F3,97,5C,1,3,3,1,1,1,2,00,00,01,C535,,,786,2,
FRAME,1684,C74C,D,95,79,5D,1,1,5,7,1,1,2,00,00,01,,,,,786,2,
RNG,1685,C535,D,95,79,5D,1,1,5,7,1,1,2,00,00,01,C535,,,786,2,
C726,1685,C726,D,95,C5,5E,1,1,5,4,1,1,2,00,00,01,C726,,,787,2,
C726,1685,C726,D,95,C5,5E,1,1,5,4,1,1,2,00,00,01,C726,,,788,2,
C726,1685,C726,D,95,C5,5E,1,1,5,4,1,1,2,00,00,01,C726,,,789,2,
C726,1685,C726,D,95,C5,5E,1,1,5,4,1,1,2,00,00,01,C726,,,790,2,
C726,1685,C726,D,95,C5,5E,1,1,5,4,1,1,2,00,00,01,C726,,,791,2,
OBJECT,1685,B220,D,95,C5,5E,1,1,5,4,1,1,2,00,00,01,39,$0227,26,791,2,
OBJECT,1685,B220,D,95,C5,5E,1,1,5,4,1,1,2,00,00,01,40,$0228,5E,791,2,
OBJECT,1685,B220,D,95,C5,5E,1,1,5,4,1,1,2,00,00,01,41,$0229,45,791,2,
OBJECT,1685,B220,D,95,C5,5E,1,1,5,4,1,1,2,00,00,01,42,$022A,01,791,2,
OBJECT,1685,B220,D,95,C5,5E,1,1,5,4,1,1,2,00,00,01,43,$022B,4B,791,2,
FRAME,1685,B220,D,95,C5,5E,1,1,5,4,1,1,2,00,00,01,,,,,791,2,
RNG,1686,C535,D,95,C5,5E,1,1,5,4,1,1,2,00,00,01,C535,,,791,2,
C726,1686,C726,D,32,89,5F,0,2,2,0,1,1,2,00,00,01,C726,,,792,2,
C726,1686,C726,D,32,89,5F,0,2,2,0,1,1,2,00,00,01,C726,,,793,2,
C726,1686,C726,D,32,89,5F,0,2,2,0,1,1,2,00,00,01,C726,,,794,2,
OBJECT,1686,C74E,D,32,89,5F,0,2,2,0,1,1,2,00,00,01,44,$022C,48,794,2,
OBJECT,1686,C74E,D,32,89,5F,0,2,2,0,1,1,2,00,00,01,45,$022D,46,794,2,
OBJECT,1686,C74E,D,32,89,5F,0,2,2,0,1,1,2,00,00,01,46,$022E,09,794,2,
FRAME,1686,C74E,D,32,89,5F,0,2,2,0,1,1,2,00,00,01,,,,,794,2,
RNG,1687,C535,D,32,89,5F,0,2,2,0,1,1,2,00,00,01,C535,,,794,2,
FRAME,1687,C74C,D,E4,1E,60,0,0,4,1,1,1,2,00,00,01,,,,,794,2,
RNG,1688,C535,D,E4,1E,60,0,0,4,1,1,1,2,00,00,01,C535,,,794,2,
FRAME,1688,C74E,D,EB,4A,61,1,3,3,4,1,1,2,00,00,01,,,,,794,2,
RNG,1689,C535,D,EB,4A,61,1,3,3,4,1,1,2,00,00,01,C535,,,794,2,
C726,1689,C726,D,D3,22,62,1,3,3,2,1,1,2,00,00,01,C726,,,795,2,
C726,1689,C726,D,D3,22,62,1,3,3,2,1,1,2,00,00,01,C726,,,796,2,
C726,1689,C726,D,D3,22,62,1,3,3,2,1,1,2,00,00,01,C726,,,797,2,
C726,1689,C726,D,D3,22,62,1,3,3,2,1,1,2,00,00,01,C726,,,798,2,
C726,1689,C726,D,D3,22,62,1,3,3,2,1,1,2,00,00,01,C726,,,799,2,
C726,1689,C726,D,D3,22,62,1,3,3,2,1,1,2,00,00,01,C726,,,800,2,
OBJECT,1689,C309,D,D3,22,62,1,3,3,2,1,1,2,00,00,01,47,$022F,26,800,2,
OBJECT,1689,C309,D,D3,22,62,1,3,3,2,1,1,2,00,00,01,48,$0230,5E,800,2,
OBJECT,1689,C309,D,D3,22,62,1,3,3,2,1,1,2,00,00,01,49,$0231,45,800,2,
OBJECT,1689,C309,D,D3,22,62,1,3,3,2,1,1,2,00,00,01,50,$0232,01,800,2,
OBJECT,1689,C309,D,D3,22,62,1,3,3,2,1,1,2,00,00,01,51,$0233,4B,800,2,
OBJECT,1689,C309,D,D3,22,62,1,3,3,2,1,1,2,00,00,01,52,$0234,48,800,2,
FRAME,1689,C309,D,D3,22,62,1,3,3,2,1,1,2,00,00,01,,,,,800,2,
C726,1690,C726,D,D3,22,62,1,3,3,2,0,1,2,00,00,01,C726,,,801,2,
C726,1690,C726,D,D3,22,62,1,3,3,2,0,1,2,00,00,01,C726,,,802,2,
OBJECT,1690,C74E,D,D3,22,62,1,3,3,2,0,1,2,00,00,01,53,$0235,46,802,2,
OBJECT,1690,C74E,D,D3,22,62,1,3,3,2,0,1,2,00,00,01,54,$0236,09,802,2,
FRAME,1690,C74E,D,D3,22,62,1,3,3,2,0,1,2,00,00,01,,,,,802,2,
RNG,1691,C535,D,D3,22,62,1,3,3,2,1,2,2,00,00,01,C535,,,802,2,
FRAME,1691,C74A,D,BB,21,63,1,3,3,2,1,2,2,00,00,01,,,,,802,2,
RNG,1692,C535,D,BB,21,63,1,3,3,2,1,1,2,00,00,01,C535,,,802,2,
FRAME,1692,C74C,D,A3,11,64,1,3,3,1,1,1,2,00,00,01,,,,,802,2,
RNG,1693,C535,D,A3,11,64,1,3,3,1,1,1,2,00,00,01,C535,,,802,2,
C726,1693,C726,D,8B,14,65,1,3,3,1,1,1,2,00,00,01,C726,,,803,2,
C726,1693,C726,D,8B,14,65,1,3,3,1,1,1,2,00,00,01,C726,,,804,2,
C726,1693,C726,D,8B,14,65,1,3,3,1,1,1,2,00,00,01,C726,,,805,2,
C726,1693,C726,D,8B,14,65,1,3,3,1,1,1,2,00,00,01,C726,,,806,2,
C726,1693,C726,D,8B,14,65,1,3,3,1,1,1,2,00,00,01,C726,,,807,2,
C726,1693,C726,D,8B,14,65,1,3,3,1,1,1,2,00,00,01,C726,,,808,2,
C726,1693,C726,D,8B,14,65,1,3,3,1,1,1,2,00,00,01,C726,,,809,2,
C726,1693,C726,D,8B,14,65,1,3,3,1,1,1,2,00,00,01,C726,,,810,2,
OBJECT,1693,C74A,D,8B,14,65,1,3,3,1,1,1,2,00,00,01,55,$0237,26,810,2,
OBJECT,1693,C74A,D,8B,14,65,1,3,3,1,1,1,2,00,00,01,56,$0238,5E,810,2,
OBJECT,1693,C74A,D,8B,14,65,1,3,3,1,1,1,2,00,00,01,57,$0239,45,810,2,
OBJECT,1693,C74A,D,8B,14,65,1,3,3,1,1,1,2,00,00,01,58,$023A,01,810,2,
OBJECT,1693,C74A,D,8B,14,65,1,3,3,1,1,1,2,00,00,01,59,$023B,4B,810,2,
OBJECT,1693,C74A,D,8B,14,65,1,3,3,1,1,1,2,00,00,01,60,$023C,48,810,2,
OBJECT,1693,C74A,D,8B,14,65,1,3,3,1,1,1,2,00,00,01,61,$023D,46,810,2,
OBJECT,1693,C74A,D,8B,14,65,1,3,3,1,1,1,2,00,00,01,62,$023E,09,810,2,
FRAME,1693,C74A,D,8B,14,65,1,3,3,1,1,1,2,00,00,01,,,,,810,2,
RNG,1694,C535,D,8B,14,65,1,3,3,1,1,1,2,00,00,01,C535,,,810,2,
FRAME,1694,C74A,D,6B,34,66,1,3,3,3,1,1,2,00,00,01,,,,,810,2,
RNG,1695,C535,D,6B,34,66,1,3,3,3,1,1,2,00,00,01,C535,,,810,2,
FRAME,1695,C74C,D,83,1B,67,1,3,3,1,1,1,2,00,00,01,,,,,810,2,
RNG,1696,C535,D,83,1B,67,1,3,3,1,1,1,2,00,00,01,C535,,,810,2,
FRAME,1696,C74C,D,53,FE,68,1,3,3,7,1,1,2,00,00,01,,,,,810,2,
RNG,1697,C535,D,53,FE,68,1,3,3,7,1,1,2,00,00,01,C535,,,810,2,
C726,1697,C726,D,48,EC,69,0,0,0,6,1,1,2,00,00,01,C726,,,811,2,
C726,1697,C726,D,48,EC,69,0,0,0,6,1,1,2,00,00,01,C726,,,812,2,
C726,1697,C726,D,48,EC,69,0,0,0,6,1,1,2,00,00,01,C726,,,813,2,
C726,1697,C726,D,48,EC,69,0,0,0,6,1,1,2,00,00,01,C726,,,814,2,
C726,1697,C726,D,48,EC,69,0,0,0,6,1,1,2,00,00,01,C726,,,815,2,
C726,1697,C726,D,48,EC,69,0,0,0,6,1,1,2,00,00,01,C726,,,816,2,
C726,1697,C726,D,48,EC,69,0,0,0,6,1,1,2,00,00,01,C726,,,817,2,
C726,1697,C726,D,48,EC,69,0,0,0,6,1,1,2,00,00,01,C726,,,818,2,
OBJECT,1697,C74A,D,48,EC,69,0,0,0,6,1,1,2,00,00,01,0,$0200,5E,818,2,
OBJECT,1697,C74A,D,48,EC,69,0,0,0,6,1,1,2,00,00,01,1,$0201,45,818,2,
OBJECT,1697,C74A,D,48,EC,69,0,0,0,6,1,1,2,00,00,01,2,$0202,01,818,2,
OBJECT,1697,C74A,D,48,EC,69,0,0,0,6,1,1,2,00,00,01,3,$0203,4B,818,2,
OBJECT,1697,C74A,D,48,EC,69,0,0,0,6,1,1,2,00,00,01,4,$0204,48,818,2,
OBJECT,1697,C74A,D,48,EC,69,0,0,0,6,1,1,2,00,00,01,5,$0205,46,818,2,
OBJECT,1697,C74A,D,48,EC,69,0,0,0,6,1,1,2,00,00,01,6,$0206,09,818,2,
OBJECT,1697,C74A,D,48,EC,69,0,0,0,6,1,1,2,00,00,01,63,$023F,26,818,2,
FRAME,1697,C74A,D,48,EC,69,0,0,0,6,1,1,2,00,00,01,,,,,818,2,
RNG,1698,C535,D,48,EC,69,0,0,0,6,1,1,2,00,00,01,C535,,,818,2,
FRAME,1698,C74A,D,A8,E0,6A,0,0,0,6,1,1,2,00,00,01,,,,,818,2,
RNG,1699,C535,D,A8,E0,6A,0,0,0,6,1,1,2,00,00,01,C535,,,818,2,
FRAME,1699,C74C,D,2D,E3,6B,1,1,5,6,1,1,2,00,00,01,,,,,818,2,
RNG,1700,C535,D,2D,E3,6B,1,1,5,6,1,1,2,00,00,01,C535,,,818,2,
C726,1700,C726,D,B3,90,6C,1,3,3,1,1,1,2,00,00,01,C726,,,819,2,
C726,1700,C726,D,B3,90,6C,1,3,3,1,1,1,2,00,00,01,C726,,,820,2,
OBJECT,1700,B2A4,D,B3,90,6C,1,3,3,1,1,1,2,00,00,01,7,$0207,26,820,2,
OBJECT,1700,B2A4,D,B3,90,6C,1,3,3,1,1,1,2,00,00,01,8,$0208,5E,820,2,
FRAME,1700,B2A4,D,B3,90,6C,1,3,3,1,1,1,2,00,00,01,,,,,820,2,
RNG,1701,C535,D,B3,90,6C,1,3,3,1,1,1,2,00,00,01,C535,,,820,2,
C726,1701,C726,D,BD,84,6D,1,1,5,0,1,1,2,00,00,01,C726,,,821,2,
C726,1701,C726,D,BD,84,6D,1,1,5,0,1,1,2,00,00,01,C726,,,822,2,
C726,1701,C726,D,BD,84,6D,1,1,5,0,1,1,2,00,00,01,C726,,,823,2,
C726,1701,C726,D,BD,84,6D,1,1,5,0,1,1,2,00,00,01,C726,,,824,2,
C726,1701,C726,D,BD,84,6D,1,1,5,0,1,1,2,00,00,01,C726,,,825,2,
OBJECT,1701,C74C,D,BD,84,6D,1,1,5,0,1,1,2,00,00,01,9,$0209,45,825,2,
OBJECT,1701,C74C,D,BD,84,6D,1,1,5,0,1,1,2,00,00,01,10,$020A,01,825,2,
OBJECT,1701,C74C,D,BD,84,6D,1,1,5,0,1,1,2,00,00,01,11,$020B,4B,825,2,
OBJECT,1701,C74C,D,BD,84,6D,1,1,5,0,1,1,2,00,00,01,12,$020C,48,825,2,
OBJECT,1701,C74C,D,BD,84,6D,1,1,5,0,1,1,2,00,00,01,13,$020D,09,825,2,
FRAME,1701,C74C,D,BD,84,6D,1,1,5,0,1,1,2,00,00,01,,,,,825,2,
RNG,1702,C535,D,BD,84,6D,1,1,5,0,1,1,2,00,00,01,C535,,,825,2,
FRAME,1702,C74A,D,C7,87,6E,1,3,7,0,1,1,2,00,00,01,,,,,825,2,
RNG,1703,C535,D,C7,87,6E,1,3,7,0,1,1,2,00,00,01,C535,,,825,2,
FRAME,1703,C74E,D,DF,50,6F,1,3,7,5,1,1,2,00,00,01,,,,,825,2,
RNG,1704,C535,D,DF,50,6F,1,3,7,5,1,1,2,00,00,01,C535,,,825,2,
C726,1704,C726,D,44,57,70,0,0,4,5,1,1,2,00,00,01,C726,,,826,2,
OBJECT,1704,E037,D,44,57,70,0,0,4,5,1,1,2,00,00,01,14,$020E,26,826,2,
FRAME,1704,E037,D,44,57,70,0,0,4,5,1,1,2,00,00,01,,,,,826,2,
RNG,1705,C535,D,44,57,70,0,0,4,5,1,1,2,00,00,01,C535,,,826,2,
C726,1705,C726,D,CA,27,71,0,2,2,2,1,1,2,00,00,01,C726,,,827,2,
C726,1705,C726,D,CA,27,71,0,2,2,2,1,1,2,00,00,01,C726,,,828,2,
C726,1705,C726,D,CA,27,71,0,2,2,2,1,1,2,00,00,01,C726,,,829,2,
C726,1705,C726,D,CA,27,71,0,2,2,2,1,1,2,00,00,01,C726,,,830,2,
C726,1705,C726,D,CA,27,71,0,2,2,2,1,1,2,00,00,01,C726,,,831,2,
C726,1705,C726,D,CA,27,71,0,2,2,2,1,1,2,00,00,01,C726,,,832,2,
OBJECT,1705,C74C,D,CA,27,71,0,2,2,2,1,1,2,00,00,01,15,$020F,5E,832,2,
OBJECT,1705,C74C,D,CA,27,71,0,2,2,2,1,1,2,00,00,01,16,$0210,45,832,2,
OBJECT,1705,C74C,D,CA,27,71,0,2,2,2,1,1,2,00,00,01,17,$0211,01,832,2,
OBJECT,1705,C74C,D,CA,27,71,0,2,2,2,1,1,2,00,00,01,18,$0212,4B,832,2,
OBJECT,1705,C74C,D,CA,27,71,0,2,2,2,1,1,2,00,00,01,19,$0213,48,832,2,
OBJECT,1705,C74C,D,CA,27,71,0,2,2,2,1,1,2,00,00,01,20,$0214,09,832,2,
FRAME,1705,C74C,D,CA,27,71,0,2,2,2,1,1,2,00,00,01,,,,,832,2,
RNG,1706,C535,D,CA,27,71,0,2,2,2,1,1,2,00,00,01,C535,,,832,2,
FRAME,1706,C74A,D,2F,33,72,1,3,7,3,1,1,2,00,00,01,,,,,832,2,
RNG,1707,C535,D,2F,33,72,1,3,7,3,1,1,2,00,00,01,C535,,,832,2,
FRAME,1707,C74A,D,B5,DC,73,1,1,5,5,1,1,2,00,00,01,,,,,832,2,
RNG,1708,C535,D,B5,DC,73,1,1,5,5,1,1,2,00,00,01,C535,,,832,2,
C726,1708,C726,D,5F,DC,74,1,3,7,5,1,1,2,00,00,01,C726,,,833,2,
OBJECT,1708,E060,D,5F,DC,74,1,3,7,5,1,1,2,00,00,01,21,$0215,26,833,2,
FRAME,1708,E060,D,5F,DC,74,1,3,7,5,1,1,2,00,00,01,,,,,833,2,
RNG,1709,C535,D,5F,DC,74,1,3,7,5,1,1,2,00,00,01,C535,,,833,2,
C726,1709,C726,D,0C,69,75,0,0,4,6,1,1,2,00,00,01,C726,,,834,2,
C726,1709,C726,D,0C,69,75,0,0,4,6,1,1,2,00,00,01,C726,,,835,2,
C726,1709,C726,D,0C,69,75,0,0,4,6,1,1,2,00,00,01,C726,,,836,2,
C726,1709,C726,D,0C,69,75,0,0,4,6,1,1,2,00,00,01,C726,,,837,2,
C726,1709,C726,D,0C,69,75,0,0,4,6,1,1,2,00,00,01,C726,,,838,2,
C726,1709,C726,D,0C,69,75,0,0,4,6,1,1,2,00,00,01,C726,,,839,2,
OBJECT,1709,C74E,D,0C,69,75,0,0,4,6,1,1,2,00,00,01,22,$0216,5E,839,2,
OBJECT,1709,C74E,D,0C,69,75,0,0,4,6,1,1,2,00,00,01,23,$0217,45,839,2,
OBJECT,1709,C74E,D,0C,69,75,0,0,4,6,1,1,2,00,00,01,24,$0218,01,839,2,
OBJECT,1709,C74E,D,0C,69,75,0,0,4,6,1,1,2,00,00,01,25,$0219,4B,839,2,
OBJECT,1709,C74E,D,0C,69,75,0,0,4,6,1,1,2,00,00,01,26,$021A,48,839,2,
OBJECT,1709,C74E,D,0C,69,75,0,0,4,6,1,1,2,00,00,01,27,$021B,09,839,2,
FRAME,1709,C74E,D,0C,69,75,0,0,4,6,1,1,2,00,00,01,,,,,839,2,
RNG,1710,C535,D,0C,69,75,0,0,4,6,1,1,2,00,00,01,C535,,,839,2,
FRAME,1710,C74A,D,17,5D,76,1,3,7,5,1,1,2,00,00,01,,,,,839,2,
RNG,1711,C535,D,17,5D,76,1,3,7,5,1,1,2,00,00,01,C535,,,839,2,
FRAME,1711,C752,D,1A,60,77,0,2,2,6,1,1,2,00,00,01,,,,,839,2,
RNG,1712,C535,D,1A,60,77,0,2,2,6,1,1,2,00,00,01,C535,,,839,2,
FRAME,1712,C74C,D,A7,05,78,1,3,7,0,1,1,2,00,00,01,,,,,839,2,
RNG,1713,C535,D,A7,05,78,1,3,7,0,1,1,2,00,00,01,C535,,,839,2,
C726,1713,C726,D,57,E4,79,1,3,7,6,1,1,2,00,00,01,C726,,,840,2,
C726,1713,C726,D,57,E4,79,1,3,7,6,1,1,2,00,00,01,C726,,,841,2,
C726,1713,C726,D,57,E4,79,1,3,7,6,1,1,2,00,00,01,C726,,,842,2,
C726,1713,C726,D,57,E4,79,1,3,7,6,1,1,2,00,00,01,C726,,,843,2,
C726,1713,C726,D,57,E4,79,1,3,7,6,1,1,2,00,00,01,C726,,,844,2,
C726,1713,C726,D,57,E4,79,1,3,7,6,1,1,2,00,00,01,C726,,,845,2,
C726,1713,C726,D,57,E4,79,1,3,7,6,1,1,2,00,00,01,C726,,,846,2,
OBJECT,1713,C74E,D,57,E4,79,1,3,7,6,1,1,2,00,00,01,28,$021C,26,846,2,
OBJECT,1713,C74E,D,57,E4,79,1,3,7,6,1,1,2,00,00,01,29,$021D,5E,846,2,
OBJECT,1713,C74E,D,57,E4,79,1,3,7,6,1,1,2,00,00,01,30,$021E,45,846,2,
OBJECT,1713,C74E,D,57,E4,79,1,3,7,6,1,1,2,00,00,01,31,$021F,01,846,2,
OBJECT,1713,C74E,D,57,E4,79,1,3,7,6,1,1,2,00,00,01,32,$0220,4B,846,2,
OBJECT,1713,C74E,D,57,E4,79,1,3,7,6,1,1,2,00,00,01,33,$0221,48,846,2,
OBJECT,1713,C74E,D,57,E4,79,1,3,7,6,1,1,2,00,00,01,34,$0222,09,846,2,
FRAME,1713,C74E,D,57,E4,79,1,3,7,6,1,1,2,00,00,01,,,,,846,2,
RNG,1714,C535,D,57,E4,79,1,3,7,6,1,1,2,00,00,01,C535,,,846,2,
FRAME,1714,C74E,D,5E,0D,7A,0,2,6,0,1,1,2,00,00,01,,,,,846,2,
RNG,1715,C535,D,5E,0D,7A,0,2,6,0,1,1,2,00,00,01,C535,,,846,2,
FRAME,1715,C74A,D,EB,0E,7B,1,3,3,0,1,1,2,00,00,01,,,,,846,2,
RNG,1716,C535,D,EB,0E,7B,1,3,3,0,1,1,2,00,00,01,C535,,,846,2,
FRAME,1716,C74A,D,9F,9B,7C,1,3,7,1,1,1,2,00,00,01,,,,,846,2,
RNG,1717,C535,D,9F,9B,7C,1,3,7,1,1,1,2,00,00,01,C535,,,846,2,
C726,1717,C726,D,A6,90,7D,0,2,6,1,1,1,2,00,00,01,C726,,,847,2,
C726,1717,C726,D,A6,90,7D,0,2,6,1,1,1,2,00,00,01,C726,,,848,2,
C726,1717,C726,D,A6,90,7D,0,2,6,1,1,1,2,00,00,01,C726,,,849,2,
C726,1717,C726,D,A6,90,7D,0,2,6,1,1,1,2,00,00,01,C726,,,850,2,
C726,1717,C726,D,A6,90,7D,0,2,6,1,1,1,2,00,00,01,C726,,,851,2,
C726,1717,C726,D,A6,90,7D,0,2,6,1,1,1,2,00,00,01,C726,,,852,2,
C726,1717,C726,D,A6,90,7D,0,2,6,1,1,1,2,00,00,01,C726,,,853,2,
OBJECT,1717,C74A,D,A6,90,7D,0,2,6,1,1,1,2,00,00,01,35,$0223,26,853,2,
OBJECT,1717,C74A,D,A6,90,7D,0,2,6,1,1,1,2,00,00,01,36,$0224,5E,853,2,
OBJECT,1717,C74A,D,A6,90,7D,0,2,6,1,1,1,2,00,00,01,37,$0225,45,853,2,
OBJECT,1717,C74A,D,A6,90,7D,0,2,6,1,1,1,2,00,00,01,38,$0226,01,853,2,
OBJECT,1717,C74A,D,A6,90,7D,0,2,6,1,1,1,2,00,00,01,39,$0227,4B,853,2,
OBJECT,1717,C74A,D,A6,90,7D,0,2,6,1,1,1,2,00,00,01,40,$0228,48,853,2,
OBJECT,1717,C74A,D,A6,90,7D,0,2,6,1,1,1,2,00,00,01,41,$0229,09,853,2,
FRAME,1717,C74A,D,A6,90,7D,0,2,6,1,1,1,2,00,00,01,,,,,853,2,
RNG,1718,C535,D,A6,90,7D,0,2,6,1,1,1,2,00,00,01,C535,,,853,2,
FRAME,1718,C74A,D,BE,93,7E,0,2,6,1,1,1,2,00,00,01,,,,,853,2,
RNG,1719,C535,D,BE,93,7E,0,2,6,1,1,1,2,00,00,01,C535,,,853,2,
FRAME,1719,C74C,D,27,40,7F,1,3,7,4,1,1,2,00,00,01,,,,,853,2,
RNG,1720,C535,D,27,40,7F,1,3,7,4,1,1,2,00,00,01,C535,,,853,2,
FRAME,1720,C74C,D,2F,35,80,1,3,7,3,1,1,2,00,00,01,,,,,853,2,
RNG,1721,C535,D,2F,35,80,1,3,7,3,1,1,2,00,00,01,C535,,,853,2,
C726,1721,C726,D,BC,38,81,0,0,4,3,1,1,2,00,00,01,C726,,,854,2,
C726,1721,C726,D,BC,38,81,0,0,4,3,1,1,2,00,00,01,C726,,,855,2,
C726,1721,C726,D,BC,38,81,0,0,4,3,1,1,2,00,00,01,C726,,,856,2,
C726,1721,C726,D,BC,38,81,0,0,4,3,1,1,2,00,00,01,C726,,,857,2,
C726,1721,C726,D,BC,38,81,0,0,4,3,1,1,2,00,00,01,C726,,,858,2,
C726,1721,C726,D,BC,38,81,0,0,4,3,1,1,2,00,00,01,C726,,,859,2,
C726,1721,C726,D,BC,38,81,0,0,4,3,1,1,2,00,00,01,C726,,,860,2,
OBJECT,1721,C74C,D,BC,38,81,0,0,4,3,1,1,2,00,00,01,42,$022A,26,860,2,
OBJECT,1721,C74C,D,BC,38,81,0,0,4,3,1,1,2,00,00,01,43,$022B,5E,860,2,
OBJECT,1721,C74C,D,BC,38,81,0,0,4,3,1,1,2,00,00,01,44,$022C,45,860,2,
OBJECT,1721,C74C,D,BC,38,81,0,0,4,3,1,1,2,00,00,01,45,$022D,01,860,2,
OBJECT,1721,C74C,D,BC,38,81,0,0,4,3,1,1,2,00,00,01,46,$022E,4B,860,2,
OBJECT,1721,C74C,D,BC,38,81,0,0,4,3,1,1,2,00,00,01,47,$022F,48,860,2,
OBJECT,1721,C74C,D,BC,38,81,0,0,4,3,1,1,2,00,00,01,48,$0230,09,860,2,
FRAME,1721,C74C,D,BC,38,81,0,0,4,3,1,1,2,00,00,01,,,,,860,2,
RNG,1722,C535,D,BC,38,81,0,0,4,3,1,1,2,00,00,01,C535,,,860,2,
FRAME,1722,C74E,D,74,28,82,0,0,4,2,1,1,2,00,00,01,,,,,860,2,
RNG,1723,C535,D,74,28,82,0,0,4,2,1,1,2,00,00,01,C535,,,860,2,
FRAME,1723,C74A,D,7B,2B,83,1,3,3,2,1,1,2,00,00,01,,,,,860,2,
RNG,1724,C535,D,7B,2B,83,1,3,3,2,1,1,2,00,00,01,C535,,,860,2,
FRAME,1724,C74A,D,08,77,84,0,0,0,7,1,1,2,00,00,01,,,,,860,2,
RNG,1725,C535,D,08,77,84,0,0,0,7,1,1,2,00,00,01,C535,,,860,2,
C726,1725,C726,D,C4,25,85,0,0,4,2,1,1,2,00,00,01,C726,,,861,2,
C726,1725,C726,D,C4,25,85,0,0,4,2,1,1,2,00,00,01,C726,,,862,2,
C726,1725,C726,D,C4,25,85,0,0,4,2,1,1,2,00,00,01,C726,,,863,2,
C726,1725,C726,D,C4,25,85,0,0,4,2,1,1,2,00,00,01,C726,,,864,2,
C726,1725,C726,D,C4,25,85,0,0,4,2,1,1,2,00,00,01,C726,,,865,2,
C726,1725,C726,D,C4,25,85,0,0,4,2,1,1,2,00,00,01,C726,,,866,2,
OBJECT,1725,B311,D,C4,25,85,0,0,4,2,1,1,2,00,00,01,49,$0231,26,866,2,
OBJECT,1725,B311,D,C4,25,85,0,0,4,2,1,1,2,00,00,01,50,$0232,5E,866,2,
OBJECT,1725,B311,D,C4,25,85,0,0,4,2,1,1,2,00,00,01,51,$0233,45,866,2,
OBJECT,1725,B311,D,C4,25,85,0,0,4,2,1,1,2,00,00,01,52,$0234,01,866,2,
OBJECT,1725,B311,D,C4,25,85,0,0,4,2,1,1,2,00,00,01,53,$0235,4B,866,2,
OBJECT,1725,B311,D,C4,25,85,0,0,4,2,1,1,2,00,00,01,54,$0236,48,866,2,
FRAME,1725,B311,D,C4,25,85,0,0,4,2,1,1,2,00,00,01,,,,,866,2,
RNG,1726,C535,D,C4,25,85,0,0,4,2,1,1,2,00,00,01,C535,,,866,2,
C726,1726,C726,D,CB,BA,86,1,3,3,3,1,1,2,00,00,01,C726,,,867,2,
OBJECT,1726,C74C,D,CB,BA,86,1,3,3,3,1,1,2,00,00,01,55,$0237,09,867,2,
FRAME,1726,C74C,D,CB,BA,86,1,3,3,3,1,1,2,00,00,01,,,,,867,2,
RNG,1727,C535,D,CB,BA,86,1,3,3,3,1,1,2,00,00,01,C535,,,867,2,
FRAME,1727,C74C,D,E3,5C,87,1,3,3,5,1,1,2,00,00,01,,,,,867,2,
RNG,1728,C535,D,E3,5C,87,1,3,3,5,1,1,2,00,00,01,C535,,,867,2,
FRAME,1728,C74C,D,4C,5C,88,0,0,4,5,1,1,2,00,00,01,,,,,867,2,
RNG,1729,C535,D,4C,5C,88,0,0,4,5,1,1,2,00,00,01,C535,,,867,2,
C726,1729,C726,D,54,19,89,0,0,4,1,1,1,2,00,00,01,C726,,,868,2,
C726,1729,C726,D,54,19,89,0,0,4,1,1,1,2,00,00,01,C726,,,869,2,
C726,1729,C726,D,54,19,89,0,0,4,1,1,1,2,00,00,01,C726,,,870,2,
C726,1729,C726,D,54,19,89,0,0,4,1,1,1,2,00,00,01,C726,,,871,2,
C726,1729,C726,D,54,19,89,0,0,4,1,1,1,2,00,00,01,C726,,,872,2,
OBJECT,1729,B223,D,54,19,89,0,0,4,1,1,1,2,00,00,01,56,$0238,26,872,2,
OBJECT,1729,B223,D,54,19,89,0,0,4,1,1,1,2,00,00,01,57,$0239,5E,872,2,
OBJECT,1729,B223,D,54,19,89,0,0,4,1,1,1,2,00,00,01,58,$023A,45,872,2,
OBJECT,1729,B223,D,54,19,89,0,0,4,1,1,1,2,00,00,01,59,$023B,01,872,2,
OBJECT,1729,B223,D,54,19,89,0,0,4,1,1,1,2,00,00,01,60,$023C,4B,872,2,
FRAME,1729,B223,D,54,19,89,0,0,4,1,1,1,2,00,00,01,,,,,872,2,
RNG,1730,C535,D,54,19,89,0,0,4,1,1,1,2,00,00,01,C535,,,872,2,
C726,1730,C726,D,E1,E4,8A,1,1,1,6,1,1,2,00,00,01,C726,,,873,2,
C726,1730,C726,D,E1,E4,8A,1,1,1,6,1,1,2,00,00,01,C726,,,874,2,
OBJECT,1730,C74C,D,E1,E4,8A,1,1,1,6,1,1,2,00,00,01,61,$023D,48,874,2,
OBJECT,1730,C74C,D,E1,E4,8A,1,1,1,6,1,1,2,00,00,01,62,$023E,09,874,2,
FRAME,1730,C74C,D,E1,E4,8A,1,1,1,6,1,1,2,00,00,01,,,,,874,2,
RNG,1731,C535,D,E1,E4,8A,1,1,1,6,1,1,2,00,00,01,C535,,,874,2,
FRAME,1731,C74E,D,A1,EB,8B,1,1,1,6,1,1,2,00,00,01,,,,,874,2,
RNG,1732,C535,D,A1,EB,8B,1,1,1,6,1,1,2,00,00,01,C535,,,874,2,
FRAME,1732,C74E,D,A8,03,8C,0,0,0,0,1,1,2,00,00,01,,,,,874,2,
RNG,1733,C535,D,A8,03,8C,0,0,0,0,1,1,2,00,00,01,C535,,,874,2,
C726,1733,C726,D,35,6C,8D,1,1,5,6,1,1,2,00,00,01,C726,,,875,2,
C726,1733,C726,D,35,6C,8D,1,1,5,6,1,1,2,00,00,01,C726,,,876,2,
C726,1733,C726,D,35,6C,8D,1,1,5,6,1,1,2,00,00,01,C726,,,877,2,
C726,1733,C726,D,35,6C,8D,1,1,5,6,1,1,2,00,00,01,C726,,,878,2,
OBJECT,1733,C70A,D,35,6C,8D,1,1,5,6,1,1,2,00,00,01,0,$0200,5E,878,2,
OBJECT,1733,C70A,D,35,6C,8D,1,1,5,6,1,1,2,00,00,01,1,$0201,45,878,2,
OBJECT,1733,C70A,D,35,6C,8D,1,1,5,6,1,1,2,00,00,01,2,$0202,01,878,2,
OBJECT,1733,C70A,D,35,6C,8D,1,1,5,6,1,1,2,00,00,01,63,$023F,26,878,2,
FRAME,1733,C70A,D,35,6C,8D,1,1,5,6,1,1,2,00,00,01,,,,,878,2,
C726,1734,C726,D,35,6C,8D,1,1,5,6,0,1,2,00,00,01,C726,,,879,2,
C726,1734,C726,D,35,6C,8D,1,1,5,6,0,1,2,00,00,01,C726,,,880,2,
C726,1734,C726,D,35,6C,8D,1,1,5,6,0,1,2,00,00,01,C726,,,881,2,
OBJECT,1734,C74E,D,35,6C,8D,1,1,5,6,0,1,2,00,00,01,3,$0203,4B,881,2,
OBJECT,1734,C74E,D,35,6C,8D,1,1,5,6,0,1,2,00,00,01,4,$0204,48,881,2,
OBJECT,1734,C74E,D,35,6C,8D,1,1,5,6,0,1,2,00,00,01,5,$0205,09,881,2,
FRAME,1734,C74E,D,35,6C,8D,1,1,5,6,0,1,2,00,00,01,,,,,881,2,
RNG,1735,C535,D,35,6C,8D,1,1,5,6,1,2,2,00,00,01,C535,,,881,2,
FRAME,1735,C74E,D,F9,70,8E,1,1,1,7,1,2,2,00,00,01,,,,,881,2,
RNG,1736,C535,D,F9,70,8E,1,1,1,7,1,1,2,00,00,01,C535,,,881,2,
FRAME,1736,C74E,D,00,0D,8F,0,0,0,0,1,1,2,00,00,01,,,,,881,2,
RNG,1737,C535,D,00,0D,8F,0,0,0,0,1,1,2,00,00,01,C535,,,881,2,
C726,1737,C726,D,A0,D8,90,0,0,0,5,1,1,2,00,00,01,C726,,,882,2,
OBJECT,1737,FF0D,D,A0,D8,90,0,0,0,5,1,1,2,00,00,01,6,$0206,26,882,2,
FRAME,1737,FF0D,D,A0,D8,90,0,0,0,5,1,1,2,00,00,01,,,,,882,2,
RNG,1738,C535,D,A0,D8,90,0,0,0,5,1,1,2,00,00,01,C535,,,882,2,
C726,1738,C726,D,A0,DF,91,0,0,0,5,1,1,2,00,00,01,C726,,,883,2,
C726,1738,C726,D,A0,DF,91,0,0,0,5,1,1,2,00,00,01,C726,,,884,2,
C726,1738,C726,D,A0,DF,91,0,0,0,5,1,1,2,00,00,01,C726,,,885,2,
C726,1738,C726,D,A0,DF,91,0,0,0,5,1,1,2,00,00,01,C726,,,886,2,
C726,1738,C726,D,A0,DF,91,0,0,0,5,1,1,2,00,00,01,C726,,,887,2,
C726,1738,C726,D,A0,DF,91,0,0,0,5,1,1,2,00,00,01,C726,,,888,2,
OBJECT,1738,C74A,D,A0,DF,91,0,0,0,5,1,1,2,00,00,01,7,$0207,5E,888,2,
OBJECT,1738,C74A,D,A0,DF,91,0,0,0,5,1,1,2,00,00,01,8,$0208,45,888,2,
OBJECT,1738,C74A,D,A0,DF,91,0,0,0,5,1,1,2,00,00,01,9,$0209,01,888,2,
OBJECT,1738,C74A,D,A0,DF,91,0,0,0,5,1,1,2,00,00,01,10,$020A,4B,888,2,
OBJECT,1738,C74A,D,A0,DF,91,0,0,0,5,1,1,2,00,00,01,11,$020B,48,888,2,
OBJECT,1738,C74A,D,A0,DF,91,0,0,0,5,1,1,2,00,00,01,12,$020C,09,888,2,
FRAME,1738,C74A,D,A0,DF,91,0,0,0,5,1,1,2,00,00,01,,,,,888,2,
RNG,1739,C535,D,A0,DF,91,0,0,0,5,1,1,2,00,00,01,C535,,,888,2,
FRAME,1739,C74A,D,5D,C7,92,1,1,5,4,1,1,2,00,00,01,,,,,888,2,
RNG,1740,C535,D,5D,C7,92,1,1,5,4,1,1,2,00,00,01,C535,,,888,2,
FRAME,1740,C74C,D,59,AF,93,1,1,1,2,1,1,2,00,00,01,,,,,888,2,
RNG,1741,C535,D,59,AF,93,1,1,1,2,1,1,2,00,00,01,C535,,,888,2,
C726,1741,C726,D,DA,97,94,0,2,2,1,1,1,2,00,00,01,C726,,,889,2,
OBJECT,1741,E061,D,DA,97,94,0,2,2,1,1,1,2,00,00,01,13,$020D,26,889,2,
FRAME,1741,E061,D,DA,97,94,0,2,2,1,1,1,2,00,00,01,,,,,889,2,
RNG,1742,C535,D,DA,97,94,0,2,2,1,1,1,2,00,00,01,C535,,,889,2,
C726,1742,C726,D,AA,7F,95,0,2,2,7,1,1,2,00,00,01,C726,,,890,2,
C726,1742,C726,D,AA,7F,95,0,2,2,7,1,1,2,00,00,01,C726,,,891,2,
C726,1742,C726,D,AA,7F,95,0,2,2,7,1,1,2,00,00,01,C726,,,892,2,
C726,1742,C726,D,AA,7F,95,0,2,2,7,1,1,2,00,00,01,C726,,,893,2,
C726,1742,C726,D,AA,7F,95,0,2,2,7,1,1,2,00,00,01,C726,,,894,2,
C726,1742,C726,D,AA,7F,95,0,2,2,7,1,1,2,00,00,01,C726,,,895,2,
OBJECT,1742,C74C,D,AA,7F,95,0,2,2,7,1,1,2,00,00,01,14,$020E,5E,895,2,
OBJECT,1742,C74C,D,AA,7F,95,0,2,2,7,1,1,2,00,00,01,15,$020F,45,895,2,
OBJECT,1742,C74C,D,AA,7F,95,0,2,2,7,1,1,2,00,00,01,16,$0210,01,895,2,
OBJECT,1742,C74C,D,AA,7F,95,0,2,2,7,1,1,2,00,00,01,17,$0211,4B,895,2,
OBJECT,1742,C74C,D,AA,7F,95,0,2,2,7,1,1,2,00,00,01,18,$0212,48,895,2,
OBJECT,1742,C74C,D,AA,7F,95,0,2,2,7,1,1,2,00,00,01,19,$0213,09,895,2,
FRAME,1742,C74C,D,AA,7F,95,0,2,2,7,1,1,2,00,00,01,,,,,895,2,
RNG,1743,C535,D,AA,7F,95,0,2,2,7,1,1,2,00,00,01,C535,,,895,2,
FRAME,1743,C74C,D,AF,5F,96,1,3,7,5,1,1,2,00,00,01,,,,,895,2,
RNG,1744,C535,D,AF,5F,96,1,3,7,5,1,1,2,00,00,01,C535,,,895,2,
FRAME,1744,C74C,D,58,77,97,0,0,0,7,1,1,2,00,00,01,,,,,895,2,
RNG,1745,C535,D,58,77,97,0,0,0,7,1,1,2,00,00,01,C535,,,895,2,
C726,1745,C726,D,48,47,98,0,0,0,4,1,1,2,00,00,01,C726,,,896,2,
OBJECT,1745,E022,D,48,47,98,0,0,0,4,1,1,2,00,00,01,20,$0214,26,896,2,
FRAME,1745,E022,D,48,47,98,0,0,0,4,1,1,2,00,00,01,,,,,896,2,
RNG,1746,C535,D,48,47,98,0,0,0,4,1,1,2,00,00,01,C535,,,896,2,
C726,1746,C726,D,E1,36,99,1,1,1,3,1,1,2,00,00,01,C726,,,897,2,
C726,1746,C726,D,E1,36,99,1,1,1,3,1,1,2,00,00,01,C726,,,898,2,
C726,1746,C726,D,E1,36,99,1,1,1,3,1,1,2,00,00,01,C726,,,899,2,
C726,1746,C726,D,E1,36,99,1,1,1,3,1,1,2,00,00,01,C726,,,900,2,
C726,1746,C726,D,E1,36,99,1,1,1,3,1,1,2,00,00,01,C726,,,901,2,
C726,1746,C726,D,E1,36,99,1,1,1,3,1,1,2,00,00,01,C726,,,902,2,
OBJECT,1746,C74C,D,E1,36,99,1,1,1,3,1,1,2,00,00,01,21,$0215,5E,902,2,
OBJECT,1746,C74C,D,E1,36,99,1,1,1,3,1,1,2,00,00,01,22,$0216,45,902,2,
OBJECT,1746,C74C,D,E1,36,99,1,1,1,3,1,1,2,00,00,01,23,$0217,01,902,2,
OBJECT,1746,C74C,D,E1,36,99,1,1,1,3,1,1,2,00,00,01,24,$0218,4B,902,2,
OBJECT,1746,C74C,D,E1,36,99,1,1,1,3,1,1,2,00,00,01,25,$0219,48,902,2,
OBJECT,1746,C74C,D,E1,36,99,1,1,1,3,1,1,2,00,00,01,26,$021A,09,902,2,
FRAME,1746,C74C,D,E1,36,99,1,1,1,3,1,1,2,00,00,01,,,,,902,2,
RNG,1747,C535,D,E1,36,99,1,1,1,3,1,1,2,00,00,01,C535,,,902,2,
FRAME,1747,C74C,D,91,24,9A,1,1,1,2,1,1,2,00,00,01,,,,,902,2,
RNG,1748,C535,D,91,24,9A,1,1,1,2,1,1,2,00,00,01,C535,,,902,2,
FRAME,1748,C74C,D,98,1A,9B,0,0,0,1,1,1,2,00,00,01,,,,,902,2,
RNG,1749,C535,D,98,1A,9B,0,0,0,1,1,1,2,00,00,01,C535,,,902,2,
C726,1749,C726,D,31,1D,9C,1,1,1,1,1,1,2,00,00,01,C726,,,903,2,
OBJECT,1749,E024,D,31,1D,9C,1,1,1,1,1,1,2,00,00,01,27,$021B,26,903,2,
FRAME,1749,E024,D,31,1D,9C,1,1,1,1,1,1,2,00,00,01,,,,,903,2,
RNG,1750,C535,D,31,1D,9C,1,1,1,1,1,1,2,00,00,01,C535,,,903,2,
C726,1750,C726,D,E2,CA,9D,0,2,2,4,1,1,2,00,00,01,C726,,,904,2,
C726,1750,C726,D,E2,CA,9D,0,2,2,4,1,1,2,00,00,01,C726,,,905,2,
C726,1750,C726,D,E2,CA,9D,0,2,2,4,1,1,2,00,00,01,C726,,,906,2,
C726,1750,C726,D,E2,CA,9D,0,2,2,4,1,1,2,00,00,01,C726,,,907,2,
C726,1750,C726,D,E2,CA,9D,0,2,2,4,1,1,2,00,00,01,C726,,,908,2,
C726,1750,C726,D,E2,CA,9D,0,2,2,4,1,1,2,00,00,01,C726,,,909,2,
OBJECT,1750,C74E,D,E2,CA,9D,0,2,2,4,1,1,2,00,00,01,28,$021C,5E,909,2,
OBJECT,1750,C74E,D,E2,CA,9D,0,2,2,4,1,1,2,00,00,01,29,$021D,45,909,2,
OBJECT,1750,C74E,D,E2,CA,9D,0,2,2,4,1,1,2,00,00,01,30,$021E,01,909,2,
OBJECT,1750,C74E,D,E2,CA,9D,0,2,2,4,1,1,2,00,00,01,31,$021F,4B,909,2,
OBJECT,1750,C74E,D,E2,CA,9D,0,2,2,4,1,1,2,00,00,01,32,$0220,48,909,2,
OBJECT,1750,C74E,D,E2,CA,9D,0,2,2,4,1,1,2,00,00,01,33,$0221,09,909,2,
FRAME,1750,C74E,D,E2,CA,9D,0,2,2,4,1,1,2,00,00,01,,,,,909,2,
RNG,1751,C535,D,E2,CA,9D,0,2,2,4,1,1,2,00,00,01,C535,,,909,2,
FRAME,1751,C74A,D,E9,C0,9E,1,1,1,4,1,1,2,00,00,01,,,,,909,2,
RNG,1752,C535,D,E9,C0,9E,1,1,1,4,1,1,2,00,00,01,C535,,,909,2,
FRAME,1752,C74C,D,D1,C3,9F,1,1,1,4,1,1,2,00,00,01,,,,,909,2,
RNG,1753,C535,D,D1,C3,9F,1,1,1,4,1,1,2,00,00,01,C535,,,909,2,
FRAME,1753,C74E,D,99,EC,A0,1,1,1,6,1,1,2,00,00,01,,,,,909,2,
RNG,1754,C535,D,99,EC,A0,1,1,1,6,1,1,2,00,00,01,C535,,,909,2,
C726,1754,C726,D,61,ED,A1,1,1,1,6,1,1,2,00,00,01,C726,,,910,2,
C726,1754,C726,D,61,ED,A1,1,1,1,6,1,1,2,00,00,01,C726,,,911,2,
C726,1754,C726,D,61,ED,A1,1,1,1,6,1,1,2,00,00,01,C726,,,912,2,
C726,1754,C726,D,61,ED,A1,1,1,1,6,1,1,2,00,00,01,C726,,,913,2,
C726,1754,C726,D,61,ED,A1,1,1,1,6,1,1,2,00,00,01,C726,,,914,2,
C726,1754,C726,D,61,ED,A1,1,1,1,6,1,1,2,00,00,01,C726,,,915,2,
C726,1754,C726,D,61,ED,A1,1,1,1,6,1,1,2,00,00,01,C726,,,916,2,
OBJECT,1754,C74A,D,61,ED,A1,1,1,1,6,1,1,2,00,00,01,34,$0222,26,916,2,
OBJECT,1754,C74A,D,61,ED,A1,1,1,1,6,1,1,2,00,00,01,35,$0223,5E,916,2,
OBJECT,1754,C74A,D,61,ED,A1,1,1,1,6,1,1,2,00,00,01,36,$0224,45,916,2,
OBJECT,1754,C74A,D,61,ED,A1,1,1,1,6,1,1,2,00,00,01,37,$0225,01,916,2,
OBJECT,1754,C74A,D,61,ED,A1,1,1,1,6,1,1,2,00,00,01,38,$0226,4B,916,2,
OBJECT,1754,C74A,D,61,ED,A1,1,1,1,6,1,1,2,00,00,01,39,$0227,48,916,2,
OBJECT,1754,C74A,D,61,ED,A1,1,1,1,6,1,1,2,00,00,01,40,$0228,09,916,2,
FRAME,1754,C74A,D,61,ED,A1,1,1,1,6,1,1,2,00,00,01,,,,,916,2,
RNG,1755,C535,D,61,ED,A1,1,1,1,6,1,1,2,00,00,01,C535,,,916,2,
FRAME,1755,C74C,D,29,7A,A2,1,1,1,7,1,1,2,00,00,01,,,,,916,2,
RNG,1756,C535,D,29,7A,A2,1,1,1,7,1,1,2,00,00,01,C535,,,916,2,
FRAME,1756,C74A,D,F1,70,A3,1,1,1,7,1,1,2,00,00,01,,,,,916,2,
RNG,1757,C535,D,F1,70,A3,1,1,1,7,1,1,2,00,00,01,C535,,,916,2,
FRAME,1757,C74C,D,B1,73,A4,1,1,1,7,1,1,2,00,00,01,,,,,916,2,
RNG,1758,C535,D,B1,73,A4,1,1,1,7,1,1,2,00,00,01,C535,,,916,2,
C726,1758,C726,D,C9,63,A5,1,1,1,6,1,1,2,00,00,01,C726,,,917,2,
C726,1758,C726,D,C9,63,A5,1,1,1,6,1,1,2,00,00,01,C726,,,918,2,
C726,1758,C726,D,C9,63,A5,1,1,1,6,1,1,2,00,00,01,C726,,,919,2,
C726,1758,C726,D,C9,63,A5,1,1,1,6,1,1,2,00,00,01,C726,,,920,2,
C726,1758,C726,D,C9,63,A5,1,1,1,6,1,1,2,00,00,01,C726,,,921,2,
C726,1758,C726,D,C9,63,A5,1,1,1,6,1,1,2,00,00,01,C726,,,922,2,
C726,1758,C726,D,C9,63,A5,1,1,1,6,1,1,2,00,00,01,C726,,,923,2,
OBJECT,1758,C74A,D,C9,63,A5,1,1,1,6,1,1,2,00,00,01,41,$0229,26,923,2,
OBJECT,1758,C74A,D,C9,63,A5,1,1,1,6,1,1,2,00,00,01,42,$022A,5E,923,2,
OBJECT,1758,C74A,D,C9,63,A5,1,1,1,6,1,1,2,00,00,01,43,$022B,45,923,2,
OBJECT,1758,C74A,D,C9,63,A5,1,1,1,6,1,1,2,00,00,01,44,$022C,01,923,2,
OBJECT,1758,C74A,D,C9,63,A5,1,1,1,6,1,1,2,00,00,01,45,$022D,4B,923,2,
OBJECT,1758,C74A,D,C9,63,A5,1,1,1,6,1,1,2,00,00,01,46,$022E,48,923,2,
OBJECT,1758,C74A,D,C9,63,A5,1,1,1,6,1,1,2,00,00,01,47,$022F,09,923,2,
FRAME,1758,C74A,D,C9,63,A5,1,1,1,6,1,1,2,00,00,01,,,,,923,2,
RNG,1759,C535,D,C9,63,A5,1,1,1,6,1,1,2,00,00,01,C535,,,923,2,
FRAME,1759,C74A,D,99,68,A6,1,1,1,6,1,1,2,00,00,01,,,,,923,2,
RNG,1760,C535,D,99,68,A6,1,1,1,6,1,1,2,00,00,01,C535,,,923,2,
FRAME,1760,C74A,D,83,0A,A7,1,3,3,0,1,1,2,00,00,01,,,,,923,2,
RNG,1761,C535,D,83,0A,A7,1,3,3,0,1,1,2,00,00,01,C535,,,923,2,
FRAME,1761,C74A,D,E3,0A,A8,1,3,3,0,1,1,2,00,00,01,,,,,923,2,
RNG,1762,C535,D,E3,0A,A8,1,3,3,0,1,1,2,00,00,01,C535,,,923,2,
C726,1762,C726,D,E1,56,A9,1,1,1,5,1,1,2,00,00,01,C726,,,924,2,
C726,1762,C726,D,E1,56,A9,1,1,1,5,1,1,2,00,00,01,C726,,,925,2,
C726,1762,C726,D,E1,56,A9,1,1,1,5,1,1,2,00,00,01,C726,,,926,2,
C726,1762,C726,D,E1,56,A9,1,1,1,5,1,1,2,00,00,01,C726,,,927,2,
C726,1762,C726,D,E1,56,A9,1,1,1,5,1,1,2,00,00,01,C726,,,928,2,
C726,1762,C726,D,E1,56,A9,1,1,1,5,1,1,2,00,00,01,C726,,,929,2,
C726,1762,C726,D,E1,56,A9,1,1,1,5,1,1,2,00,00,01,C726,,,930,2,
OBJECT,1762,C74C,D,E1,56,A9,1,1,1,5,1,1,2,00,00,01,48,$0230,26,930,2,
OBJECT,1762,C74C,D,E1,56,A9,1,1,1,5,1,1,2,00,00,01,49,$0231,5E,930,2,
OBJECT,1762,C74C,D,E1,56,A9,1,1,1,5,1,1,2,00,00,01,50,$0232,45,930,2,
OBJECT,1762,C74C,D,E1,56,A9,1,1,1,5,1,1,2,00,00,01,51,$0233,01,930,2,
OBJECT,1762,C74C,D,E1,56,A9,1,1,1,5,1,1,2,00,00,01,52,$0234,4B,930,2,
OBJECT,1762,C74C,D,E1,56,A9,1,1,1,5,1,1,2,00,00,01,53,$0235,48,930,2,
OBJECT,1762,C74C,D,E1,56,A9,1,1,1,5,1,1,2,00,00,01,54,$0236,09,930,2,
FRAME,1762,C74C,D,E1,56,A9,1,1,1,5,1,1,2,00,00,01,,,,,930,2,
RNG,1763,C535,D,E1,56,A9,1,1,1,5,1,1,2,00,00,01,C535,,,930,2,
FRAME,1763,C74C,D,DF,F3,AA,1,3,7,7,1,1,2,00,00,01,,,,,930,2,
RNG,1764,C535,D,DF,F3,AA,1,3,7,7,1,1,2,00,00,01,C535,,,930,2,
FRAME,1764,C74C,D,DD,88,AB,1,1,5,0,1,1,2,00,00,01,,,,,930,2,
RNG,1765,C535,D,DD,88,AB,1,1,5,0,1,1,2,00,00,01,C535,,,930,2,
FRAME,1765,C74E,D,DB,2A,AC,1,3,3,2,1,1,2,00,00,01,,,,,930,2,
RNG,1766,C535,D,DB,2A,AC,1,3,3,2,1,1,2,00,00,01,C535,,,930,2,
C726,1766,C726,D,D9,30,AD,1,1,1,3,1,1,2,00,00,01,C726,,,931,2,
C726,1766,C726,D,D9,30,AD,1,1,1,3,1,1,2,00,00,01,C726,,,932,2,
C726,1766,C726,D,D9,30,AD,1,1,1,3,1,1,2,00,00,01,C726,,,933,2,
C726,1766,C726,D,D9,30,AD,1,1,1,3,1,1,2,00,00,01,C726,,,934,2,
C726,1766,C726,D,D9,30,AD,1,1,1,3,1,1,2,00,00,01,C726,,,935,2,
C726,1766,C726,D,D9,30,AD,1,1,1,3,1,1,2,00,00,01,C726,,,936,2,
C726,1766,C726,D,D9,30,AD,1,1,1,3,1,1,2,00,00,01,C726,,,937,2,
OBJECT,1766,C74A,D,D9,30,AD,1,1,1,3,1,1,2,00,00,01,55,$0237,26,937,2,
OBJECT,1766,C74A,D,D9,30,AD,1,1,1,3,1,1,2,00,00,01,56,$0238,5E,937,2,
OBJECT,1766,C74A,D,D9,30,AD,1,1,1,3,1,1,2,00,00,01,57,$0239,45,937,2,
OBJECT,1766,C74A,D,D9,30,AD,1,1,1,3,1,1,2,00,00,01,58,$023A,01,937,2,
OBJECT,1766,C74A,D,D9,30,AD,1,1,1,3,1,1,2,00,00,01,59,$023B,4B,937,2,
OBJECT,1766,C74A,D,D9,30,AD,1,1,1,3,1,1,2,00,00,01,60,$023C,48,937,2,
OBJECT,1766,C74A,D,D9,30,AD,1,1,1,3,1,1,2,00,00,01,61,$023D,09,937,2,
FRAME,1766,C74A,D,D9,30,AD,1,1,1,3,1,1,2,00,00,01,,,,,937,2,
RNG,1767,C535,D,D9,30,AD,1,1,1,3,1,1,2,00,00,01,C535,,,937,2,
FRAME,1767,C74A,D,D7,D0,AE,1,3,7,5,1,1,2,00,00,01,,,,,937,2,
RNG,1768,C535,D,D7,D0,AE,1,3,7,5,1,1,2,00,00,01,C535,,,937,2,
FRAME,1768,C74E,D,AC,D0,AF,0,0,4,5,1,1,2,00,00,01,,,,,937,2,
RNG,1769,C535,D,AC,D0,AF,0,0,4,5,1,1,2,00,00,01,C535,,,937,2,
FRAME,1769,C74A,D,AA,8D,B0,0,2,2,0,1,1,2,00,00,01,,,,,937,2,
RNG,1770,C535,D,AA,8D,B0,0,2,2,0,1,1,2,00,00,01,C535,,,937,2,
C726,1770,C726,D,8F,74,B1,1,3,7,7,1,1,2,00,00,01,C726,,,938,2,
C726,1770,C726,D,8F,74,B1,1,3,7,7,1,1,2,00,00,01,C726,,,939,2,
C726,1770,C726,D,8F,74,B1,1,3,7,7,1,1,2,00,00,01,C726,,,940,2,
C726,1770,C726,D,8F,74,B1,1,3,7,7,1,1,2,00,00,01,C726,,,941,2,
C726,1770,C726,D,8F,74,B1,1,3,7,7,1,1,2,00,00,01,C726,,,942,2,
C726,1770,C726,D,8F,74,B1,1,3,7,7,1,1,2,00,00,01,C726,,,943,2,
OBJECT,1770,C74A,D,8F,74,B1,1,3,7,7,1,1,2,00,00,01,0,$0200,45,943,2,
OBJECT,1770,C74A,D,8F,74,B1,1,3,7,7,1,1,2,00,00,01,1,$0201,01,943,2,
OBJECT,1770,C74A,D,8F,74,B1,1,3,7,7,1,1,2,00,00,01,2,$0202,4B,943,2,
OBJECT,1770,C74A,D,8F,74,B1,1,3,7,7,1,1,2,00,00,01,3,$0203,09,943,2,
OBJECT,1770,C74A,D,8F,74,B1,1,3,7,7,1,1,2,00,00,01,62,$023E,26,943,2,
OBJECT,1770,C74A,D,8F,74,B1,1,3,7,7,1,1,2,00,00,01,63,$023F,5E,943,2,
FRAME,1770,C74A,D,8F,74,B1,1,3,7,7,1,1,2,00,00,01,,,,,943,2,
RNG,1771,C535,D,8F,74,B1,1,3,7,7,1,1,2,00,00,01,C535,,,943,2,
FRAME,1771,C74E,D,8D,09,B2,1,1,5,0,1,1,2,00,00,01,,,,,943,2,
RNG,1772,C535,D,8D,09,B2,1,1,5,0,1,1,2,00,00,01,C535,,,943,2,
FRAME,1772,C74C,D,82,A2,B3,0,2,2,2,1,1,2,00,00,01,,,,,943,2,
RNG,1773,C535,D,82,A2,B3,0,2,2,2,1,1,2,00,00,01,C535,,,943,2,
FRAME,1773,C74A,D,80,6B,B4,0,0,0,6,1,1,2,00,00,01,,,,,943,2,
RNG,1774,C535,D,80,6B,B4,0,0,0,6,1,1,2,00,00,01,C535,,,943,2,
C726,1774,C726,D,54,72,B5,0,0,4,7,1,1,2,00,00,01,C726,,,944,2,
C726,1774,C726,D,54,72,B5,0,0,4,7,1,1,2,00,00,01,C726,,,945,2,
C726,1774,C726,D,54,72,B5,0,0,4,7,1,1,2,00,00,01,C726,,,946,2,
C726,1774,C726,D,54,72,B5,0,0,4,7,1,1,2,00,00,01,C726,,,947,2,
C726,1774,C726,D,54,72,B5,0,0,4,7,1,1,2,00,00,01,C726,,,948,2,
C726,1774,C726,D,54,72,B5,0,0,4,7,1,1,2,00,00,01,C726,,,949,2,
OBJECT,1774,C74C,D,54,72,B5,0,0,4,7,1,1,2,00,00,01,4,$0204,26,949,2,
OBJECT,1774,C74C,D,54,72,B5,0,0,4,7,1,1,2,00,00,01,5,$0205,5E,949,2,
OBJECT,1774,C74C,D,54,72,B5,0,0,4,7,1,1,2,00,00,01,6,$0206,45,949,2,
OBJECT,1774,C74C,D,54,72,B5,0,0,4,7,1,1,2,00,00,01,7,$0207,01,949,2,
OBJECT,1774,C74C,D,54,72,B5,0,0,4,7,1,1,2,00,00,01,8,$0208,4B,949,2,
OBJECT,1774,C74C,D,54,72,B5,0,0,4,7,1,1,2,00,00,01,9,$0209,09,949,2,
FRAME,1774,C74C,D,54,72,B5,0,0,4,7,1,1,2,00,00,01,,,,,949,2,
RNG,1775,C535,D,54,72,B5,0,0,4,7,1,1,2,00,00,01,C535,,,949,2,
FRAME,1775,C74A,D,52,5A,B6,0,2,2,5,1,1,2,00,00,01,,,,,949,2,
RNG,1776,C535,D,52,5A,B6,0,2,2,5,1,1,2,00,00,01,C535,,,949,2,
FRAME,1776,C74E,D,36,22,B7,0,2,6,2,1,1,2,00,00,01,,,,,949,2,
RNG,1777,C535,D,36,22,B7,0,2,6,2,1,1,2,00,00,01,C535,,,949,2,
FRAME,1777,C74E,D,34,EA,B8,0,0,4,6,1,1,2,00,00,01,,,,,949,2,
RNG,1778,C535,D,34,EA,B8,0,0,4,6,1,1,2,00,00,01,C535,,,949,2,
C726,1778,C726,D,28,B2,B9,0,0,0,3,1,1,2,00,00,01,C726,,,950,2,
C726,1778,C726,D,28,B2,B9,0,0,0,3,1,1,2,00,00,01,C726,,,951,2,
C726,1778,C726,D,28,B2,B9,0,0,0,3,1,1,2,00,00,01,C726,,,952,2,
C726,1778,C726,D,28,B2,B9,0,0,0,3,1,1,2,00,00,01,C726,,,953,2,
C726,1778,C726,D,28,B2,B9,0,0,0,3,1,1,2,00,00,01,C726,,,954,2,
C726,1778,C726,D,28,B2,B9,0,0,0,3,1,1,2,00,00,01,C726,,,955,2,
OBJECT,1778,C74E,D,28,B2,B9,0,0,0,3,1,1,2,00,00,01,10,$020A,26,955,2,
OBJECT,1778,C74E,D,28,B2,B9,0,0,0,3,1,1,2,00,00,01,11,$020B,5E,955,2,
OBJECT,1778,C74E,D,28,B2,B9,0,0,0,3,1,1,2,00,00,01,12,$020C,45,955,2,
OBJECT,1778,C74E,D,28,B2,B9,0,0,0,3,1,1,2,00,00,01,13,$020D,01,955,2,
OBJECT,1778,C74E,D,28,B2,B9,0,0,0,3,1,1,2,00,00,01,14,$020E,4B,955,2,
OBJECT,1778,C74E,D,28,B2,B9,0,0,0,3,1,1,2,00,00,01,15,$020F,09,955,2,
FRAME,1778,C74E,D,28,B2,B9,0,0,0,3,1,1,2,00,00,01,,,,,955,2,
RNG,1779,C535,D,28,B2,B9,0,0,0,3,1,1,2,00,00,01,C535,,,955,2,
FRAME,1779,C74C,D,26,7A,BA,0,2,6,7,1,1,2,00,00,01,,,,,955,2,
RNG,1780,C535,D,26,7A,BA,0,2,6,7,1,1,2,00,00,01,C535,,,955,2,
FRAME,1780,C74C,D,F9,3A,BB,1,1,1,3,1,1,2,00,00,01,,,,,955,2,
RNG,1781,C535,D,F9,3A,BB,1,1,1,3,1,1,2,00,00,01,C535,,,955,2,
FRAME,1781,C74C,D,CB,52,BC,1,3,3,5,1,1,2,00,00,01,,,,,955,2,
RNG,1782,C535,D,CB,52,BC,1,3,3,5,1,1,2,00,00,01,C535,,,955,2,
C726,1782,C726,D,AE,22,BD,0,2,6,2,1,1,2,00,00,01,C726,,,956,2,
C726,1782,C726,D,AE,22,BD,0,2,6,2,1,1,2,00,00,01,C726,,,957,2,
C726,1782,C726,D,AE,22,BD,0,2,6,2,1,1,2,00,00,01,C726,,,958,2,
C726,1782,C726,D,AE,22,BD,0,2,6,2,1,1,2,00,00,01,C726,,,959,2,
C726,1782,C726,D,AE,22,BD,0,2,6,2,1,1,2,00,00,01,C726,,,960,2,
C726,1782,C726,D,AE,22,BD,0,2,6,2,1,1,2,00,00,01,C726,,,961,2,
OBJECT,1782,C74C,D,AE,22,BD,0,2,6,2,1,1,2,00,00,01,16,$0210,26,961,2,
OBJECT,1782,C74C,D,AE,22,BD,0,2,6,2,1,1,2,00,00,01,17,$0211,5E,961,2,
OBJECT,1782,C74C,D,AE,22,BD,0,2,6,2,1,1,2,00,00,01,18,$0212,45,961,2,
OBJECT,1782,C74C,D,AE,22,BD,0,2,6,2,1,1,2,00,00,01,19,$0213,01,961,2,
OBJECT,1782,C74C,D,AE,22,BD,0,2,6,2,1,1,2,00,00,01,20,$0214,4B,961,2,
OBJECT,1782,C74C,D,AE,22,BD,0,2,6,2,1,1,2,00,00,01,21,$0215,09,961,2,
FRAME,1782,C74C,D,AE,22,BD,0,2,6,2,1,1,2,00,00,01,,,,,961,2,
RNG,1783,C535,D,AE,22,BD,0,2,6,2,1,1,2,00,00,01,C535,,,961,2,
FRAME,1783,C74E,D,90,13,BE,0,0,0,1,1,1,2,00,00,01,,,,,961,2,
RNG,1784,C535,D,90,13,BE,0,0,0,1,1,1,2,00,00,01,C535,,,961,2,
FRAME,1784,C74E,D,83,C0,BF,1,3,3,4,1,1,2,00,00,01,,,,,961,2,
RNG,1785,C535,D,83,C0,BF,1,3,3,4,1,1,2,00,00,01,C535,,,961,2,
FRAME,1785,C74E,D,75,8F,C0,1,1,5,0,1,1,2,00,00,01,,,,,961,2,
RNG,1786,C535,D,75,8F,C0,1,1,5,0,1,1,2,00,00,01,C535,,,961,2,
C726,1786,C726,D,46,96,C1,0,2,6,1,1,1,2,00,00,01,C726,,,962,2,
C726,1786,C726,D,46,96,C1,0,2,6,1,1,1,2,00,00,01,C726,,,963,2,
C726,1786,C726,D,46,96,C1,0,2,6,1,1,1,2,00,00,01,C726,,,964,2,
C726,1786,C726,D,46,96,C1,0,2,6,1,1,1,2,00,00,01,C726,,,965,2,
C726,1786,C726,D,46,96,C1,0,2,6,1,1,1,2,00,00,01,C726,,,966,2,
C726,1786,C726,D,46,96,C1,0,2,6,1,1,1,2,00,00,01,C726,,,967,2,
OBJECT,1786,C74C,D,46,96,C1,0,2,6,1,1,1,2,00,00,01,22,$0216,26,967,2,
OBJECT,1786,C74C,D,46,96,C1,0,2,6,1,1,1,2,00,00,01,23,$0217,5E,967,2,
OBJECT,1786,C74C,D,46,96,C1,0,2,6,1,1,1,2,00,00,01,24,$0218,45,967,2,
OBJECT,1786,C74C,D,46,96,C1,0,2,6,1,1,1,2,00,00,01,25,$0219,01,967,2,
OBJECT,1786,C74C,D,46,96,C1,0,2,6,1,1,1,2,00,00,01,26,$021A,4B,967,2,
OBJECT,1786,C74C,D,46,96,C1,0,2,6,1,1,1,2,00,00,01,27,$021B,09,967,2,
FRAME,1786,C74C,D,46,96,C1,0,2,6,1,1,1,2,00,00,01,,,,,967,2,
RNG,1787,C535,D,46,96,C1,0,2,6,1,1,1,2,00,00,01,C535,,,967,2,
FRAME,1787,C74E,D,16,5F,C2,0,2,6,5,1,1,2,00,00,01,,,,,967,2,
RNG,1788,C535,D,16,5F,C2,0,2,6,5,1,1,2,00,00,01,C535,,,967,2,
FRAME,1788,C74E,D,F7,53,C3,1,3,7,5,1,1,2,00,00,01,,,,,967,2,
RNG,1789,C535,D,F7,53,C3,1,3,7,5,1,1,2,00,00,01,C535,,,967,2,
FRAME,1789,C74A,D,D7,E3,C4,1,3,7,6,1,1,2,00,00,01,,,,,967,2,
RNG,1790,C535,D,D7,E3,C4,1,3,7,6,1,1,2,00,00,01,C535,,,967,2,
C726,1790,C726,D,C8,01,C5,0,0,0,0,1,1,2,00,00,01,C726,,,968,2,
C726,1790,C726,D,C8,01,C5,0,0,0,0,1,1,2,00,00,01,C726,,,969,2,
C726,1790,C726,D,C8,01,C5,0,0,0,0,1,1,2,00,00,01,C726,,,970,2,
C726,1790,C726,D,C8,01,C5,0,0,0,0,1,1,2,00,00,01,C726,,,971,2,
C726,1790,C726,D,C8,01,C5,0,0,0,0,1,1,2,00,00,01,C726,,,972,2,
OBJECT,1790,FED1,D,C8,01,C5,0,0,0,0,1,1,2,00,00,01,28,$021C,26,972,2,
OBJECT,1790,FED1,D,C8,01,C5,0,0,0,0,1,1,2,00,00,01,29,$021D,5E,972,2,
OBJECT,1790,FED1,D,C8,01,C5,0,0,0,0,1,1,2,00,00,01,30,$021E,45,972,2,
OBJECT,1790,FED1,D,C8,01,C5,0,0,0,0,1,1,2,00,00,01,31,$021F,01,972,2,
OBJECT,1790,FED1,D,C8,01,C5,0,0,0,0,1,1,2,00,00,01,32,$0220,4B,972,2,
FRAME,1790,FED1,D,C8,01,C5,0,0,0,0,1,1,2,00,00,01,,,,,972,2,
RNG,1791,C535,D,C8,01,C5,0,0,0,0,1,1,2,00,00,01,C535,,,972,2,
C726,1791,C726,D,B8,A3,C6,0,0,0,2,1,1,2,00,00,01,C726,,,973,2,
OBJECT,1791,C74C,D,B8,A3,C6,0,0,0,2,1,1,2,00,00,01,33,$0221,09,973,2,
FRAME,1791,C74C,D,B8,A3,C6,0,0,0,2,1,1,2,00,00,01,,,,,973,2,
RNG,1792,C535,D,B8,A3,C6,0,0,0,2,1,1,2,00,00,01,C535,,,973,2,
FRAME,1792,C74A,D,8A,6B,C7,0,2,2,6,1,1,2,00,00,01,,,,,973,2,
RNG,1793,C535,D,8A,6B,C7,0,2,2,6,1,1,2,00,00,01,C535,,,973,2,
FRAME,1793,C74C,D,5D,0B,C8,1,1,5,0,1,1,2,00,00,01,,,,,973,2,
RNG,1794,C535,D,5D,0B,C8,1,1,5,0,1,1,2,00,00,01,C535,,,973,2,
C726,1794,C726,D,3F,11,C9,1,3,7,1,1,1,2,00,00,01,C726,,,974,2,
C726,1794,C726,D,3F,11,C9,1,3,7,1,1,1,2,00,00,01,C726,,,975,2,
C726,1794,C726,D,3F,11,C9,1,3,7,1,1,1,2,00,00,01,C726,,,976,2,
C726,1794,C726,D,3F,11,C9,1,3,7,1,1,1,2,00,00,01,C726,,,977,2,
C726,1794,C726,D,3F,11,C9,1,3,7,1,1,1,2,00,00,01,C726,,,978,2,
OBJECT,1794,E71D,D,3F,11,C9,1,3,7,1,1,1,2,00,00,01,34,$0222,26,978,2,
OBJECT,1794,E71D,D,3F,11,C9,1,3,7,1,1,1,2,00,00,01,35,$0223,5E,978,2,
OBJECT,1794,E71D,D,3F,11,C9,1,3,7,1,1,1,2,00,00,01,36,$0224,45,978,2,
OBJECT,1794,E71D,D,3F,11,C9,1,3,7,1,1,1,2,00,00,01,37,$0225,01,978,2,
OBJECT,1794,E71D,D,3F,11,C9,1,3,7,1,1,1,2,00,00,01,38,$0226,4B,978,2,
FRAME,1794,E71D,D,3F,11,C9,1,3,7,1,1,1,2,00,00,01,,,,,978,2,
RNG,1795,C535,D,3F,11,C9,1,3,7,1,1,1,2,00,00,01,C535,,,978,2,
C726,1795,C726,D,22,31,CA,0,2,2,3,1,1,2,00,00,01,C726,,,979,2,
OBJECT,1795,C74E,D,22,31,CA,0,2,2,3,1,1,2,00,00,01,39,$0227,09,979,2,
FRAME,1795,C74E,D,22,31,CA,0,2,2,3,1,1,2,00,00,01,,,,,979,2,
RNG,1796,C535,D,22,31,CA,0,2,2,3,1,1,2,00,00,01,C535,,,979,2,
FRAME,1796,C74E,D,14,D2,CB,0,0,4,5,1,1,2,00,00,01,,,,,979,2,
RNG,1797,C535,D,14,D2,CB,0,0,4,5,1,1,2,00,00,01,C535,,,979,2,
FRAME,1797,C74E,D,07,98,CC,1,3,7,1,1,1,2,00,00,01,,,,,979,2,
RNG,1798,C535,D,07,98,CC,1,3,7,1,1,1,2,00,00,01,C535,,,979,2,
C726,1798,C726,D,05,41,CD,1,1,5,4,1,1,2,00,00,01,C726,,,980,2,
C726,1798,C726,D,05,41,CD,1,1,5,4,1,1,2,00,00,01,C726,,,981,2,
C726,1798,C726,D,05,41,CD,1,1,5,4,1,1,2,00,00,01,C726,,,982,2,
C726,1798,C726,D,05,41,CD,1,1,5,4,1,1,2,00,00,01,C726,,,983,2,
OBJECT,1798,C718,D,05,41,CD,1,1,5,4,1,1,2,00,00,01,40,$0228,26,983,2,
OBJECT,1798,C718,D,05,41,CD,1,1,5,4,1,1,2,00,00,01,41,$0229,5E,983,2,
OBJECT,1798,C718,D,05,41,CD,1,1,5,4,1,1,2,00,00,01,42,$022A,45,983,2,
OBJECT,1798,C718,D,05,41,CD,1,1,5,4,1,1,2,00,00,01,43,$022B,01,983,2,
FRAME,1798,C718,D,05,41,CD,1,1,5,4,1,1,2,00,00,01,,,,,983,2,
RNG,1799,C535,D,05,41,CD,1,1,5,4,1,1,2,00,00,01,C535,,,983,2,
C726,1799,C726,D,D9,41,CE,1,1,1,4,1,1,2,00,00,01,C726,,,984,2,
C726,1799,C726,D,D9,41,CE,1,1,1,4,1,1,2,00,00,01,C726,,,985,2,
OBJECT,1799,C74C,D,D9,41,CE,1,1,1,4,1,1,2,00,00,01,44,$022C,4B,985,2,
OBJECT,1799,C74C,D,D9,41,CE,1,1,1,4,1,1,2,00,00,01,45,$022D,09,985,2,
FRAME,1799,C74C,D,D9,41,CE,1,1,1,4,1,1,2,00,00,01,,,,,985,2,
RNG,1800,C535,D,D9,41,CE,1,1,1,4,1,1,2,00,00,01,C535,,,985,2,
FRAME,1800,C74E,D,D7,CE,CF,1,3,7,4,1,1,2,00,00,01,,,,,985,2,
RNG,1801,C535,D,D7,CE,CF,1,3,7,4,1,1,2,00,00,01,C535,,,985,2,
FRAME,1801,C74E,D,BB,C1,D0,1,3,3,4,1,1,2,00,00,01,,,,,985,2,
RNG,1802,C535,D,BB,C1,D0,1,3,3,4,1,1,2,00,00,01,C535,,,985,2,
C726,1802,C726,D,B9,C4,D1,1,1,1,4,1,1,2,00,00,01,C726,,,986,2,
C726,1802,C726,D,B9,C4,D1,1,1,1,4,1,1,2,00,00,01,C726,,,987,2,
C726,1802,C726,D,B9,C4,D1,1,1,1,4,1,1,2,00,00,01,C726,,,988,2,
C726,1802,C726,D,B9,C4,D1,1,1,1,4,1,1,2,00,00,01,C726,,,989,2,
OBJECT,1802,C72C,D,B9,C4,D1,1,1,1,4,1,1,2,00,00,01,46,$022E,26,989,2,
OBJECT,1802,C72C,D,B9,C4,D1,1,1,1,4,1,1,2,00,00,01,47,$022F,5E,989,2,
OBJECT,1802,C72C,D,B9,C4,D1,1,1,1,4,1,1,2,00,00,01,48,$0230,45,989,2,
FRAME,1802,C72C,D,B9,C4,D1,1,1,1,4,1,1,2,00,00,01,,,,,989,2,
C726,1803,C726,D,B9,C4,D1,1,1,1,4,0,1,2,00,00,01,C726,,,990,2,
C726,1803,C726,D,B9,C4,D1,1,1,1,4,0,1,2,00,00,01,C726,,,991,2,
OBJECT,1803,C74C,D,B9,C4,D1,1,1,1,4,0,1,2,00,00,01,49,$0231,01,991,2,
OBJECT,1803,C74C,D,B9,C4,D1,1,1,1,4,0,1,2,00,00,01,50,$0232,4B,991,2,
OBJECT,1803,C74C,D,B9,C4,D1,1,1,1,4,0,1,2,00,00,01,51,$0233,09,991,2,
FRAME,1803,C74C,D,B9,C4,D1,1,1,1,4,0,1,2,00,00,01,,,,,991,2,
RNG,1804,C535,D,B9,C4,D1,1,1,1,4,1,2,2,00,00,01,C535,,,991,2,
FRAME,1804,C74A,D,AD,10,D2,1,1,5,1,1,2,2,00,00,01,,,,,991,2,
RNG,1805,C535,D,AD,10,D2,1,1,5,1,1,1,2,00,00,01,C535,,,991,2,
FRAME,1805,C74C,D,AB,E8,D3,1,3,3,6,1,1,2,00,00,01,,,,,991,2,
RNG,1806,C535,D,AB,E8,D3,1,3,3,6,1,1,2,00,00,01,C535,,,991,2,
C726,1806,C726,D,80,7D,D4,0,0,0,7,1,1,2,00,00,01,C726,,,992,2,
C726,1806,C726,D,80,7D,D4,0,0,0,7,1,1,2,00,00,01,C726,,,993,2,
OBJECT,1806,B2A2,D,80,7D,D4,0,0,0,7,1,1,2,00,00,01,52,$0234,26,993,2,
OBJECT,1806,B2A2,D,80,7D,D4,0,0,0,7,1,1,2,00,00,01,53,$0235,5E,993,2,
FRAME,1806,B2A2,D,80,7D,D4,0,0,0,7,1,1,2,00,00,01,,,,,993,2,
RNG,1807,C535,D,80,7D,D4,0,0,0,7,1,1,2,00,00,01,C535,,,993,2,
C726,1807,C726,D,7E,1F,D5,0,2,6,1,1,1,2,00,00,01,C726,,,994,2,
C726,1807,C726,D,7E,1F,D5,0,2,6,1,1,1,2,00,00,01,C726,,,995,2,
C726,1807,C726,D,7E,1F,D5,0,2,6,1,1,1,2,00,00,01,C726,,,996,2,
C726,1807,C726,D,7E,1F,D5,0,2,6,1,1,1,2,00,00,01,C726,,,997,2,
OBJECT,1807,C74E,D,7E,1F,D5,0,2,6,1,1,1,2,00,00,01,54,$0236,45,997,2,
OBJECT,1807,C74E,D,7E,1F,D5,0,2,6,1,1,1,2,00,00,01,55,$0237,01,997,2,
OBJECT,1807,C74E,D,7E,1F,D5,0,2,6,1,1,1,2,00,00,01,56,$0238,4B,997,2,
OBJECT,1807,C74E,D,7E,1F,D5,0,2,6,1,1,1,2,00,00,01,57,$0239,09,997,2,
FRAME,1807,C74E,D,7E,1F,D5,0,2,6,1,1,1,2,00,00,01,,,,,997,2,
RNG,1808,C535,D,7E,1F,D5,0,2,6,1,1,1,2,00,00,01,C535,,,997,2,
FRAME,1808,C74E,D,63,E7,D6,1,3,3,6,1,1,2,00,00,01,,,,,997,2,
RNG,1809,C535,D,63,E7,D6,1,3,3,6,1,1,2,00,00,01,C535,,,997,2,
FRAME,1809,C74E,D,61,87,D7,1,1,1,0,1,1,2,00,00,01,,,,,997,2,
RNG,1810,C535,D,61,87,D7,1,1,1,0,1,1,2,00,00,01,C535,,,997,2,
C726,1810,C726,D,56,8D,D8,0,2,6,0,1,1,2,00,00,01,C726,,,998,2,
C726,1810,C726,D,56,8D,D8,0,2,6,0,1,1,2,00,00,01,C726,,,999,2,
OBJECT,1810,C3BF,D,56,8D,D8,0,2,6,0,1,1,2,00,00,01,58,$023A,26,999,2,
OBJECT,1810,C3BF,D,56,8D,D8,0,2,6,0,1,1,2,00,00,01,59,$023B,5E,999,2,
FRAME,1810,C3BF,D,56,8D,D8,0,2,6,0,1,1,2,00,00,01,,,,,999,2,
C726,1811,C726,D,56,8D,D8,0,2,6,0,0,1,2,00,00,01,C726,,,1000,2,
C726,1811,C726,D,56,8D,D8,0,2,6,0,0,1,2,00,00,01,C726,,,1001,2,
C726,1811,C726,D,56,8D,D8,0,2,6,0,0,1,2,00,00,01,C726,,,1002,2,
C726,1811,C726,D,56,8D,D8,0,2,6,0,0,1,2,00,00,01,C726,,,1003,2,
OBJECT,1811,C74C,D,56,8D,D8,0,2,6,0,0,1,2,00,00,01,60,$023C,45,1003,2,
OBJECT,1811,C74C,D,56,8D,D8,0,2,6,0,0,1,2,00,00,01,61,$023D,01,1003,2,
OBJECT,1811,C74C,D,56,8D,D8,0,2,6,0,0,1,2,00,00,01,62,$023E,4B,1003,2,
OBJECT,1811,C74C,D,56,8D,D8,0,2,6,0,0,1,2,00,00,01,63,$023F,09,1003,2,
FRAME,1811,C74C,D,56,8D,D8,0,2,6,0,0,1,2,00,00,01,,,,,1003,2,
RNG,1812,C535,D,56,8D,D8,0,2,6,0,1,2,2,00,00,01,C535,,,1003,2,
FRAME,1812,C74A,D,44,AD,D9,0,0,4,2,1,2,2,00,00,01,,,,,1003,2,
RNG,1813,C535,D,44,AD,D9,0,0,4,2,1,1,2,00,00,01,C535,,,1003,2,
FRAME,1813,C74A,D,49,F8,DA,1,1,1,7,1,1,2,00,00,01,,,,,1003,2,
RNG,1814,C535,D,49,F8,DA,1,1,1,7,1,1,2,00,00,01,C535,,,1003,2,
C726,1814,C726,D,4C,F2,DB,0,0,4,7,1,1,2,00,00,01,C726,,,1004,2,
C726,1814,C726,D,4C,F2,DB,0,0,4,7,1,1,2,00,00,01,C726,,,1005,2,
OBJECT,1814,FE10,D,4C,F2,DB,0,0,4,7,1,1,2,00,00,01,0,$0200,26,1005,2,
OBJECT,1814,FE10,D,4C,F2,DB,0,0,4,7,1,1,2,00,00,01,1,$0201,5E,1005,2,
FRAME,1814,FE10,D,4C,F2,DB,0,0,4,7,1,1,2,00,00,01,,,,,1005,2,
RNG,1815,C535,D,4C,F2,DB,0,0,4,7,1,1,2,00,00,01,C535,,,1005,2,
C726,1815,C726,D,F9,9B,DC,1,1,1,1,1,1,2,00,00,01,C726,,,1006,2,
C726,1815,C726,D,F9,9B,DC,1,1,1,1,1,1,2,00,00,01,C726,,,1007,2,
C726,1815,C726,D,F9,9B,DC,1,1,1,1,1,1,2,00,00,01,C726,,,1008,2,
C726,1815,C726,D,F9,9B,DC,1,1,1,1,1,1,2,00,00,01,C726,,,1009,2,
OBJECT,1815,C74E,D,F9,9B,DC,1,1,1,1,1,1,2,00,00,01,2,$0202,45,1009,2,
OBJECT,1815,C74E,D,F9,9B,DC,1,1,1,1,1,1,2,00,00,01,3,$0203,01,1009,2,
OBJECT,1815,C74E,D,F9,9B,DC,1,1,1,1,1,1,2,00,00,01,4,$0204,4B,1009,2,
OBJECT,1815,C74E,D,F9,9B,DC,1,1,1,1,1,1,2,00,00,01,5,$0205,09,1009,2,
FRAME,1815,C74E,D,F9,9B,DC,1,1,1,1,1,1,2,00,00,01,,,,,1009,2,
RNG,1816,C535,D,F9,9B,DC,1,1,1,1,1,1,2,00,00,01,C535,,,1009,2,
FRAME,1816,C74C,D,FE,9B,DD,0,2,6,1,1,1,2,00,00,01,,,,,1009,2,
RNG,1817,C535,D,FE,9B,DD,0,2,6,1,1,1,2,00,00,01,C535,,,1009,2,
FRAME,1817,C74E,D,01,28,DE,1,1,1,2,1,1,2,00,00,01,,,,,1009,2,
RNG,1818,C535,D,01,28,DE,1,1,1,2,1,1,2,00,00,01,C535,,,1009,2,
C726,1818,C726,D,CA,1B,DF,0,2,2,1,1,1,2,00,00,01,C726,,,1010,2,
OBJECT,1818,E022,D,CA,1B,DF,0,2,2,1,1,1,2,00,00,01,6,$0206,26,1010,2,
FRAME,1818,E022,D,CA,1B,DF,0,2,2,1,1,1,2,00,00,01,,,,,1010,2,
RNG,1819,C535,D,CA,1B,DF,0,2,2,1,1,1,2,00,00,01,C535,,,1010,2,
C726,1819,C726,D,CC,1E,E0,0,0,4,1,1,1,2,00,00,01,C726,,,1011,2,
C726,1819,C726,D,CC,1E,E0,0,0,4,1,1,1,2,00,00,01,C726,,,1012,2,
C726,1819,C726,D,CC,1E,E0,0,0,4,1,1,1,2,00,00,01,C726,,,1013,2,
C726,1819,C726,D,CC,1E,E0,0,0,4,1,1,1,2,00,00,01,C726,,,1014,2,
C726,1819,C726,D,CC,1E,E0,0,0,4,1,1,1,2,00,00,01,C726,,,1015,2,
OBJECT,1819,C74E,D,CC,1E,E0,0,0,4,1,1,1,2,00,00,01,7,$0207,5E,1015,2,
OBJECT,1819,C74E,D,CC,1E,E0,0,0,4,1,1,1,2,00,00,01,8,$0208,45,1015,2,
OBJECT,1819,C74E,D,CC,1E,E0,0,0,4,1,1,1,2,00,00,01,9,$0209,01,1015,2,
OBJECT,1819,C74E,D,CC,1E,E0,0,0,4,1,1,1,2,00,00,01,10,$020A,4B,1015,2,
OBJECT,1819,C74E,D,CC,1E,E0,0,0,4,1,1,1,2,00,00,01,11,$020B,09,1015,2,
FRAME,1819,C74E,D,CC,1E,E0,0,0,4,1,1,1,2,00,00,01,,,,,1015,2,
RNG,1820,C535,D,CC,1E,E0,0,0,4,1,1,1,2,00,00,01,C535,,,1015,2,
FRAME,1820,C74E,D,9C,6A,E1,0,0,4,6,1,1,2,00,00,01,,,,,1015,2,
RNG,1821,C535,D,9C,6A,E1,0,0,4,6,1,1,2,00,00,01,C535,,,1015,2,
FRAME,1821,C74C,D,BA,42,E2,0,2,2,4,1,1,2,00,00,01,,,,,1015,2,
RNG,1822,C535,D,BA,42,E2,0,2,2,4,1,1,2,00,00,01,C535,,,1015,2,
C726,1822,C726,D,63,D7,E3,1,3,3,5,1,1,2,00,00,01,C726,,,1016,2,
OBJECT,1822,E062,D,63,D7,E3,1,3,3,5,1,1,2,00,00,01,12,$020C,26,1016,2,
FRAME,1822,E062,D,63,D7,E3,1,3,3,5,1,1,2,00,00,01,,,,,1016,2,
RNG,1823,C535,D,63,D7,E3,1,3,3,5,1,1,2,00,00,01,C535,,,1016,2,
C726,1823,C726,D,63,80,E4,1,3,3,0,1,1,2,00,00,01,C726,,,1017,2,
C726,1823,C726,D,63,80,E4,1,3,3,0,1,1,2,00,00,01,C726,,,1018,2,
C726,1823,C726,D,63,80,E4,1,3,3,0,1,1,2,00,00,01,C726,,,1019,2,
C726,1823,C726,D,63,80,E4,1,3,3,0,1,1,2,00,00,01,C726,,,1020,2,
C726,1823,C726,D,63,80,E4,1,3,3,0,1,1,2,00,00,01,C726,,,1021,2,
OBJECT,1823,C74A,D,63,80,E4,1,3,3,0,1,1,2,00,00,01,13,$020D,5E,1021,2,
OBJECT,1823,C74A,D,63,80,E4,1,3,3,0,1,1,2,00,00,01,14,$020E,45,1021,2,
OBJECT,1823,C74A,D,63,80,E4,1,3,3,0,1,1,2,00,00,01,15,$020F,01,1021,2,
OBJECT,1823,C74A,D,63,80,E4,1,3,3,0,1,1,2,00,00,01,16,$0210,4B,1021,2,
OBJECT,1823,C74A,D,63,80,E4,1,3,3,0,1,1,2,00,00,01,17,$0211,09,1021,2,
FRAME,1823,C74A,D,63,80,E4,1,3,3,0,1,1,2,00,00,01,,,,,1021,2,
RNG,1824,C535,D,63,80,E4,1,3,3,0,1,1,2,00,00,01,C535,,,1021,2,
FRAME,1824,C74A,D,F0,B5,E5,0,0,0,3,1,1,2,00,00,01,,,,,1021,2,
RNG,1825,C535,D,F0,B5,E5,0,0,0,3,1,1,2,00,00,01,C535,,,1021,2,
FRAME,1825,C74C,D,F5,D5,E6,1,1,5,5,1,1,2,00,00,01,,,,,1021,2,
RNG,1826,C535,D,F5,D5,E6,1,1,5,5,1,1,2,00,00,01,C535,,,1021,2,
C726,1826,C726,D,F8,FB,E7,0,0,0,7,1,1,2,00,00,01,C726,,,1022,2,
OBJECT,1826,E062,D,F8,FB,E7,0,0,0,7,1,1,2,00,00,01,18,$0212,26,1022,2,
FRAME,1826,E062,D,F8,FB,E7,0,0,0,7,1,1,2,00,00,01,,,,,1022,2,
RNG,1827,C535,D,F8,FB,E7,0,0,0,7,1,1,2,00,00,01,C535,,,1022,2,
C726,1827,C726,D,A5,C2,E8,1,1,5,4,1,1,2,00,00,01,C726,,,1023,2,
C726,1827,C726,D,A5,C2,E8,1,1,5,4,1,1,2,00,00,01,C726,,,1024,2,
C726,1827,C726,D,A5,C2,E8,1,1,5,4,1,1,2,00,00,01,C726,,,1025,2,
C726,1827,C726,D,A5,C2,E8,1,1,5,4,1,1,2,00,00,01,C726,,,1026,2,
C726,1827,C726,D,A5,C2,E8,1,1,5,4,1,1,2,00,00,01,C726,,,1027,2,
OBJECT,1827,C74C,D,A5,C2,E8,1,1,5,4,1,1,2,00,00,01,19,$0213,5E,1027,2,
OBJECT,1827,C74C,D,A5,C2,E8,1,1,5,4,1,1,2,00,00,01,20,$0214,45,1027,2,
OBJECT,1827,C74C,D,A5,C2,E8,1,1,5,4,1,1,2,00,00,01,21,$0215,01,1027,2,
OBJECT,1827,C74C,D,A5,C2,E8,1,1,5,4,1,1,2,00,00,01,22,$0216,4B,1027,2,
OBJECT,1827,C74C,D,A5,C2,E8,1,1,5,4,1,1,2,00,00,01,23,$0217,09,1027,2,
FRAME,1827,C74C,D,A5,C2,E8,1,1,5,4,1,1,2,00,00,01,,,,,1027,2,
RNG,1828,C535,D,A5,C2,E8,1,1,5,4,1,1,2,00,00,01,C535,,,1027,2,
FRAME,1828,C74C,D,A8,6B,E9,0,0,0,6,1,1,2,00,00,01,,,,,1027,2,
RNG,1829,C535,D,A8,6B,E9,0,0,0,6,1,1,2,00,00,01,C535,,,1027,2,
FRAME,1829,C74C,D,AB,6B,EA,1,3,3,6,1,1,2,00,00,01,,,,,1027,2,
RNG,1830,C535,D,AB,6B,EA,1,3,3,6,1,1,2,00,00,01,C535,,,1027,2,
C726,1830,C726,D,7B,F0,EB,1,3,3,7,1,1,2,00,00,01,C726,,,1028,2,
OBJECT,1830,E063,D,7B,F0,EB,1,3,3,7,1,1,2,00,00,01,24,$0218,26,1028,2,
FRAME,1830,E063,D,7B,F0,EB,1,3,3,7,1,1,2,00,00,01,,,,,1028,2,
RNG,1831,C535,D,7B,F0,EB,1,3,3,7,1,1,2,00,00,01,C535,,,1028,2,
C726,1831,C726,D,7E,BD,EC,0,2,6,3,1,1,2,00,00,01,C726,,,1029,2,
C726,1831,C726,D,7E,BD,EC,0,2,6,3,1,1,2,00,00,01,C726,,,1030,2,
C726,1831,C726,D,7E,BD,EC,0,2,6,3,1,1,2,00,00,01,C726,,,1031,2,
C726,1831,C726,D,7E,BD,EC,0,2,6,3,1,1,2,00,00,01,C726,,,1032,2,
C726,1831,C726,D,7E,BD,EC,0,2,6,3,1,1,2,00,00,01,C726,,,1033,2,
OBJECT,1831,C74C,D,7E,BD,EC,0,2,6,3,1,1,2,00,00,01,25,$0219,5E,1033,2,
OBJECT,1831,C74C,D,7E,BD,EC,0,2,6,3,1,1,2,00,00,01,26,$021A,45,1033,2,
OBJECT,1831,C74C,D,7E,BD,EC,0,2,6,3,1,1,2,00,00,01,27,$021B,01,1033,2,
OBJECT,1831,C74C,D,7E,BD,EC,0,2,6,3,1,1,2,00,00,01,28,$021C,4B,1033,2,
OBJECT,1831,C74C,D,7E,BD,EC,0,2,6,3,1,1,2,00,00,01,29,$021D,09,1033,2,
FRAME,1831,C74C,D,7E,BD,EC,0,2,6,3,1,1,2,00,00,01,,,,,1033,2,
RNG,1832,C535,D,7E,BD,EC,0,2,6,3,1,1,2,00,00,01,C535,,,1033,2,
FRAME,1832,C74C,D,CA,42,ED,0,2,2,4,1,1,2,00,00,01,,,,,1033,2,
RNG,1833,C535,D,CA,42,ED,0,2,2,4,1,1,2,00,00,01,C535,,,1033,2,
FRAME,1833,C74C,D,90,10,EE,0,0,0,1,1,1,2,00,00,01,,,,,1033,2,
RNG,1834,C535,D,90,10,EE,0,0,0,1,1,1,2,00,00,01,C535,,,1033,2,
C726,1834,C726,D,12,95,EF,0,2,2,1,1,1,2,00,00,01,C726,,,1034,2,
OBJECT,1834,E061,D,12,95,EF,0,2,2,1,1,1,2,00,00,01,30,$021E,26,1034,2,
FRAME,1834,E061,D,12,95,EF,0,2,2,1,1,1,2,00,00,01,,,,,1034,2,
RNG,1835,C535,D,12,95,EF,0,2,2,1,1,1,2,00,00,01,C535,,,1034,2,
C726,1835,C726,D,DB,64,F0,1,3,3,6,1,1,2,00,00,01,C726,,,1035,2,
C726,1835,C726,D,DB,64,F0,1,3,3,6,1,1,2,00,00,01,C726,,,1036,2,
C726,1835,C726,D,DB,64,F0,1,3,3,6,1,1,2,00,00,01,C726,,,1037,2,
C726,1835,C726,D,DB,64,F0,1,3,3,6,1,1,2,00,00,01,C726,,,1038,2,
C726,1835,C726,D,DB,64,F0,1,3,3,6,1,1,2,00,00,01,C726,,,1039,2,
OBJECT,1835,C74C,D,DB,64,F0,1,3,3,6,1,1,2,00,00,01,31,$021F,5E,1039,2,
OBJECT,1835,C74C,D,DB,64,F0,1,3,3,6,1,1,2,00,00,01,32,$0220,45,1039,2,
OBJECT,1835,C74C,D,DB,64,F0,1,3,3,6,1,1,2,00,00,01,33,$0221,01,1039,2,
OBJECT,1835,C74C,D,DB,64,F0,1,3,3,6,1,1,2,00,00,01,34,$0222,4B,1039,2,
OBJECT,1835,C74C,D,DB,64,F0,1,3,3,6,1,1,2,00,00,01,35,$0223,09,1039,2,
FRAME,1835,C74C,D,DB,64,F0,1,3,3,6,1,1,2,00,00,01,,,,,1039,2,
RNG,1836,C535,D,DB,64,F0,1,3,3,6,1,1,2,00,00,01,C535,,,1039,2,
FRAME,1836,C74E,D,DC,E9,F1,0,0,4,6,1,1,2,00,00,01,,,,,1039,2,
RNG,1837,C535,D,DC,E9,F1,0,0,4,6,1,1,2,00,00,01,C535,,,1039,2,
FRAME,1837,C74E,D,AC,B9,F2,0,0,4,3,1,1,2,00,00,01,,,,,1039,2,
RNG,1838,C535,D,AC,B9,F2,0,0,4,3,1,1,2,00,00,01,C535,,,1039,2,
C726,1838,C726,D,AF,3E,F3,1,3,7,3,1,1,2,00,00,01,C726,,,1040,2,
OBJECT,1838,E05F,D,AF,3E,F3,1,3,7,3,1,1,2,00,00,01,36,$0224,26,1040,2,
FRAME,1838,E05F,D,AF,3E,F3,1,3,7,3,1,1,2,00,00,01,,,,,1040,2,
RNG,1839,C535,D,AF,3E,F3,1,3,7,3,1,1,2,00,00,01,C535,,,1040,2,
C726,1839,C726,D,FB,0F,F4,1,3,3,0,1,1,2,00,00,01,C726,,,1041,2,
C726,1839,C726,D,FB,0F,F4,1,3,3,0,1,1,2,00,00,01,C726,,,1042,2,
C726,1839,C726,D,FB,0F,F4,1,3,3,0,1,1,2,00,00,01,C726,,,1043,2,
C726,1839,C726,D,FB,0F,F4,1,3,3,0,1,1,2,00,00,01,C726,,,1044,2,
C726,1839,C726,D,FB,0F,F4,1,3,3,0,1,1,2,00,00,01,C726,,,1045,2,
OBJECT,1839,C74C,D,FB,0F,F4,1,3,3,0,1,1,2,00,00,01,37,$0225,5E,1045,2,
OBJECT,1839,C74C,D,FB,0F,F4,1,3,3,0,1,1,2,00,00,01,38,$0226,45,1045,2,
OBJECT,1839,C74C,D,FB,0F,F4,1,3,3,0,1,1,2,00,00,01,39,$0227,01,1045,2,
OBJECT,1839,C74C,D,FB,0F,F4,1,3,3,0,1,1,2,00,00,01,40,$0228,4B,1045,2,
OBJECT,1839,C74C,D,FB,0F,F4,1,3,3,0,1,1,2,00,00,01,41,$0229,09,1045,2,
FRAME,1839,C74C,D,FB,0F,F4,1,3,3,0,1,1,2,00,00,01,,,,,1045,2,
RNG,1840,C535,D,FB,0F,F4,1,3,3,0,1,1,2,00,00,01,C535,,,1045,2,
FRAME,1840,C74A,D,29,94,F5,1,1,1,1,1,1,2,00,00,01,,,,,1045,2,
RNG,1841,C535,D,29,94,F5,1,1,1,1,1,1,2,00,00,01,C535,,,1045,2,
FRAME,1841,C74C,D,AC,66,F6,0,0,4,6,1,1,2,00,00,01,,,,,1045,2,
RNG,1842,C535,D,AC,66,F6,0,0,4,6,1,1,2,00,00,01,C535,,,1045,2,
C726,1842,C726,D,75,C6,F7,1,1,5,4,1,1,2,00,00,01,C726,,,1046,2,
OBJECT,1842,E05F,D,75,C6,F7,1,1,5,4,1,1,2,00,00,01,42,$022A,26,1046,2,
FRAME,1842,E05F,D,75,C6,F7,1,1,5,4,1,1,2,00,00,01,,,,,1046,2,
RNG,1843,C535,D,75,C6,F7,1,1,5,4,1,1,2,00,00,01,C535,,,1046,2,
C726,1843,C726,D,77,09,F8,1,3,7,0,1,1,2,00,00,01,C726,,,1047,2,
C726,1843,C726,D,77,09,F8,1,3,7,0,1,1,2,00,00,01,C726,,,1048,2,
C726,1843,C726,D,77,09,F8,1,3,7,0,1,1,2,00,00,01,C726,,,1049,2,
C726,1843,C726,D,77,09,F8,1,3,7,0,1,1,2,00,00,01,C726,,,1050,2,
C726,1843,C726,D,77,09,F8,1,3,7,0,1,1,2,00,00,01,C726,,,1051,2,
OBJECT,1843,C74E,D,77,09,F8,1,3,7,0,1,1,2,00,00,01,43,$022B,5E,1051,2,
OBJECT,1843,C74E,D,77,09,F8,1,3,7,0,1,1,2,00,00,01,44,$022C,45,1051,2,
OBJECT,1843,C74E,D,77,09,F8,1,3,7,0,1,1,2,00,00,01,45,$022D,01,1051,2,
OBJECT,1843,C74E,D,77,09,F8,1,3,7,0,1,1,2,00,00,01,46,$022E,4B,1051,2,
OBJECT,1843,C74E,D,77,09,F8,1,3,7,0,1,1,2,00,00,01,47,$022F,09,1051,2,
FRAME,1843,C74E,D,77,09,F8,1,3,7,0,1,1,2,00,00,01,,,,,1051,2,
RNG,1844,C535,D,77,09,F8,1,3,7,0,1,1,2,00,00,01,C535,,,1051,2,
FRAME,1844,C74E,D,47,4D,F9,1,3,7,4,1,1,2,00,00,01,,,,,1051,2,
RNG,1845,C535,D,47,4D,F9,1,3,7,4,1,1,2,00,00,01,C535,,,1051,2,
FRAME,1845,C74C,D,4A,A0,FA,0,2,2,2,1,1,2,00,00,01,,,,,1051,2,
RNG,1846,C535,D,4A,A0,FA,0,2,2,2,1,1,2,00,00,01,C535,,,1051,2,
C726,1846,C726,D,96,F4,FB,0,2,6,7,1,1,2,00,00,01,C726,,,1052,2,
OBJECT,1846,E05F,D,96,F4,FB,0,2,6,7,1,1,2,00,00,01,48,$0230,26,1052,2,
FRAME,1846,E05F,D,96,F4,FB,0,2,6,7,1,1,2,00,00,01,,,,,1052,2,
RNG,1847,C535,D,96,F4,FB,0,2,6,7,1,1,2,00,00,01,C535,,,1052,2,
C726,1847,C726,D,F8,57,FC,0,0,0,5,1,1,2,00,00,01,C726,,,1053,2,
C726,1847,C726,D,F8,57,FC,0,0,0,5,1,1,2,00,00,01,C726,,,1054,2,
C726,1847,C726,D,F8,57,FC,0,0,0,5,1,1,2,00,00,01,C726,,,1055,2,
C726,1847,C726,D,F8,57,FC,0,0,0,5,1,1,2,00,00,01,C726,,,1056,2,
C726,1847,C726,D,F8,57,FC,0,0,0,5,1,1,2,00,00,01,C726,,,1057,2,
OBJECT,1847,C74A,D,F8,57,FC,0,0,0,5,1,1,2,00,00,01,49,$0231,5E,1057,2,
OBJECT,1847,C74A,D,F8,57,FC,0,0,0,5,1,1,2,00,00,01,50,$0232,45,1057,2,
OBJECT,1847,C74A,D,F8,57,FC,0,0,0,5,1,1,2,00,00,01,51,$0233,01,1057,2,
OBJECT,1847,C74A,D,F8,57,FC,0,0,0,5,1,1,2,00,00,01,52,$0234,4B,1057,2,
OBJECT,1847,C74A,D,F8,57,FC,0,0,0,5,1,1,2,00,00,01,53,$0235,09,1057,2,
FRAME,1847,C74A,D,F8,57,FC,0,0,0,5,1,1,2,00,00,01,,,,,1057,2,
RNG,1848,C535,D,F8,57,FC,0,0,0,5,1,1,2,00,00,01,C535,,,1057,2,
FRAME,1848,C74A,D,7B,BB,FD,1,3,3,3,1,1,2,00,00,01,,,,,1057,2,
RNG,1849,C535,D,7B,BB,FD,1,3,3,3,1,1,2,00,00,01,C535,,,1057,2,
FRAME,1849,C74C,D,C7,00,FE,1,3,7,0,1,1,2,00,00,01,,,,,1057,2,
RNG,1850,C535,D,C7,00,FE,1,3,7,0,1,1,2,00,00,01,C535,,,1057,2,
C726,1850,C726,D,AD,46,FF,1,1,5,4,1,1,2,00,00,01,C726,,,1058,2,
OBJECT,1850,E061,D,AD,46,FF,1,1,5,4,1,1,2,00,00,01,54,$0236,26,1058,2,
FRAME,1850,E061,D,AD,46,FF,1,1,5,4,1,1,2,00,00,01,,,,,1058,2,
RNG,1851,C535,D,AD,46,FF,1,1,5,4,1,1,2,00,00,01,C535,,,1058,2,
C726,1851,C726,D,30,9B,00,0,0,0,1,1,1,2,00,00,01,C726,,,1059,2,
C726,1851,C726,D,30,9B,00,0,0,0,1,1,1,2,00,00,01,C726,,,1060,2,
C726,1851,C726,D,30,9B,00,0,0,0,1,1,1,2,00,00,01,C726,,,1061,2,
C726,1851,C726,D,30,9B,00,0,0,0,1,1,1,2,00,00,01,C726,,,1062,2,
C726,1851,C726,D,30,9B,00,0,0,0,1,1,1,2,00,00,01,C726,,,1063,2,
OBJECT,1851,C74A,D,30,9B,00,0,0,0,1,1,1,2,00,00,01,55,$0237,5E,1063,2,
OBJECT,1851,C74A,D,30,9B,00,0,0,0,1,1,1,2,00,00,01,56,$0238,45,1063,2,
OBJECT,1851,C74A,D,30,9B,00,0,0,0,1,1,1,2,00,00,01,57,$0239,01,1063,2,
OBJECT,1851,C74A,D,30,9B,00,0,0,0,1,1,1,2,00,00,01,58,$023A,4B,1063,2,
OBJECT,1851,C74A,D,30,9B,00,0,0,0,1,1,1,2,00,00,01,59,$023B,09,1063,2,
FRAME,1851,C74A,D,30,9B,00,0,0,0,1,1,1,2,00,00,01,,,,,1063,2,
RNG,1852,C535,D,30,9B,00,0,0,0,1,1,1,2,00,00,01,C535,,,1063,2,
FRAME,1852,C74A,D,00,28,01,0,0,0,2,1,1,2,00,00,01,,,,,1063,2,
RNG,1853,C535,D,00,28,01,0,0,0,2,1,1,2,00,00,01,C535,,,1063,2,
FRAME,1853,C74C,D,DB,FB,02,1,3,3,7,1,1,2,00,00,01,,,,,1063,2,
RNG,1854,C535,D,DB,FB,02,1,3,3,7,1,1,2,00,00,01,C535,,,1063,2,
C726,1854,C726,D,88,02,03,0,0,0,0,1,1,2,00,00,01,C726,,,1064,2,
OBJECT,1854,E05F,D,88,02,03,0,0,0,0,1,1,2,00,00,01,60,$023C,26,1064,2,
FRAME,1854,E05F,D,88,02,03,0,0,0,0,1,1,2,00,00,01,,,,,1064,2,
RNG,1855,C535,D,88,02,03,0,0,0,0,1,1,2,00,00,01,C535,,,1064,2,
C726,1855,C726,D,B3,8F,04,1,3,3,0,1,1,2,00,00,01,C726,,,1065,2,
C726,1855,C726,D,B3,8F,04,1,3,3,0,1,1,2,00,00,01,C726,,,1066,2,
C726,1855,C726,D,B3,8F,04,1,3,3,0,1,1,2,00,00,01,C726,,,1067,2,
C726,1855,C726,D,B3,8F,04,1,3,3,0,1,1,2,00,00,01,C726,,,1068,2,
C726,1855,C726,D,B3,8F,04,1,3,3,0,1,1,2,00,00,01,C726,,,1069,2,
OBJECT,1855,C74A,D,B3,8F,04,1,3,3,0,1,1,2,00,00,01,0,$0200,4B,1069,2,
OBJECT,1855,C74A,D,B3,8F,04,1,3,3,0,1,1,2,00,00,01,1,$0201,09,1069,2,
OBJECT,1855,C74A,D,B3,8F,04,1,3,3,0,1,1,2,00,00,01,61,$023D,5E,1069,2,
OBJECT,1855,C74A,D,B3,8F,04,1,3,3,0,1,1,2,00,00,01,62,$023E,45,1069,2,
OBJECT,1855,C74A,D,B3,8F,04,1,3,3,0,1,1,2,00,00,01,63,$023F,01,1069,2,
FRAME,1855,C74A,D,B3,8F,04,1,3,3,0,1,1,2,00,00,01,,,,,1069,2,
RNG,1856,C535,D,B3,8F,04,1,3,3,0,1,1,2,00,00,01,C535,,,1069,2,
FRAME,1856,C74C,D,BA,6A,05,0,2,2,6,1,1,2,00,00,01,,,,,1069,2,
RNG,1857,C535,D,BA,6A,05,0,2,2,6,1,1,2,00,00,01,C535,,,1069,2,
FRAME,1857,C74C,D,87,71,06,1,3,7,7,1,1,2,00,00,01,,,,,1069,2,
RNG,1858,C535,D,87,71,06,1,3,7,7,1,1,2,00,00,01,C535,,,1069,2,
C726,1858,C726,D,0A,89,07,0,2,2,0,1,1,2,00,00,01,C726,,,1070,2,
OBJECT,1858,E063,D,0A,89,07,0,2,2,0,1,1,2,00,00,01,2,$0202,26,1070,2,
FRAME,1858,E063,D,0A,89,07,0,2,2,0,1,1,2,00,00,01,,,,,1070,2,
RNG,1859,C535,D,0A,89,07,0,2,2,0,1,1,2,00,00,01,C535,,,1070,2,
C726,1859,C726,D,11,F2,08,1,1,1,7,1,1,2,00,00,01,C726,,,1071,2,
C726,1859,C726,D,11,F2,08,1,1,1,7,1,1,2,00,00,01,C726,,,1072,2,
C726,1859,C726,D,11,F2,08,1,1,1,7,1,1,2,00,00,01,C726,,,1073,2,
C726,1859,C726,D,11,F2,08,1,1,1,7,1,1,2,00,00,01,C726,,,1074,2,
C726,1859,C726,D,11,F2,08,1,1,1,7,1,1,2,00,00,01,C726,,,1075,2,
OBJECT,1859,C74E,D,11,F2,08,1,1,1,7,1,1,2,00,00,01,3,$0203,5E,1075,2,
OBJECT,1859,C74E,D,11,F2,08,1,1,1,7,1,1,2,00,00,01,4,$0204,45,1075,2,
OBJECT,1859,C74E,D,11,F2,08,1,1,1,7,1,1,2,00,00,01,5,$0205,01,1075,2,
OBJECT,1859,C74E,D,11,F2,08,1,1,1,7,1,1,2,00,00,01,6,$0206,4B,1075,2,
OBJECT,1859,C74E,D,11,F2,08,1,1,1,7,1,1,2,00,00,01,7,$0207,09,1075,2,
FRAME,1859,C74E,D,11,F2,08,1,1,1,7,1,1,2,00,00,01,,,,,1075,2,
RNG,1860,C535,D,11,F2,08,1,1,1,7,1,1,2,00,00,01,C535,,,1075,2,
FRAME,1860,C74A,D,A1,FA,09,1,1,1,7,1,1,2,00,00,01,,,,,1075,2,
RNG,1861,C535,D,A1,FA,09,1,1,1,7,1,1,2,00,00,01,C535,,,1075,2,
FRAME,1861,C74C,D,A8,87,0A,0,0,0,0,1,1,2,00,00,01,,,,,1075,2,
RNG,1862,C535,D,A8,87,0A,0,0,0,0,1,1,2,00,00,01,C535,,,1075,2,
C726,1862,C726,D,4D,56,0B,1,1,5,5,1,1,2,00,00,01,C726,,,1076,2,
OBJECT,1862,E022,D,4D,56,0B,1,1,5,5,1,1,2,00,00,01,8,$0208,26,1076,2,
FRAME,1862,E022,D,4D,56,0B,1,1,5,5,1,1,2,00,00,01,,,,,1076,2,
RNG,1863,C535,D,4D,56,0B,1,1,5,5,1,1,2,00,00,01,C535,,,1076,2,
C726,1863,C726,D,2C,5D,0C,0,0,4,5,1,1,2,00,00,01,C726,,,1077,2,
C726,1863,C726,D,2C,5D,0C,0,0,4,5,1,1,2,00,00,01,C726,,,1078,2,
C726,1863,C726,D,2C,5D,0C,0,0,4,5,1,1,2,00,00,01,C726,,,1079,2,
C726,1863,C726,D,2C,5D,0C,0,0,4,5,1,1,2,00,00,01,C726,,,1080,2,
C726,1863,C726,D,2C,5D,0C,0,0,4,5,1,1,2,00,00,01,C726,,,1081,2,
OBJECT,1863,C74C,D,2C,5D,0C,0,0,4,5,1,1,2,00,00,01,9,$0209,5E,1081,2,
OBJECT,1863,C74C,D,2C,5D,0C,0,0,4,5,1,1,2,00,00,01,10,$020A,45,1081,2,
OBJECT,1863,C74C,D,2C,5D,0C,0,0,4,5,1,1,2,00,00,01,11,$020B,01,1081,2,
OBJECT,1863,C74C,D,2C,5D,0C,0,0,4,5,1,1,2,00,00,01,12,$020C,4B,1081,2,
OBJECT,1863,C74C,D,2C,5D,0C,0,0,4,5,1,1,2,00,00,01,13,$020D,09,1081,2,
FRAME,1863,C74C,D,2C,5D,0C,0,0,4,5,1,1,2,00,00,01,,,,,1081,2,
RNG,1864,C535,D,2C,5D,0C,0,0,4,5,1,1,2,00,00,01,C535,,,1081,2,
FRAME,1864,C74A,D,55,EA,0D,1,1,5,6,1,1,2,00,00,01,,,,,1081,2,
RNG,1865,C535,D,55,EA,0D,1,1,5,6,1,1,2,00,00,01,C535,,,1081,2,
FRAME,1865,C74C,D,5C,C1,0E,0,0,4,4,1,1,2,00,00,01,,,,,1081,2,
RNG,1866,C535,D,5C,C1,0E,0,0,4,4,1,1,2,00,00,01,C535,,,1081,2,
C726,1866,C726,D,A8,C8,0F,0,0,0,4,1,1,2,00,00,01,C726,,,1082,2,
OBJECT,1866,E037,D,A8,C8,0F,0,0,0,4,1,1,2,00,00,01,14,$020E,26,1082,2,
FRAME,1866,E037,D,A8,C8,0F,0,0,0,4,1,1,2,00,00,01,,,,,1082,2,
RNG,1867,C535,D,A8,C8,0F,0,0,0,4,1,1,2,00,00,01,C535,,,1082,2,
C726,1867,C726,D,14,55,10,0,0,4,5,1,1,2,00,00,01,C726,,,1083,2,
C726,1867,C726,D,14,55,10,0,0,4,5,1,1,2,00,00,01,C726,,,1084,2,
C726,1867,C726,D,14,55,10,0,0,4,5,1,1,2,00,00,01,C726,,,1085,2,
C726,1867,C726,D,14,55,10,0,0,4,5,1,1,2,00,00,01,C726,,,1086,2,
C726,1867,C726,D,14,55,10,0,0,4,5,1,1,2,00,00,01,C726,,,1087,2,
OBJECT,1867,C74E,D,14,55,10,0,0,4,5,1,1,2,00,00,01,15,$020F,5E,1087,2,
OBJECT,1867,C74E,D,14,55,10,0,0,4,5,1,1,2,00,00,01,16,$0210,45,1087,2,
OBJECT,1867,C74E,D,14,55,10,0,0,4,5,1,1,2,00,00,01,17,$0211,01,1087,2,
OBJECT,1867,C74E,D,14,55,10,0,0,4,5,1,1,2,00,00,01,18,$0212,4B,1087,2,
OBJECT,1867,C74E,D,14,55,10,0,0,4,5,1,1,2,00,00,01,19,$0213,09,1087,2,
FRAME,1867,C74E,D,14,55,10,0,0,4,5,1,1,2,00,00,01,,,,,1087,2,
RNG,1868,C535,D,14,55,10,0,0,4,5,1,1,2,00,00,01,C535,,,1087,2,
FRAME,1868,C74A,D,95,34,11,1,1,5,3,1,1,2,00,00,01,,,,,1087,2,
RNG,1869,C535,D,95,34,11,1,1,5,3,1,1,2,00,00,01,C535,,,1087,2,
FRAME,1869,C74C,D,3A,3B,12,0,2,2,3,1,1,2,00,00,01,,,,,1087,2,
RNG,1870,C535,D,3A,3B,12,0,2,2,3,1,1,2,00,00,01,C535,,,1087,2,
C726,1870,C726,D,19,E4,13,1,1,1,6,1,1,2,00,00,01,C726,,,1088,2,
OBJECT,1870,E027,D,19,E4,13,1,1,1,6,1,1,2,00,00,01,20,$0214,26,1088,2,
FRAME,1870,E027,D,19,E4,13,1,1,1,6,1,1,2,00,00,01,,,,,1088,2,
RNG,1871,C535,D,19,E4,13,1,1,1,6,1,1,2,00,00,01,C535,,,1088,2,
C726,1871,C726,D,42,E4,14,0,2,2,6,1,1,2,00,00,01,C726,,,1089,2,
C726,1871,C726,D,42,E4,14,0,2,2,6,1,1,2,00,00,01,C726,,,1090,2,
C726,1871,C726,D,42,E4,14,0,2,2,6,1,1,2,00,00,01,C726,,,1091,2,
C726,1871,C726,D,42,E4,14,0,2,2,6,1,1,2,00,00,01,C726,,,1092,2,
C726,1871,C726,D,42,E4,14,0,2,2,6,1,1,2,00,00,01,C726,,,1093,2,
OBJECT,1871,C74A,D,42,E4,14,0,2,2,6,1,1,2,00,00,01,21,$0215,5E,1093,2,
OBJECT,1871,C74A,D,42,E4,14,0,2,2,6,1,1,2,00,00,01,22,$0216,45,1093,2,
OBJECT,1871,C74A,D,42,E4,14,0,2,2,6,1,1,2,00,00,01,23,$0217,01,1093,2,
OBJECT,1871,C74A,D,42,E4,14,0,2,2,6,1,1,2,00,00,01,24,$0218,4B,1093,2,
OBJECT,1871,C74A,D,42,E4,14,0,2,2,6,1,1,2,00,00,01,25,$0219,09,1093,2,
FRAME,1871,C74A,D,42,E4,14,0,2,2,6,1,1,2,00,00,01,,,,,1093,2,
RNG,1872,C535,D,42,E4,14,0,2,2,6,1,1,2,00,00,01,C535,,,1093,2,
FRAME,1872,C74A,D,49,71,15,1,1,1,7,1,1,2,00,00,01,,,,,1093,2,
RNG,1873,C535,D,49,71,15,1,1,1,7,1,1,2,00,00,01,C535,,,1093,2,
FRAME,1873,C74C,D,81,65,16,1,1,1,6,1,1,2,00,00,01,,,,,1093,2,
RNG,1874,C535,D,81,65,16,1,1,1,6,1,1,2,00,00,01,C535,,,1093,2,
C726,1874,C726,D,6A,68,17,0,2,2,6,1,1,2,00,00,01,C726,,,1094,2,
OBJECT,1874,E05D,D,6A,68,17,0,2,2,6,1,1,2,00,00,01,26,$021A,26,1094,2,
FRAME,1874,E05D,D,6A,68,17,0,2,2,6,1,1,2,00,00,01,,,,,1094,2,
RNG,1875,C535,D,6A,68,17,0,2,2,6,1,1,2,00,00,01,C535,,,1094,2,
C726,1875,C726,D,73,F5,18,1,3,3,7,1,1,2,00,00,01,C726,,,1095,2,
C726,1875,C726,D,73,F5,18,1,3,3,7,1,1,2,00,00,01,C726,,,1096,2,
C726,1875,C726,D,73,F5,18,1,3,3,7,1,1,2,00,00,01,C726,,,1097,2,
C726,1875,C726,D,73,F5,18,1,3,3,7,1,1,2,00,00,01,C726,,,1098,2,
C726,1875,C726,D,73,F5,18,1,3,3,7,1,1,2,00,00,01,C726,,,1099,2,
OBJECT,1875,C74E,D,73,F5,18,1,3,3,7,1,1,2,00,00,01,27,$021B,5E,1099,2,
OBJECT,1875,C74E,D,73,F5,18,1,3,3,7,1,1,2,00,00,01,28,$021C,45,1099,2,
OBJECT,1875,C74E,D,73,F5,18,1,3,3,7,1,1,2,00,00,01,29,$021D,01,1099,2,
OBJECT,1875,C74E,D,73,F5,18,1,3,3,7,1,1,2,00,00,01,30,$021E,4B,1099,2,
OBJECT,1875,C74E,D,73,F5,18,1,3,3,7,1,1,2,00,00,01,31,$021F,09,1099,2,
FRAME,1875,C74E,D,73,F5,18,1,3,3,7,1,1,2,00,00,01,,,,,1099,2,
RNG,1876,C535,D,73,F5,18,1,3,3,7,1,1,2,00,00,01,C535,,,1099,2,
FRAME,1876,C74A,D,F8,EA,19,0,0,0,6,1,1,2,00,00,01,,,,,1099,2,
RNG,1877,C535,D,F8,EA,19,0,0,0,6,1,1,2,00,00,01,C535,,,1099,2,
FRAME,1877,C74C,D,7F,ED,1A,1,3,7,6,1,1,2,00,00,01,,,,,1099,2,
RNG,1878,C535,D,7F,ED,1A,1,3,7,6,1,1,2,00,00,01,C535,,,1099,2,
C726,1878,C726,D,21,7A,1B,1,1,1,7,1,1,2,00,00,01,C726,,,1100,2,
OBJECT,1878,E00E,D,21,7A,1B,1,1,1,7,1,1,2,00,00,01,32,$0220,26,1100,2,
FRAME,1878,E00E,D,21,7A,1B,1,1,1,7,1,1,2,00,00,01,,,,,1100,2,
RNG,1879,C535,D,21,7A,1B,1,1,1,7,1,1,2,00,00,01,C535,,,1100,2,
C726,1879,C726,D,21,70,1C,1,1,1,7,1,1,2,00,00,01,C726,,,1101,2,
C726,1879,C726,D,21,70,1C,1,1,1,7,1,1,2,00,00,01,C726,,,1102,2,
C726,1879,C726,D,21,70,1C,1,1,1,7,1,1,2,00,00,01,C726,,,1103,2,
C726,1879,C726,D,21,70,1C,1,1,1,7,1,1,2,00,00,01,C726,,,1104,2,
C726,1879,C726,D,21,70,1C,1,1,1,7,1,1,2,00,00,01,C726,,,1105,2,
OBJECT,1879,C74C,D,21,70,1C,1,1,1,7,1,1,2,00,00,01,33,$0221,5E,1105,2,
OBJECT,1879,C74C,D,21,70,1C,1,1,1,7,1,1,2,00,00,01,34,$0222,45,1105,2,
OBJECT,1879,C74C,D,21,70,1C,1,1,1,7,1,1,2,00,00,01,35,$0223,01,1105,2,
OBJECT,1879,C74C,D,21,70,1C,1,1,1,7,1,1,2,00,00,01,36,$0224,4B,1105,2,
OBJECT,1879,C74C,D,21,70,1C,1,1,1,7,1,1,2,00,00,01,37,$0225,09,1105,2,
FRAME,1879,C74C,D,21,70,1C,1,1,1,7,1,1,2,00,00,01,,,,,1105,2,
RNG,1880,C535,D,21,70,1C,1,1,1,7,1,1,2,00,00,01,C535,,,1105,2,
FRAME,1880,C74E,D,CA,73,1D,0,2,2,7,1,1,2,00,00,01,,,,,1105,2,
RNG,1881,C535,D,CA,73,1D,0,2,2,7,1,1,2,00,00,01,C535,,,1105,2,
FRAME,1881,C74E,D,D0,00,1E,0,0,0,0,1,1,2,00,00,01,,,,,1105,2,
RNG,1882,C535,D,D0,00,1E,0,0,0,0,1,1,2,00,00,01,C535,,,1105,2,
C726,1882,C726,D,55,F7,1F,1,1,5,7,1,1,2,00,00,01,C726,,,1106,2,
OBJECT,1882,E061,D,55,F7,1F,1,1,5,7,1,1,2,00,00,01,38,$0226,26,1106,2,
FRAME,1882,E061,D,55,F7,1F,1,1,5,7,1,1,2,00,00,01,,,,,1106,2,
RNG,1883,C535,D,55,F7,1F,1,1,5,7,1,1,2,00,00,01,C535,,,1106,2,
C726,1883,C726,D,DD,FA,20,1,1,5,7,1,1,2,00,00,01,C726,,,1107,2,
C726,1883,C726,D,DD,FA,20,1,1,5,7,1,1,2,00,00,01,C726,,,1108,2,
C726,1883,C726,D,DD,FA,20,1,1,5,7,1,1,2,00,00,01,C726,,,1109,2,
C726,1883,C726,D,DD,FA,20,1,1,5,7,1,1,2,00,00,01,C726,,,1110,2,
C726,1883,C726,D,DD,FA,20,1,1,5,7,1,1,2,00,00,01,C726,,,1111,2,
OBJECT,1883,C74A,D,DD,FA,20,1,1,5,7,1,1,2,00,00,01,39,$0227,5E,1111,2,
OBJECT,1883,C74A,D,DD,FA,20,1,1,5,7,1,1,2,00,00,01,40,$0228,45,1111,2,
OBJECT,1883,C74A,D,DD,FA,20,1,1,5,7,1,1,2,00,00,01,41,$0229,01,1111,2,
OBJECT,1883,C74A,D,DD,FA,20,1,1,5,7,1,1,2,00,00,01,42,$022A,4B,1111,2,
OBJECT,1883,C74A,D,DD,FA,20,1,1,5,7,1,1,2,00,00,01,43,$022B,09,1111,2,
FRAME,1883,C74A,D,DD,FA,20,1,1,5,7,1,1,2,00,00,01,,,,,1111,2,
RNG,1884,C535,D,DD,FA,20,1,1,5,7,1,1,2,00,00,01,C535,,,1111,2,
FRAME,1884,C74A,D,7D,E8,21,1,1,5,6,1,1,2,00,00,01,,,,,1111,2,
RNG,1885,C535,D,7D,E8,21,1,1,5,6,1,1,2,00,00,01,C535,,,1111,2,
FRAME,1885,C74C,D,7D,DB,22,1,1,5,5,1,1,2,00,00,01,,,,,1111,2,
RNG,1886,C535,D,7D,DB,22,1,1,5,5,1,1,2,00,00,01,C535,,,1111,2,
C726,1886,C726,D,03,DE,23,1,3,3,5,1,1,2,00,00,01,C726,,,1112,2,
OBJECT,1886,E065,D,03,DE,23,1,3,3,5,1,1,2,00,00,01,44,$022C,26,1112,2,
FRAME,1886,E065,D,03,DE,23,1,3,3,5,1,1,2,00,00,01,,,,,1112,2,
RNG,1887,C535,D,03,DE,23,1,3,3,5,1,1,2,00,00,01,C535,,,1112,2,
C726,1887,C726,D,8C,2A,24,0,0,4,2,1,1,2,00,00,01,C726,,,1113,2,
C726,1887,C726,D,8C,2A,24,0,0,4,2,1,1,2,00,00,01,C726,,,1114,2,
C726,1887,C726,D,8C,2A,24,0,0,4,2,1,1,2,00,00,01,C726,,,1115,2,
C726,1887,C726,D,8C,2A,24,0,0,4,2,1,1,2,00,00,01,C726,,,1116,2,
C726,1887,C726,D,8C,2A,24,0,0,4,2,1,1,2,00,00,01,C726,,,1117,2,
OBJECT,1887,C74A,D,8C,2A,24,0,0,4,2,1,1,2,00,00,01,45,$022D,5E,1117,2,
OBJECT,1887,C74A,D,8C,2A,24,0,0,4,2,1,1,2,00,00,01,46,$022E,45,1117,2,
OBJECT,1887,C74A,D,8C,2A,24,0,0,4,2,1,1,2,00,00,01,47,$022F,01,1117,2,
OBJECT,1887,C74A,D,8C,2A,24,0,0,4,2,1,1,2,00,00,01,48,$0230,4B,1117,2,
OBJECT,1887,C74A,D,8C,2A,24,0,0,4,2,1,1,2,00,00,01,49,$0231,09,1117,2,
FRAME,1887,C74A,D,8C,2A,24,0,0,4,2,1,1,2,00,00,01,,,,,1117,2,
RNG,1888,C535,D,8C,2A,24,0,0,4,2,1,1,2,00,00,01,C535,,,1117,2,
FRAME,1888,C74A,D,10,FD,25,0,0,0,7,1,1,2,00,00,01,,,,,1117,2,
RNG,1889,C535,D,10,FD,25,0,0,0,7,1,1,2,00,00,01,C535,,,1117,2,
FRAME,1889,C74C,D,9A,92,26,0,2,2,1,1,1,2,00,00,01,,,,,1117,2,
RNG,1890,C535,D,9A,92,26,0,2,2,1,1,1,2,00,00,01,C535,,,1117,2,
C726,1890,C726,D,53,37,27,1,3,3,3,1,1,2,00,00,01,C726,,,1118,2,
OBJECT,1890,E05D,D,53,37,27,1,3,3,3,1,1,2,00,00,01,50,$0232,26,1118,2,
FRAME,1890,E05D,D,53,37,27,1,3,3,3,1,1,2,00,00,01,,,,,1118,2,
RNG,1891,C535,D,53,37,27,1,3,3,3,1,1,2,00,00,01,C535,,,1118,2,
C726,1891,C726,D,D4,04,28,0,0,4,0,1,1,2,00,00,01,C726,,,1119,2,
C726,1891,C726,D,D4,04,28,0,0,4,0,1,1,2,00,00,01,C726,,,1120,2,
C726,1891,C726,D,D4,04,28,0,0,4,0,1,1,2,00,00,01,C726,,,1121,2,
C726,1891,C726,D,D4,04,28,0,0,4,0,1,1,2,00,00,01,C726,,,1122,2,
C726,1891,C726,D,D4,04,28,0,0,4,0,1,1,2,00,00,01,C726,,,1123,2,
OBJECT,1891,C74C,D,D4,04,28,0,0,4,0,1,1,2,00,00,01,51,$0233,5E,1123,2,
OBJECT,1891,C74C,D,D4,04,28,0,0,4,0,1,1,2,00,00,01,52,$0234,45,1123,2,
OBJECT,1891,C74C,D,D4,04,28,0,0,4,0,1,1,2,00,00,01,53,$0235,01,1123,2,
OBJECT,1891,C74C,D,D4,04,28,0,0,4,0,1,1,2,00,00,01,54,$0236,4B,1123,2,
OBJECT,1891,C74C,D,D4,04,28,0,0,4,0,1,1,2,00,00,01,55,$0237,09,1123,2,
FRAME,1891,C74C,D,D4,04,28,0,0,4,0,1,1,2,00,00,01,,,,,1123,2,
RNG,1892,C535,D,D4,04,28,0,0,4,0,1,1,2,00,00,01,C535,,,1123,2,
FRAME,1892,C74C,D,DB,09,29,1,3,3,0,1,1,2,00,00,01,,,,,1123,2,
RNG,1893,C535,D,DB,09,29,1,3,3,0,1,1,2,00,00,01,C535,,,1123,2,
FRAME,1893,C74C,D,A4,D7,2A,0,0,4,5,1,1,2,00,00,01,,,,,1123,2,
RNG,1894,C535,D,A4,D7,2A,0,0,4,5,1,1,2,00,00,01,C535,,,1123,2,
C726,1894,C726,D,E6,DC,2B,0,2,6,5,1,1,2,00,00,01,C726,,,1124,2,
OBJECT,1894,E05D,D,E6,DC,2B,0,2,6,5,1,1,2,00,00,01,56,$0238,26,1124,2,
FRAME,1894,E05D,D,E6,DC,2B,0,2,6,5,1,1,2,00,00,01,,,,,1124,2,
RNG,1895,C535,D,E6,DC,2B,0,2,6,5,1,1,2,00,00,01,C535,,,1124,2,
C726,1895,C726,D,B6,AB,2C,0,2,6,2,1,1,2,00,00,01,C726,,,1125,2,
C726,1895,C726,D,B6,AB,2C,0,2,6,2,1,1,2,00,00,01,C726,,,1126,2,
C726,1895,C726,D,B6,AB,2C,0,2,6,2,1,1,2,00,00,01,C726,,,1127,2,
C726,1895,C726,D,B6,AB,2C,0,2,6,2,1,1,2,00,00,01,C726,,,1128,2,
C726,1895,C726,D,B6,AB,2C,0,2,6,2,1,1,2,00,00,01,C726,,,1129,2,
OBJECT,1895,C74C,D,B6,AB,2C,0,2,6,2,1,1,2,00,00,01,57,$0239,5E,1129,2,
OBJECT,1895,C74C,D,B6,AB,2C,0,2,6,2,1,1,2,00,00,01,58,$023A,45,1129,2,
OBJECT,1895,C74C,D,B6,AB,2C,0,2,6,2,1,1,2,00,00,01,59,$023B,01,1129,2,
OBJECT,1895,C74C,D,B6,AB,2C,0,2,6,2,1,1,2,00,00,01,60,$023C,4B,1129,2,
OBJECT,1895,C74C,D,B6,AB,2C,0,2,6,2,1,1,2,00,00,01,61,$023D,09,1129,2,
FRAME,1895,C74C,D,B6,AB,2C,0,2,6,2,1,1,2,00,00,01,,,,,1129,2,
RNG,1896,C535,D,B6,AB,2C,0,2,6,2,1,1,2,00,00,01,C535,,,1129,2,
FRAME,1896,C74C,D,D7,B0,2D,1,3,7,3,1,1,2,00,00,01,,,,,1129,2,
RNG,1897,C535,D,D7,B0,2D,1,3,7,3,1,1,2,00,00,01,C535,,,1129,2,
FRAME,1897,C74E,D,80,80,2E,0,0,0,0,1,1,2,00,00,01,,,,,1129,2,
RNG,1898,C535,D,80,80,2E,0,0,0,0,1,1,2,00,00,01,C535,,,1129,2,
C726,1898,C726,D,81,AC,2F,1,1,1,2,1,1,2,00,00,01,C726,,,1130,2,
OBJECT,1898,E060,D,81,AC,2F,1,1,1,2,1,1,2,00,00,01,62,$023E,26,1130,2,
FRAME,1898,E060,D,81,AC,2F,1,1,1,2,1,1,2,00,00,01,,,,,1130,2,
RNG,1899,C535,D,81,AC,2F,1,1,1,2,1,1,2,00,00,01,C535,,,1130,2,
C726,1899,C726,D,1E,85,30,0,2,6,0,1,1,2,00,00,01,C726,,,1131,2,
C726,1899,C726,D,1E,85,30,0,2,6,0,1,1,2,00,00,01,C726,,,1132,2,
C726,1899,C726,D,1E,85,30,0,2,6,0,1,1,2,00,00,01,C726,,,1133,2,
C726,1899,C726,D,1E,85,30,0,2,6,0,1,1,2,00,00,01,C726,,,1134,2,
C726,1899,C726,D,1E,85,30,0,2,6,0,1,1,2,00,00,01,C726,,,1135,2,
OBJECT,1899,C74A,D,1E,85,30,0,2,6,0,1,1,2,00,00,01,0,$0200,45,1135,2,
OBJECT,1899,C74A,D,1E,85,30,0,2,6,0,1,1,2,00,00,01,1,$0201,01,1135,2,
OBJECT,1899,C74A,D,1E,85,30,0,2,6,0,1,1,2,00,00,01,2,$0202,4B,1135,2,
OBJECT,1899,C74A,D,1E,85,30,0,2,6,0,1,1,2,00,00,01,3,$0203,09,1135,2,
OBJECT,1899,C74A,D,1E,85,30,0,2,6,0,1,1,2,00,00,01,63,$023F,5E,1135,2,
FRAME,1899,C74A,D,1E,85,30,0,2,6,0,1,1,2,00,00,01,,,,,1135,2,
RNG,1900,C535,D,1E,85,30,0,2,6,0,1,1,2,00,00,01,C535,,,1135,2,
FRAME,1900,C74A,D,53,84,31,1,3,3,0,1,1,2,00,00,01,,,,,1135,2,
RNG,1901,C535,D,53,84,31,1,3,3,0,1,1,2,00,00,01,C535,,,1135,2,
FRAME,1901,C74C,D,56,74,32,0,2,6,7,1,1,2,00,00,01,,,,,1135,2,
RNG,1902,C535,D,56,74,32,0,2,6,7,1,1,2,00,00,01,C535,,,1135,2,
C726,1902,C726,D,FB,A1,33,1,3,3,2,1,1,2,00,00,01,C726,,,1136,2,
OBJECT,1902,DFC0,D,FB,A1,33,1,3,3,2,1,1,2,00,00,01,4,$0204,26,1136,2,
FRAME,1902,DFC0,D,FB,A1,33,1,3,3,2,1,1,2,00,00,01,,,,,1136,2,
RNG,1903,C535,D,FB,A1,33,1,3,3,2,1,1,2,00,00,01,C535,,,1136,2,
C726,1903,C726,D,82,43,34,0,2,2,4,1,1,2,00,00,01,C726,,,1137,2,
C726,1903,C726,D,82,43,34,0,2,2,4,1,1,2,00,00,01,C726,,,1138,2,
C726,1903,C726,D,82,43,34,0,2,2,4,1,1,2,00,00,01,C726,,,1139,2,
C726,1903,C726,D,82,43,34,0,2,2,4,1,1,2,00,00,01,C726,,,1140,2,
C726,1903,C726,D,82,43,34,0,2,2,4,1,1,2,00,00,01,C726,,,1141,2,
OBJECT,1903,C74C,D,82,43,34,0,2,2,4,1,1,2,00,00,01,5,$0205,5E,1141,2,
OBJECT,1903,C74C,D,82,43,34,0,2,2,4,1,1,2,00,00,01,6,$0206,45,1141,2,
OBJECT,1903,C74C,D,82,43,34,0,2,2,4,1,1,2,00,00,01,7,$0207,01,1141,2,
OBJECT,1903,C74C,D,82,43,34,0,2,2,4,1,1,2,00,00,01,8,$0208,4B,1141,2,
OBJECT,1903,C74C,D,82,43,34,0,2,2,4,1,1,2,00,00,01,9,$0209,09,1141,2,
FRAME,1903,C74C,D,82,43,34,0,2,2,4,1,1,2,00,00,01,,,,,1141,2,
RNG,1904,C535,D,82,43,34,0,2,2,4,1,1,2,00,00,01,C535,,,1141,2,
FRAME,1904,C74C,D,68,43,35,0,0,0,4,1,1,2,00,00,01,,,,,1141,2,
RNG,1905,C535,D,68,43,35,0,0,0,4,1,1,2,00,00,01,C535,,,1141,2,
FRAME,1905,C74E,D,EF,00,36,1,3,7,0,1,1,2,00,00,01,,,,,1141,2,
RNG,1906,C535,D,EF,00,36,1,3,7,0,1,1,2,00,00,01,C535,,,1141,2,
FRAME,1906,C74A,D,8C,CB,37,0,0,4,4,1,1,2,00,00,01,,,,,1141,2,
RNG,1907,C535,D,8C,CB,37,0,0,4,4,1,1,2,00,00,01,C535,,,1141,2,
C726,1907,C726,D,C9,D2,38,1,1,1,5,1,1,2,00,00,01,C726,,,1142,2,
C726,1907,C726,D,C9,D2,38,1,1,1,5,1,1,2,00,00,01,C726,,,1143,2,
C726,1907,C726,D,C9,D2,38,1,1,1,5,1,1,2,00,00,01,C726,,,1144,2,
C726,1907,C726,D,C9,D2,38,1,1,1,5,1,1,2,00,00,01,C726,,,1145,2,
C726,1907,C726,D,C9,D2,38,1,1,1,5,1,1,2,00,00,01,C726,,,1146,2,
C726,1907,C726,D,C9,D2,38,1,1,1,5,1,1,2,00,00,01,C726,,,1147,2,
OBJECT,1907,C74A,D,C9,D2,38,1,1,1,5,1,1,2,00,00,01,10,$020A,26,1147,2,
OBJECT,1907,C74A,D,C9,D2,38,1,1,1,5,1,1,2,00,00,01,11,$020B,5E,1147,2,
OBJECT,1907,C74A,D,C9,D2,38,1,1,1,5,1,1,2,00,00,01,12,$020C,45,1147,2,
OBJECT,1907,C74A,D,C9,D2,38,1,1,1,5,1,1,2,00,00,01,13,$020D,01,1147,2,
OBJECT,1907,C74A,D,C9,D2,38,1,1,1,5,1,1,2,00,00,01,14,$020E,4B,1147,2,
OBJECT,1907,C74A,D,C9,D2,38,1,1,1,5,1,1,2,00,00,01,15,$020F,09,1147,2,
FRAME,1907,C74A,D,C9,D2,38,1,1,1,5,1,1,2,00,00,01,,,,,1147,2,
RNG,1908,C535,D,C9,D2,38,1,1,1,5,1,1,2,00,00,01,C535,,,1147,2,
FRAME,1908,C74C,D,CC,0A,39,0,0,4,0,1,1,2,00,00,01,,,,,1147,2,
RNG,1909,C535,D,CC,0A,39,0,0,4,0,1,1,2,00,00,01,C535,,,1147,2,
FRAME,1909,C74E,D,71,F3,3A,1,1,1,7,1,1,2,00,00,01,,,,,1147,2,
RNG,1910,C535,D,71,F3,3A,1,1,1,7,1,1,2,00,00,01,C535,,,1147,2,
FRAME,1910,C74C,D,F9,03,3B,1,1,1,0,1,1,2,00,00,01,,,,,1147,2,
RNG,1911,C535,D,F9,03,3B,1,1,1,0,1,1,2,00,00,01,C535,,,1147,2,
C726,1911,C726,D,DF,A0,3C,1,3,7,2,1,1,2,00,00,01,C726,,,1148,2,
C726,1911,C726,D,DF,A0,3C,1,3,7,2,1,1,2,00,00,01,C726,,,1149,2,
C726,1911,C726,D,DF,A0,3C,1,3,7,2,1,1,2,00,00,01,C726,,,1150,2,
C726,1911,C726,D,DF,A0,3C,1,3,7,2,1,1,2,00,00,01,C726,,,1151,2,
C726,1911,C726,D,DF,A0,3C,1,3,7,2,1,1,2,00,00,01,C726,,,1152,2,
C726,1911,C726,D,DF,A0,3C,1,3,7,2,1,1,2,00,00,01,C726,,,1153,2,
OBJECT,1911,C74C,D,DF,A0,3C,1,3,7,2,1,1,2,00,00,01,16,$0210,26,1153,2,
OBJECT,1911,C74C,D,DF,A0,3C,1,3,7,2,1,1,2,00,00,01,17,$0211,5E,1153,2,
OBJECT,1911,C74C,D,DF,A0,3C,1,3,7,2,1,1,2,00,00,01,18,$0212,45,1153,2,
OBJECT,1911,C74C,D,DF,A0,3C,1,3,7,2,1,1,2,00,00,01,19,$0213,01,1153,2,
OBJECT,1911,C74C,D,DF,A0,3C,1,3,7,2,1,1,2,00,00,01,20,$0214,4B,1153,2,
OBJECT,1911,C74C,D,DF,A0,3C,1,3,7,2,1,1,2,00,00,01,21,$0215,09,1153,2,
FRAME,1911,C74C,D,DF,A0,3C,1,3,7,2,1,1,2,00,00,01,,,,,1153,2,
RNG,1912,C535,D,DF,A0,3C,1,3,7,2,1,1,2,00,00,01,C535,,,1153,2,
FRAME,1912,C74C,D,67,6B,3D,1,3,7,6,1,1,2,00,00,01,,,,,1153,2,
RNG,1913,C535,D,67,6B,3D,1,3,7,6,1,1,2,00,00,01,C535,,,1153,2,
FRAME,1913,C74E,D,4D,72,3E,1,1,5,7,1,1,2,00,00,01,,,,,1153,2,
RNG,1914,C535,D,4D,72,3E,1,1,5,7,1,1,2,00,00,01,C535,,,1153,2,
FRAME,1914,C74E,D,D5,5A,3F,1,1,5,5,1,1,2,00,00,01,,,,,1153,2,
RNG,1915,C535,D,D5,5A,3F,1,1,5,5,1,1,2,00,00,01,C535,,,1153,2,
C726,1915,C726,D,72,42,40,0,2,2,4,1,1,2,00,00,01,C726,,,1154,2,
C726,1915,C726,D,72,42,40,0,2,2,4,1,1,2,00,00,01,C726,,,1155,2,
C726,1915,C726,D,72,42,40,0,2,2,4,1,1,2,00,00,01,C726,,,1156,2,
C726,1915,C726,D,72,42,40,0,2,2,4,1,1,2,00,00,01,C726,,,1157,2,
C726,1915,C726,D,72,42,40,0,2,2,4,1,1,2,00,00,01,C726,,,1158,2,
C726,1915,C726,D,72,42,40,0,2,2,4,1,1,2,00,00,01,C726,,,1159,2,
OBJECT,1915,C74E,D,72,42,40,0,2,2,4,1,1,2,00,00,01,22,$0216,26,1159,2,
OBJECT,1915,C74E,D,72,42,40,0,2,2,4,1,1,2,00,00,01,23,$0217,5E,1159,2,
OBJECT,1915,C74E,D,72,42,40,0,2,2,4,1,1,2,00,00,01,24,$0218,45,1159,2,
OBJECT,1915,C74E,D,72,42,40,0,2,2,4,1,1,2,00,00,01,25,$0219,01,1159,2,
OBJECT,1915,C74E,D,72,42,40,0,2,2,4,1,1,2,00,00,01,26,$021A,4B,1159,2,
OBJECT,1915,C74E,D,72,42,40,0,2,2,4,1,1,2,00,00,01,27,$021B,09,1159,2,
FRAME,1915,C74E,D,72,42,40,0,2,2,4,1,1,2,00,00,01,,,,,1159,2,
RNG,1916,C535,D,72,42,40,0,2,2,4,1,1,2,00,00,01,C535,,,1159,2,
FRAME,1916,C74C,D,B7,2A,41,1,3,7,2,1,1,2,00,00,01,,,,,1159,2,
RNG,1917,C535,D,B7,2A,41,1,3,7,2,1,1,2,00,00,01,C535,,,1159,2,
FRAME,1917,C74C,D,BA,12,42,0,2,2,1,1,1,2,00,00,01,,,,,1159,2,
RNG,1918,C535,D,BA,12,42,0,2,2,1,1,1,2,00,00,01,C535,,,1159,2,
FRAME,1918,C74C,D,63,F2,43,1,3,3,7,1,1,2,00,00,01,,,,,1159,2,
RNG,1919,C535,D,63,F2,43,1,3,3,7,1,1,2,00,00,01,C535,,,1159,2,
C726,1919,C726,D,63,0A,44,1,3,3,0,1,1,2,00,00,01,C726,,,1160,2,
C726,1919,C726,D,63,0A,44,1,3,3,0,1,1,2,00,00,01,C726,,,1161,2,
C726,1919,C726,D,63,0A,44,1,3,3,0,1,1,2,00,00,01,C726,,,1162,2,
C726,1919,C726,D,63,0A,44,1,3,3,0,1,1,2,00,00,01,C726,,,1163,2,
C726,1919,C726,D,63,0A,44,1,3,3,0,1,1,2,00,00,01,C726,,,1164,2,
C726,1919,C726,D,63,0A,44,1,3,3,0,1,1,2,00,00,01,C726,,,1165,2,
OBJECT,1919,C74C,D,63,0A,44,1,3,3,0,1,1,2,00,00,01,28,$021C,26,1165,2,
OBJECT,1919,C74C,D,63,0A,44,1,3,3,0,1,1,2,00,00,01,29,$021D,5E,1165,2,
OBJECT,1919,C74C,D,63,0A,44,1,3,3,0,1,1,2,00,00,01,30,$021E,45,1165,2,
OBJECT,1919,C74C,D,63,0A,44,1,3,3,0,1,1,2,00,00,01,31,$021F,01,1165,2,
OBJECT,1919,C74C,D,63,0A,44,1,3,3,0,1,1,2,00,00,01,32,$0220,4B,1165,2,
OBJECT,1919,C74C,D,63,0A,44,1,3,3,0,1,1,2,00,00,01,33,$0221,09,1165,2,
FRAME,1919,C74C,D,63,0A,44,1,3,3,0,1,1,2,00,00,01,,,,,1165,2,
RNG,1920,C535,D,63,0A,44,1,3,3,0,1,1,2,00,00,01,C535,,,1165,2,
FRAME,1920,C74C,D,F8,DA,45,0,0,0,5,1,1,2,00,00,01,,,,,1165,2,
RNG,1921,C535,D,F8,DA,45,0,0,0,5,1,1,2,00,00,01,C535,,,1165,2,
FRAME,1921,C74E,D,B3,C9,46,1,3,3,4,1,1,2,00,00,01,,,,,1165,2,
RNG,1922,C535,D,B3,C9,46,1,3,3,4,1,1,2,00,00,01,C535,,,1165,2,
FRAME,1922,C74E,D,58,B7,47,0,0,0,3,1,1,2,00,00,01,,,,,1165,2,
RNG,1923,C535,D,58,B7,47,0,0,0,3,1,1,2,00,00,01,C535,,,1165,2,
C726,1923,C726,D,E1,AE,48,1,1,1,2,1,1,2,00,00,01,C726,,,1166,2,
C726,1923,C726,D,E1,AE,48,1,1,1,2,1,1,2,00,00,01,C726,,,1167,2,
C726,1923,C726,D,E1,AE,48,1,1,1,2,1,1,2,00,00,01,C726,,,1168,2,
C726,1923,C726,D,E1,AE,48,1,1,1,2,1,1,2,00,00,01,C726,,,1169,2,
C726,1923,C726,D,E1,AE,48,1,1,1,2,1,1,2,00,00,01,C726,,,1170,2,
C726,1923,C726,D,E1,AE,48,1,1,1,2,1,1,2,00,00,01,C726,,,1171,2,
OBJECT,1923,C74E,D,E1,AE,48,1,1,1,2,1,1,2,00,00,01,34,$0222,26,1171,2,
OBJECT,1923,C74E,D,E1,AE,48,1,1,1,2,1,1,2,00,00,01,35,$0223,5E,1171,2,
OBJECT,1923,C74E,D,E1,AE,48,1,1,1,2,1,1,2,00,00,01,36,$0224,45,1171,2,
OBJECT,1923,C74E,D,E1,AE,48,1,1,1,2,1,1,2,00,00,01,37,$0225,01,1171,2,
OBJECT,1923,C74E,D,E1,AE,48,1,1,1,2,1,1,2,00,00,01,38,$0226,4B,1171,2,
OBJECT,1923,C74E,D,E1,AE,48,1,1,1,2,1,1,2,00,00,01,39,$0227,09,1171,2,
FRAME,1923,C74E,D,E1,AE,48,1,1,1,2,1,1,2,00,00,01,,,,,1171,2,
RNG,1924,C535,D,E1,AE,48,1,1,1,2,1,1,2,00,00,01,C535,,,1171,2,
FRAME,1924,C74E,D,F9,B1,49,1,1,1,3,1,1,2,00,00,01,,,,,1171,2,
RNG,1925,C535,D,F9,B1,49,1,1,1,3,1,1,2,00,00,01,C535,,,1171,2,
FRAME,1925,C74A,D,62,5A,4A,0,2,2,5,1,1,2,00,00,01,,,,,1171,2,
RNG,1926,C535,D,62,5A,4A,0,2,2,5,1,1,2,00,00,01,C535,,,1171,2,
FRAME,1926,C74A,D,72,8A,4B,0,2,2,0,1,1,2,00,00,01,,,,,1171,2,
RNG,1927,C535,D,72,8A,4B,0,2,2,0,1,1,2,00,00,01,C535,,,1171,2,
C726,1927,C726,D,92,17,4C,0,2,2,1,1,1,2,00,00,01,C726,,,1172,2,
C726,1927,C726,D,92,17,4C,0,2,2,1,1,1,2,00,00,01,C726,,,1173,2,
C726,1927,C726,D,92,17,4C,0,2,2,1,1,1,2,00,00,01,C726,,,1174,2,
C726,1927,C726,D,92,17,4C,0,2,2,1,1,1,2,00,00,01,C726,,,1175,2,
C726,1927,C726,D,92,17,4C,0,2,2,1,1,1,2,00,00,01,C726,,,1176,2,
C726,1927,C726,D,92,17,4C,0,2,2,1,1,1,2,00,00,01,C726,,,1177,2,
OBJECT,1927,C74C,D,92,17,4C,0,2,2,1,1,1,2,00,00,01,40,$0228,26,1177,2,
OBJECT,1927,C74C,D,92,17,4C,0,2,2,1,1,1,2,00,00,01,41,$0229,5E,1177,2,
OBJECT,1927,C74C,D,92,17,4C,0,2,2,1,1,1,2,00,00,01,42,$022A,45,1177,2,
OBJECT,1927,C74C,D,92,17,4C,0,2,2,1,1,1,2,00,00,01,43,$022B,01,1177,2,
OBJECT,1927,C74C,D,92,17,4C,0,2,2,1,1,1,2,00,00,01,44,$022C,4B,1177,2,
OBJECT,1927,C74C,D,92,17,4C,0,2,2,1,1,1,2,00,00,01,45,$022D,09,1177,2,
FRAME,1927,C74C,D,92,17,4C,0,2,2,1,1,1,2,00,00,01,,,,,1177,2,
RNG,1928,C535,D,92,17,4C,0,2,2,1,1,1,2,00,00,01,C535,,,1177,2,
FRAME,1928,C74C,D,B8,57,4D,0,0,0,5,1,1,2,00,00,01,,,,,1177,2,
RNG,1929,C535,D,B8,57,4D,0,0,0,5,1,1,2,00,00,01,C535,,,1177,2,
FRAME,1929,C74C,D,7F,5D,4E,1,3,7,5,1,1,2,00,00,01,,,,,1177,2,
RNG,1930,C535,D,7F,5D,4E,1,3,7,5,1,1,2,00,00,01,C535,,,1177,2,
FRAME,1930,C74C,D,23,0A,4F,1,3,3,0,1,1,2,00,00,01,,,,,1177,2,
RNG,1931,C535,D,23,0A,4F,1,3,3,0,1,1,2,00,00,01,C535,,,1177,2,
C726,1931,C726,D,AD,01,50,1,1,5,0,1,1,2,00,00,01,C726,,,1178,2,
C726,1931,C726,D,AD,01,50,1,1,5,0,1,1,2,00,00,01,C726,,,1179,2,
C726,1931,C726,D,AD,01,50,1,1,5,0,1,1,2,00,00,01,C726,,,1180,2,
C726,1931,C726,D,AD,01,50,1,1,5,0,1,1,2,00,00,01,C726,,,1181,2,
C726,1931,C726,D,AD,01,50,1,1,5,0,1,1,2,00,00,01,C726,,,1182,2,
C726,1931,C726,D,AD,01,50,1,1,5,0,1,1,2,00,00,01,C726,,,1183,2,
OBJECT,1931,C74C,D,AD,01,50,1,1,5,0,1,1,2,00,00,01,46,$022E,26,1183,2,
OBJECT,1931,C74C,D,AD,01,50,1,1,5,0,1,1,2,00,00,01,47,$022F,5E,1183,2,
OBJECT,1931,C74C,D,AD,01,50,1,1,5,0,1,1,2,00,00,01,48,$0230,45,1183,2,
OBJECT,1931,C74C,D,AD,01,50,1,1,5,0,1,1,2,00,00,01,49,$0231,01,1183,2,
OBJECT,1931,C74C,D,AD,01,50,1,1,5,0,1,1,2,00,00,01,50,$0232,4B,1183,2,
OBJECT,1931,C74C,D,AD,01,50,1,1,5,0,1,1,2,00,00,01,51,$0233,09,1183,2,
FRAME,1931,C74C,D,AD,01,50,1,1,5,0,1,1,2,00,00,01,,,,,1183,2,
RNG,1932,C535,D,AD,01,50,1,1,5,0,1,1,2,00,00,01,C535,,,1183,2,
FRAME,1932,C74C,D,75,04,51,1,1,5,0,1,1,2,00,00,01,,,,,1183,2,
RNG,1933,C535,D,75,04,51,1,1,5,0,1,1,2,00,00,01,C535,,,1183,2,
FRAME,1933,C74A,D,3D,CD,52,1,1,5,4,1,1,2,00,00,01,,,,,1183,2,
RNG,1934,C535,D,3D,CD,52,1,1,5,4,1,1,2,00,00,01,C535,,,1183,2,
FRAME,1934,C74A,D,05,CF,53,1,1,5,4,1,1,2,00,00,01,,,,,1183,2,
RNG,1935,C535,D,05,CF,53,1,1,5,4,1,1,2,00,00,01,C535,,,1183,2,
C726,1935,C726,D,CD,9F,54,1,1,5,1,1,1,2,00,00,01,C726,,,1184,2,
C726,1935,C726,D,CD,9F,54,1,1,5,1,1,1,2,00,00,01,C726,,,1185,2,
C726,1935,C726,D,CD,9F,54,1,1,5,1,1,1,2,00,00,01,C726,,,1186,2,
C726,1935,C726,D,CD,9F,54,1,1,5,1,1,1,2,00,00,01,C726,,,1187,2,
C726,1935,C726,D,CD,9F,54,1,1,5,1,1,1,2,00,00,01,C726,,,1188,2,
C726,1935,C726,D,CD,9F,54,1,1,5,1,1,1,2,00,00,01,C726,,,1189,2,
OBJECT,1935,C74C,D,CD,9F,54,1,1,5,1,1,1,2,00,00,01,52,$0234,26,1189,2,
OBJECT,1935,C74C,D,CD,9F,54,1,1,5,1,1,1,2,00,00,01,53,$0235,5E,1189,2,
OBJECT,1935,C74C,D,CD,9F,54,1,1,5,1,1,1,2,00,00,01,54,$0236,45,1189,2,
OBJECT,1935,C74C,D,CD,9F,54,1,1,5,1,1,1,2,00,00,01,55,$0237,01,1189,2,
OBJECT,1935,C74C,D,CD,9F,54,1,1,5,1,1,1,2,00,00,01,56,$0238,4B,1189,2,
OBJECT,1935,C74C,D,CD,9F,54,1,1,5,1,1,1,2,00,00,01,57,$0239,09,1189,2,
FRAME,1935,C74C,D,CD,9F,54,1,1,5,1,1,1,2,00,00,01,,,,,1189,2,
RNG,1936,C535,D,CD,9F,54,1,1,5,1,1,1,2,00,00,01,C535,,,1189,2,
FRAME,1936,C74C,D,73,B2,55,1,3,3,3,1,1,2,00,00,01,,,,,1189,2,
RNG,1937,C535,D,73,B2,55,1,3,3,3,1,1,2,00,00,01,C535,,,1189,2,
FRAME,1937,C74E,D,FC,D2,56,0,0,4,5,1,1,2,00,00,01,,,,,1189,2,
RNG,1938,C535,D,FC,D2,56,0,0,4,5,1,1,2,00,00,01,C535,,,1189,2,
FRAME,1938,C74A,D,E4,4F,57,0,0,4,4,1,1,2,00,00,01,,,,,1189,2,
RNG,1939,C535,D,E4,4F,57,0,0,4,4,1,1,2,00,00,01,C535,,,1189,2,
C726,1939,C726,D,C4,33,58,0,0,4,3,1,1,2,00,00,01,C726,,,1190,2,
C726,1939,C726,D,C4,33,58,0,0,4,3,1,1,2,00,00,01,C726,,,1191,2,
C726,1939,C726,D,C4,33,58,0,0,4,3,1,1,2,00,00,01,C726,,,1192,2,
C726,1939,C726,D,C4,33,58,0,0,4,3,1,1,2,00,00,01,C726,,,1193,2,
C726,1939,C726,D,C4,33,58,0,0,4,3,1,1,2,00,00,01,C726,,,1194,2,
C726,1939,C726,D,C4,33,58,0,0,4,3,1,1,2,00,00,01,C726,,,1195,2,
OBJECT,1939,C74C,D,C4,33,58,0,0,4,3,1,1,2,00,00,01,58,$023A,26,1195,2,
OBJECT,1939,C74C,D,C4,33,58,0,0,4,3,1,1,2,00,00,01,59,$023B,5E,1195,2,
OBJECT,1939,C74C,D,C4,33,58,0,0,4,3,1,1,2,00,00,01,60,$023C,45,1195,2,
OBJECT,1939,C74C,D,C4,33,58,0,0,4,3,1,1,2,00,00,01,61,$023D,01,1195,2,
OBJECT,1939,C74C,D,C4,33,58,0,0,4,3,1,1,2,00,00,01,62,$023E,4B,1195,2,
OBJECT,1939,C74C,D,C4,33,58,0,0,4,3,1,1,2,00,00,01,63,$023F,09,1195,2,
FRAME,1939,C74C,D,C4,33,58,0,0,4,3,1,1,2,00,00,01,,,,,1195,2,
RNG,1940,C535,D,C4,33,58,0,0,4,3,1,1,2,00,00,01,C535,,,1195,2,
FRAME,1940,C74C,D,C7,D5,59,1,3,7,5,1,1,2,00,00,01,,,,,1195,2,
RNG,1941,C535,D,C7,D5,59,1,3,7,5,1,1,2,00,00,01,C535,,,1195,2,
FRAME,1941,C74C,D,97,2D,5A,1,3,7,2,1,1,2,00,00,01,,,,,1195,2,
RNG,1942,C535,D,97,2D,5A,1,3,7,2,1,1,2,00,00,01,C535,,,1195,2,
FRAME,1942,C74A,D,5E,4D,5B,0,2,6,4,1,1,2,00,00,01,,,,,1195,2,
RNG,1943,C535,D,5E,4D,5B,0,2,6,4,1,1,2,00,00,01,C535,,,1195,2,
C726,1943,C726,D,BE,6B,5C,0,2,6,6,1,1,2,00,00,01,C726,,,1196,2,
C726,1943,C726,D,BE,6B,5C,0,2,6,6,1,1,2,00,00,01,C726,,,1197,2,
C726,1943,C726,D,BE,6B,5C,0,2,6,6,1,1,2,00,00,01,C726,,,1198,2,
C726,1943,C726,D,BE,6B,5C,0,2,6,6,1,1,2,00,00,01,C726,,,1199,2,
C726,1943,C726,D,BE,6B,5C,0,2,6,6,1,1,2,00,00,01,C726,,,1200,2,
C726,1943,C726,D,BE,6B,5C,0,2,6,6,1,1,2,00,00,01,C726,,,1201,2,
OBJECT,1943,C74C,D,BE,6B,5C,0,2,6,6,1,1,2,00,00,01,0,$0200,26,1201,2,
OBJECT,1943,C74C,D,BE,6B,5C,0,2,6,6,1,1,2,00,00,01,1,$0201,5E,1201,2,
OBJECT,1943,C74C,D,BE,6B,5C,0,2,6,6,1,1,2,00,00,01,2,$0202,45,1201,2,
OBJECT,1943,C74C,D,BE,6B,5C,0,2,6,6,1,1,2,00,00,01,3,$0203,01,1201,2,
OBJECT,1943,C74C,D,BE,6B,5C,0,2,6,6,1,1,2,00,00,01,4,$0204,4B,1201,2,
OBJECT,1943,C74C,D,BE,6B,5C,0,2,6,6,1,1,2,00,00,01,5,$0205,09,1201,2,
FRAME,1943,C74C,D,BE,6B,5C,0,2,6,6,1,1,2,00,00,01,,,,,1201,2,
RNG,1944,C535,D,BE,6B,5C,0,2,6,6,1,1,2,00,00,01,C535,,,1201,2,
FRAME,1944,C74C,D,60,4D,5D,0,0,0,4,1,1,2,00,00,01,,,,,1201,2,
RNG,1945,C535,D,60,4D,5D,0,0,0,4,1,1,2,00,00,01,C535,,,1201,2,
FRAME,1945,C74E,D,60,99,5E,0,0,0,1,1,1,2,00,00,01,,,,,1201,2,
RNG,1946,C535,D,60,99,5E,0,0,0,1,1,1,2,00,00,01,C535,,,1201,2,
FRAME,1946,C74E,D,FD,5D,5F,1,1,5,5,1,1,2,00,00,01,,,,,1201,2,
RNG,1947,C535,D,FD,5D,5F,1,1,5,5,1,1,2,00,00,01,C535,,,1201,2,
C726,1947,C726,D,AF,F2,60,1,3,7,7,1,1,2,00,00,01,C726,,,1202,2,
C726,1947,C726,D,AF,F2,60,1,3,7,7,1,1,2,00,00,01,C726,,,1203,2,
C726,1947,C726,D,AF,F2,60,1,3,7,7,1,1,2,00,00,01,C726,,,1204,2,
C726,1947,C726,D,AF,F2,60,1,3,7,7,1,1,2,00,00,01,C726,,,1205,2,
C726,1947,C726,D,AF,F2,60,1,3,7,7,1,1,2,00,00,01,C726,,,1206,2,
C726,1947,C726,D,AF,F2,60,1,3,7,7,1,1,2,00,00,01,C726,,,1207,2,
OBJECT,1947,C74E,D,AF,F2,60,1,3,7,7,1,1,2,00,00,01,6,$0206,26,1207,2,
OBJECT,1947,C74E,D,AF,F2,60,1,3,7,7,1,1,2,00,00,01,7,$0207,5E,1207,2,
OBJECT,1947,C74E,D,AF,F2,60,1,3,7,7,1,1,2,00,00,01,8,$0208,45,1207,2,
OBJECT,1947,C74E,D,AF,F2,60,1,3,7,7,1,1,2,00,00,01,9,$0209,01,1207,2,
OBJECT,1947,C74E,D,AF,F2,60,1,3,7,7,1,1,2,00,00,01,10,$020A,4B,1207,2,
OBJECT,1947,C74E,D,AF,F2,60,1,3,7,7,1,1,2,00,00,01,11,$020B,09,1207,2,
FRAME,1947,C74E,D,AF,F2,60,1,3,7,7,1,1,2,00,00,01,,,,,1207,2,
RNG,1948,C535,D,AF,F2,60,1,3,7,7,1,1,2,00,00,01,C535,,,1207,2,
FRAME,1948,C74E,D,B6,1E,61,0,2,6,1,1,1,2,00,00,01,,,,,1207,2,
RNG,1949,C535,D,B6,1E,61,0,2,6,1,1,1,2,00,00,01,C535,,,1207,2,
FRAME,1949,C74A,D,9E,F6,62,0,2,6,7,1,1,2,00,00,01,,,,,1207,2,
RNG,1950,C535,D,9E,F6,62,0,2,6,7,1,1,2,00,00,01,C535,,,1207,2,
FRAME,1950,C74A,D,86,F5,63,0,2,6,7,1,1,2,00,00,01,,,,,1207,2,
RNG,1951,C535,D,86,F5,63,0,2,6,7,1,1,2,00,00,01,C535,,,1207,2,
C726,1951,C726,D,6E,E5,64,0,2,6,6,1,1,2,00,00,01,C726,,,1208,2,
C726,1951,C726,D,6E,E5,64,0,2,6,6,1,1,2,00,00,01,C726,,,1209,2,
C726,1951,C726,D,6E,E5,64,0,2,6,6,1,1,2,00,00,01,C726,,,1210,2,
C726,1951,C726,D,6E,E5,64,0,2,6,6,1,1,2,00,00,01,C726,,,1211,2,
C726,1951,C726,D,6E,E5,64,0,2,6,6,1,1,2,00,00,01,C726,,,1212,2,
C726,1951,C726,D,6E,E5,64,0,2,6,6,1,1,2,00,00,01,C726,,,1213,2,
OBJECT,1951,C74C,D,6E,E5,64,0,2,6,6,1,1,2,00,00,01,12,$020C,26,1213,2,
OBJECT,1951,C74C,D,6E,E5,64,0,2,6,6,1,1,2,00,00,01,13,$020D,5E,1213,2,
OBJECT,1951,C74C,D,6E,E5,64,0,2,6,6,1,1,2,00,00,01,14,$020E,45,1213,2,
OBJECT,1951,C74C,D,6E,E5,64,0,2,6,6,1,1,2,00,00,01,15,$020F,01,1213,2,
OBJECT,1951,C74C,D,6E,E5,64,0,2,6,6,1,1,2,00,00,01,16,$0210,4B,1213,2,
OBJECT,1951,C74C,D,6E,E5,64,0,2,6,6,1,1,2,00,00,01,17,$0211,09,1213,2,
FRAME,1951,C74C,D,6E,E5,64,0,2,6,6,1,1,2,00,00,01,,,,,1213,2,
RNG,1952,C535,D,6E,E5,64,0,2,6,6,1,1,2,00,00,01,C535,,,1213,2,
FRAME,1952,C74C,D,56,E8,65,0,2,6,6,1,1,2,00,00,01,,,,,1213,2,
RNG,1953,C535,D,56,E8,65,0,2,6,6,1,1,2,00,00,01,C535,,,1213,2,
FRAME,1953,C74C,D,36,08,66,0,2,6,0,1,1,2,00,00,01,,,,,1213,2,
RNG,1954,C535,D,36,08,66,0,2,6,0,1,1,2,00,00,01,C535,,,1213,2,
FRAME,1954,C74C,D,4E,EF,67,0,2,6,6,1,1,2,00,00,01,,,,,1213,2,
RNG,1955,C535,D,4E,EF,67,0,2,6,6,1,1,2,00,00,01,C535,,,1213,2,
C726,1955,C726,D,1E,D2,68,0,2,6,5,1,1,2,00,00,01,C726,,,1214,2,
C726,1955,C726,D,1E,D2,68,0,2,6,5,1,1,2,00,00,01,C726,,,1215,2,
C726,1955,C726,D,1E,D2,68,0,2,6,5,1,1,2,00,00,01,C726,,,1216,2,
C726,1955,C726,D,1E,D2,68,0,2,6,5,1,1,2,00,00,01,C726,,,1217,2,
C726,1955,C726,D,1E,D2,68,0,2,6,5,1,1,2,00,00,01,C726,,,1218,2,
C726,1955,C726,D,1E,D2,68,0,2,6,5,1,1,2,00,00,01,C726,,,1219,2,
OBJECT,1955,C74C,D,1E,D2,68,0,2,6,5,1,1,2,00,00,01,18,$0212,26,1219,2,
OBJECT,1955,C74C,D,1E,D2,68,0,2,6,5,1,1,2,00,00,01,19,$0213,5E,1219,2,
OBJECT,1955,C74C,D,1E,D2,68,0,2,6,5,1,1,2,00,00,01,20,$0214,45,1219,2,
OBJECT,1955,C74C,D,1E,D2,68,0,2,6,5,1,1,2,00,00,01,21,$0215,01,1219,2,
OBJECT,1955,C74C,D,1E,D2,68,0,2,6,5,1,1,2,00,00,01,22,$0216,4B,1219,2,
OBJECT,1955,C74C,D,1E,D2,68,0,2,6,5,1,1,2,00,00,01,23,$0217,09,1219,2,
FRAME,1955,C74C,D,1E,D2,68,0,2,6,5,1,1,2,00,00,01,,,,,1219,2,
RNG,1956,C535,D,1E,D2,68,0,2,6,5,1,1,2,00,00,01,C535,,,1219,2,
FRAME,1956,C74C,D,13,C0,69,1,3,3,4,1,1,2,00,00,01,,,,,1219,2,
RNG,1957,C535,D,13,C0,69,1,3,3,4,1,1,2,00,00,01,C535,,,1219,2,
FRAME,1957,C74E,D,73,B4,6A,1,3,3,3,1,1,2,00,00,01,,,,,1219,2,
RNG,1958,C535,D,73,B4,6A,1,3,3,3,1,1,2,00,00,01,C535,,,1219,2,
FRAME,1958,C74A,D,F8,B7,6B,0,0,0,3,1,1,2,00,00,01,,,,,1219,2,
RNG,1959,C535,D,F8,B7,6B,0,0,0,3,1,1,2,00,00,01,C535,,,1219,2,
C726,1959,C726,D,7E,64,6C,0,2,6,6,1,1,2,00,00,01,C726,,,1220,2,
C726,1959,C726,D,7E,64,6C,0,2,6,6,1,1,2,00,00,01,C726,,,1221,2,
C726,1959,C726,D,7E,64,6C,0,2,6,6,1,1,2,00,00,01,C726,,,1222,2,
C726,1959,C726,D,7E,64,6C,0,2,6,6,1,1,2,00,00,01,C726,,,1223,2,
C726,1959,C726,D,7E,64,6C,0,2,6,6,1,1,2,00,00,01,C726,,,1224,2,
C726,1959,C726,D,7E,64,6C,0,2,6,6,1,1,2,00,00,01,C726,,,1225,2,
OBJECT,1959,C74C,D,7E,64,6C,0,2,6,6,1,1,2,00,00,01,24,$0218,26,1225,2,
OBJECT,1959,C74C,D,7E,64,6C,0,2,6,6,1,1,2,00,00,01,25,$0219,5E,1225,2,
OBJECT,1959,C74C,D,7E,64,6C,0,2,6,6,1,1,2,00,00,01,26,$021A,45,1225,2,
OBJECT,1959,C74C,D,7E,64,6C,0,2,6,6,1,1,2,00,00,01,27,$021B,01,1225,2,
OBJECT,1959,C74C,D,7E,64,6C,0,2,6,6,1,1,2,00,00,01,28,$021C,4B,1225,2,
OBJECT,1959,C74C,D,7E,64,6C,0,2,6,6,1,1,2,00,00,01,29,$021D,09,1225,2,
FRAME,1959,C74C,D,7E,64,6C,0,2,6,6,1,1,2,00,00,01,,,,,1225,2,
RNG,1960,C535,D,7E,64,6C,0,2,6,6,1,1,2,00,00,01,C535,,,1225,2,
FRAME,1960,C74C,D,88,58,6D,0,0,0,5,1,1,2,00,00,01,,,,,1225,2,
RNG,1961,C535,D,88,58,6D,0,0,0,5,1,1,2,00,00,01,C535,,,1225,2,
FRAME,1961,C74E,D,92,5B,6E,0,2,2,5,1,1,2,00,00,01,,,,,1225,2,
RNG,1962,C535,D,92,5B,6E,0,2,2,5,1,1,2,00,00,01,C535,,,1225,2,
FRAME,1962,C74A,D,AA,24,6F,0,2,2,2,1,1,2,00,00,01,,,,,1225,2,
RNG,1963,C535,D,AA,24,6F,0,2,2,2,1,1,2,00,00,01,C535,,,1225,2,
C726,1963,C726,D,0F,2B,70,1,3,7,2,1,1,2,00,00,01,C726,,,1226,2,
C726,1963,C726,D,0F,2B,70,1,3,7,2,1,1,2,00,00,01,C726,,,1227,2,
C726,1963,C726,D,0F,2B,70,1,3,7,2,1,1,2,00,00,01,C726,,,1228,2,
C726,1963,C726,D,0F,2B,70,1,3,7,2,1,1,2,00,00,01,C726,,,1229,2,
C726,1963,C726,D,0F,2B,70,1,3,7,2,1,1,2,00,00,01,C726,,,1230,2,
C726,1963,C726,D,0F,2B,70,1,3,7,2,1,1,2,00,00,01,C726,,,1231,2,
OBJECT,1963,C74E,D,0F,2B,70,1,3,7,2,1,1,2,00,00,01,30,$021E,26,1231,2,
OBJECT,1963,C74E,D,0F,2B,70,1,3,7,2,1,1,2,00,00,01,31,$021F,5E,1231,2,
OBJECT,1963,C74E,D,0F,2B,70,1,3,7,2,1,1,2,00,00,01,32,$0220,45,1231,2,
OBJECT,1963,C74E,D,0F,2B,70,1,3,7,2,1,1,2,00,00,01,33,$0221,01,1231,2,
OBJECT,1963,C74E,D,0F,2B,70,1,3,7,2,1,1,2,00,00,01,34,$0222,4B,1231,2,
OBJECT,1963,C74E,D,0F,2B,70,1,3,7,2,1,1,2,00,00,01,35,$0223,09,1231,2,
FRAME,1963,C74E,D,0F,2B,70,1,3,7,2,1,1,2,00,00,01,,,,,1231,2,
RNG,1964,C535,D,0F,2B,70,1,3,7,2,1,1,2,00,00,01,C535,,,1231,2,
FRAME,1964,C74E,D,95,FB,71,1,1,5,7,1,1,2,00,00,01,,,,,1231,2,
RNG,1965,C535,D,95,FB,71,1,1,5,7,1,1,2,00,00,01,C535,,,1231,2,
FRAME,1965,C74C,D,FA,07,72,0,2,2,0,1,1,2,00,00,01,,,,,1231,2,
RNG,1966,C535,D,FA,07,72,0,2,2,0,1,1,2,00,00,01,C535,,,1231,2,
FRAME,1966,C74C,D,80,B0,73,0,0,0,3,1,1,2,00,00,01,,,,,1231,2,
RNG,1967,C535,D,80,B0,73,0,0,0,3,1,1,2,00,00,01,C535,,,1231,2,
C726,1967,C726,D,2A,B0,74,0,2,2,3,1,1,2,00,00,01,C726,,,1232,2,
C726,1967,C726,D,2A,B0,74,0,2,2,3,1,1,2,00,00,01,C726,,,1233,2,
C726,1967,C726,D,2A,B0,74,0,2,2,3,1,1,2,00,00,01,C726,,,1234,2,
C726,1967,C726,D,2A,B0,74,0,2,2,3,1,1,2,00,00,01,C726,,,1235,2,
C726,1967,C726,D,2A,B0,74,0,2,2,3,1,1,2,00,00,01,C726,,,1236,2,
C726,1967,C726,D,2A,B0,74,0,2,2,3,1,1,2,00,00,01,C726,,,1237,2,
OBJECT,1967,C74C,D,2A,B0,74,0,2,2,3,1,1,2,00,00,01,36,$0224,26,1237,2,
OBJECT,1967,C74C,D,2A,B0,74,0,2,2,3,1,1,2,00,00,01,37,$0225,5E,1237,2,
OBJECT,1967,C74C,D,2A,B0,74,0,2,2,3,1,1,2,00,00,01,38,$0226,45,1237,2,
OBJECT,1967,C74C,D,2A,B0,74,0,2,2,3,1,1,2,00,00,01,39,$0227,01,1237,2,
OBJECT,1967,C74C,D,2A,B0,74,0,2,2,3,1,1,2,00,00,01,40,$0228,4B,1237,2,
OBJECT,1967,C74C,D,2A,B0,74,0,2,2,3,1,1,2,00,00,01,41,$0229,09,1237,2,
FRAME,1967,C74C,D,2A,B0,74,0,2,2,3,1,1,2,00,00,01,,,,,1237,2,
RNG,1968,C535,D,2A,B0,74,0,2,2,3,1,1,2,00,00,01,C535,,,1237,2,
FRAME,1968,C74C,D,D7,3D,75,1,3,7,3,1,1,2,00,00,01,,,,,1237,2,
RNG,1969,C535,D,D7,3D,75,1,3,7,3,1,1,2,00,00,01,C535,,,1237,2,
FRAME,1969,C74E,D,E2,31,76,0,2,2,3,1,1,2,00,00,01,,,,,1237,2,
RNG,1970,C535,D,E2,31,76,0,2,2,3,1,1,2,00,00,01,C535,,,1237,2,
FRAME,1970,C74E,D,E5,34,77,1,1,5,3,1,1,2,00,00,01,,,,,1237,2,
RNG,1971,C535,D,E5,34,77,1,1,5,3,1,1,2,00,00,01,C535,,,1237,2,
C726,1971,C726,D,72,D9,78,0,2,2,5,1,1,2,00,00,01,C726,,,1238,2,
C726,1971,C726,D,72,D9,78,0,2,2,5,1,1,2,00,00,01,C726,,,1239,2,
C726,1971,C726,D,72,D9,78,0,2,2,5,1,1,2,00,00,01,C726,,,1240,2,
C726,1971,C726,D,72,D9,78,0,2,2,5,1,1,2,00,00,01,C726,,,1241,2,
C726,1971,C726,D,72,D9,78,0,2,2,5,1,1,2,00,00,01,C726,,,1242,2,
C726,1971,C726,D,72,D9,78,0,2,2,5,1,1,2,00,00,01,C726,,,1243,2,
OBJECT,1971,C74A,D,72,D9,78,0,2,2,5,1,1,2,00,00,01,42,$022A,26,1243,2,
OBJECT,1971,C74A,D,72,D9,78,0,2,2,5,1,1,2,00,00,01,43,$022B,5E,1243,2,
OBJECT,1971,C74A,D,72,D9,78,0,2,2,5,1,1,2,00,00,01,44,$022C,45,1243,2,
OBJECT,1971,C74A,D,72,D9,78,0,2,2,5,1,1,2,00,00,01,45,$022D,01,1243,2,
OBJECT,1971,C74A,D,72,D9,78,0,2,2,5,1,1,2,00,00,01,46,$022E,4B,1243,2,
OBJECT,1971,C74A,D,72,D9,78,0,2,2,5,1,1,2,00,00,01,47,$022F,09,1243,2,
FRAME,1971,C74A,D,72,D9,78,0,2,2,5,1,1,2,00,00,01,,,,,1243,2,
RNG,1972,C535,D,72,D9,78,0,2,2,5,1,1,2,00,00,01,C535,,,1243,2,
FRAME,1972,C74E,D,22,B8,79,0,2,2,3,1,1,2,00,00,01,,,,,1243,2,
RNG,1973,C535,D,22,B8,79,0,2,2,3,1,1,2,00,00,01,C535,,,1243,2,
FRAME,1973,C74A,D,29,E1,7A,1,1,1,6,1,1,2,00,00,01,,,,,1243,2,
RNG,1974,C535,D,29,E1,7A,1,1,1,6,1,1,2,00,00,01,C535,,,1243,2,
FRAME,1974,C74A,D,B6,E2,7B,0,2,6,6,1,1,2,00,00,01,,,,,1243,2,
RNG,1975,C535,D,B6,E2,7B,0,2,6,6,1,1,2,00,00,01,C535,,,1243,2,
C726,1975,C726,D,6A,6F,7C,0,2,2,6,1,1,2,00,00,01,C726,,,1244,2,
C726,1975,C726,D,6A,6F,7C,0,2,2,6,1,1,2,00,00,01,C726,,,1245,2,
C726,1975,C726,D,6A,6F,7C,0,2,2,6,1,1,2,00,00,01,C726,,,1246,2,
C726,1975,C726,D,6A,6F,7C,0,2,2,6,1,1,2,00,00,01,C726,,,1247,2,
C726,1975,C726,D,6A,6F,7C,0,2,2,6,1,1,2,00,00,01,C726,,,1248,2,
C726,1975,C726,D,6A,6F,7C,0,2,2,6,1,1,2,00,00,01,C726,,,1249,2,
OBJECT,1975,C74A,D,6A,6F,7C,0,2,2,6,1,1,2,00,00,01,48,$0230,26,1249,2,
OBJECT,1975,C74A,D,6A,6F,7C,0,2,2,6,1,1,2,00,00,01,49,$0231,5E,1249,2,
OBJECT,1975,C74A,D,6A,6F,7C,0,2,2,6,1,1,2,00,00,01,50,$0232,45,1249,2,
OBJECT,1975,C74A,D,6A,6F,7C,0,2,2,6,1,1,2,00,00,01,51,$0233,01,1249,2,
OBJECT,1975,C74A,D,6A,6F,7C,0,2,2,6,1,1,2,00,00,01,52,$0234,4B,1249,2,
OBJECT,1975,C74A,D,6A,6F,7C,0,2,2,6,1,1,2,00,00,01,53,$0235,09,1249,2,
FRAME,1975,C74A,D,6A,6F,7C,0,2,2,6,1,1,2,00,00,01,,,,,1249,2,
RNG,1976,C535,D,6A,6F,7C,0,2,2,6,1,1,2,00,00,01,C535,,,1249,2,
FRAME,1976,C74E,D,71,64,7D,1,1,1,6,1,1,2,00,00,01,,,,,1249,2,
RNG,1977,C535,D,71,64,7D,1,1,1,6,1,1,2,00,00,01,C535,,,1249,2,
FRAME,1977,C74E,D,89,67,7E,1,1,1,6,1,1,2,00,00,01,,,,,1249,2,
RNG,1978,C535,D,89,67,7E,1,1,1,6,1,1,2,00,00,01,C535,,,1249,2,
FRAME,1978,C74E,D,F2,14,7F,0,2,2,1,1,1,2,00,00,01,,,,,1249,2,
RNG,1979,C535,D,F2,14,7F,0,2,2,1,1,1,2,00,00,01,C535,,,1249,2,
C726,1979,C726,D,FA,09,80,0,2,2,0,1,1,2,00,00,01,C726,,,1250,2,
C726,1979,C726,D,FA,09,80,0,2,2,0,1,1,2,00,00,01,C726,,,1251,2,
C726,1979,C726,D,FA,09,80,0,2,2,0,1,1,2,00,00,01,C726,,,1252,2,
C726,1979,C726,D,FA,09,80,0,2,2,0,1,1,2,00,00,01,C726,,,1253,2,
C726,1979,C726,D,FA,09,80,0,2,2,0,1,1,2,00,00,01,C726,,,1254,2,
C726,1979,C726,D,FA,09,80,0,2,2,0,1,1,2,00,00,01,C726,,,1255,2,
OBJECT,1979,C74E,D,FA,09,80,0,2,2,0,1,1,2,00,00,01,54,$0236,26,1255,2,
OBJECT,1979,C74E,D,FA,09,80,0,2,2,0,1,1,2,00,00,01,55,$0237,5E,1255,2,
OBJECT,1979,C74E,D,FA,09,80,0,2,2,0,1,1,2,00,00,01,56,$0238,45,1255,2,
OBJECT,1979,C74E,D,FA,09,80,0,2,2,0,1,1,2,00,00,01,57,$0239,01,1255,2,
OBJECT,1979,C74E,D,FA,09,80,0,2,2,0,1,1,2,00,00,01,58,$023A,4B,1255,2,
OBJECT,1979,C74E,D,FA,09,80,0,2,2,0,1,1,2,00,00,01,59,$023B,09,1255,2,
FRAME,1979,C74E,D,FA,09,80,0,2,2,0,1,1,2,00,00,01,,,,,1255,2,
RNG,1980,C535,D,FA,09,80,0,2,2,0,1,1,2,00,00,01,C535,,,1255,2,
FRAME,1980,C74E,D,87,0C,81,1,3,7,0,1,1,2,00,00,01,,,,,1255,2,
RNG,1981,C535,D,87,0C,81,1,3,7,0,1,1,2,00,00,01,C535,,,1255,2,
FRAME,1981,C74C,D,3F,FC,82,1,3,7,7,1,1,2,00,00,01,,,,,1255,2,
RNG,1982,C535,D,3F,FC,82,1,3,7,7,1,1,2,00,00,01,C535,,,1255,2,
FRAME,1982,C74C,D,46,FF,83,0,2,6,7,1,1,2,00,00,01,,,,,1255,2,
RNG,1983,C535,D,46,FF,83,0,2,6,7,1,1,2,00,00,01,C535,,,1255,2,
C726,1983,C726,D,D3,4B,84,1,3,3,4,1,1,2,00,00,01,C726,,,1256,2,
C726,1983,C726,D,D3,4B,84,1,3,3,4,1,1,2,00,00,01,C726,,,1257,2,
C726,1983,C726,D,D3,4B,84,1,3,3,4,1,1,2,00,00,01,C726,,,1258,2,
C726,1983,C726,D,D3,4B,84,1,3,3,4,1,1,2,00,00,01,C726,,,1259,2,
C726,1983,C726,D,D3,4B,84,1,3,3,4,1,1,2,00,00,01,C726,,,1260,2,
C726,1983,C726,D,D3,4B,84,1,3,3,4,1,1,2,00,00,01,C726,,,1261,2,
OBJECT,1983,C74E,D,D3,4B,84,1,3,3,4,1,1,2,00,00,01,0,$0200,4B,1261,2,
OBJECT,1983,C74E,D,D3,4B,84,1,3,3,4,1,1,2,00,00,01,1,$0201,09,1261,2,
OBJECT,1983,C74E,D,D3,4B,84,1,3,3,4,1,1,2,00,00,01,60,$023C,26,1261,2,
OBJECT,1983,C74E,D,D3,4B,84,1,3,3,4,1,1,2,00,00,01,61,$023D,5E,1261,2,
OBJECT,1983,C74E,D,D3,4B,84,1,3,3,4,1,1,2,00,00,01,62,$023E,45,1261,2,
OBJECT,1983,C74E,D,D3,4B,84,1,3,3,4,1,1,2,00,00,01,63,$023F,01,1261,2,
FRAME,1983,C74E,D,D3,4B,84,1,3,3,4,1,1,2,00,00,01,,,,,1261,2,
RNG,1984,C535,D,D3,4B,84,1,3,3,4,1,1,2,00,00,01,C535,,,1261,2,
FRAME,1984,C74E,D,8F,F9,85,1,3,7,7,1,1,2,00,00,01,,,,,1261,2,
RNG,1985,C535,D,8F,F9,85,1,3,7,7,1,1,2,00,00,01,C535,,,1261,2,
FRAME,1985,C74A,D,96,8E,86,0,2,6,0,1,1,2,00,00,01,,,,,1261,2,
RNG,1986,C535,D,96,8E,86,0,2,6,0,1,1,2,00,00,01,C535,,,1261,2,
FRAME,1986,C74E,D,AE,30,87,0,2,6,3,1,1,2,00,00,01,,,,,1261,2,
RNG,1987,C535,D,AE,30,87,0,2,6,3,1,1,2,00,00,01,C535,,,1261,2,
C726,1987,C726,D,17,30,88,1,3,7,3,1,1,2,00,00,01,C726,,,1262,2,
C726,1987,C726,D,17,30,88,1,3,7,3,1,1,2,00,00,01,C726,,,1263,2,
C726,1987,C726,D,17,30,88,1,3,7,3,1,1,2,00,00,01,C726,,,1264,2,
C726,1987,C726,D,17,30,88,1,3,7,3,1,1,2,00,00,01,C726,,,1265,2,
OBJECT,1987,D0D1,D,17,30,88,1,3,7,3,1,1,2,00,00,01,2,$0202,26,1265,2,
OBJECT,1987,D0D1,D,17,30,88,1,3,7,3,1,1,2,00,00,01,3,$0203,5E,1265,2,
OBJECT,1987,D0D1,D,17,30,88,1,3,7,3,1,1,2,00,00,01,4,$0204,45,1265,2,
OBJECT,1987,D0D1,D,17,30,88,1,3,7,3,1,1,2,00,00,01,5,$0205,01,1265,2,
FRAME,1987,D0D1,D,17,30,88,1,3,7,3,1,1,2,00,00,01,,,,,1265,2,
RNG,1988,C535,D,17,30,88,1,3,7,3,1,1,2,00,00,01,C535,,,1265,2,
C726,1988,C726,D,1F,ED,89,1,3,7,6,1,1,2,00,00,01,C726,,,1266,2,
C726,1988,C726,D,1F,ED,89,1,3,7,6,1,1,2,00,00,01,C726,,,1267,2,
OBJECT,1988,C74E,D,1F,ED,89,1,3,7,6,1,1,2,00,00,01,6,$0206,4B,1267,2,
OBJECT,1988,C74E,D,1F,ED,89,1,3,7,6,1,1,2,00,00,01,7,$0207,09,1267,2,
FRAME,1988,C74E,D,1F,ED,89,1,3,7,6,1,1,2,00,00,01,,,,,1267,2,
RNG,1989,C535,D,1F,ED,89,1,3,7,6,1,1,2,00,00,01,C535,,,1267,2,
FRAME,1989,C74E,D,AC,B8,8A,0,0,4,3,1,1,2,00,00,01,,,,,1267,2,
RNG,1990,C535,D,AC,B8,8A,0,0,4,3,1,1,2,00,00,01,C535,,,1267,2,
FRAME,1990,C74C,D,6C,BF,8B,0,0,4,3,1,1,2,00,00,01,,,,,1267,2,
RNG,1991,C535,D,6C,BF,8B,0,0,4,3,1,1,2,00,00,01,C535,,,1267,2,
C726,1991,C726,D,73,D7,8C,1,3,3,5,1,1,2,00,00,01,C726,,,1268,2,
C726,1991,C726,D,73,D7,8C,1,3,3,5,1,1,2,00,00,01,C726,,,1269,2,
OBJECT,1991,B2A6,D,73,D7,8C,1,3,3,5,1,1,2,00,00,01,8,$0208,26,1269,2,
OBJECT,1991,B2A6,D,73,D7,8C,1,3,3,5,1,1,2,00,00,01,9,$0209,5E,1269,2,
FRAME,1991,B2A6,D,73,D7,8C,1,3,3,5,1,1,2,00,00,01,,,,,1269,2,
RNG,1992,C535,D,73,D7,8C,1,3,3,5,1,1,2,00,00,01,C535,,,1269,2,
C726,1992,C726,D,00,40,8D,0,0,0,4,1,1,2,00,00,01,C726,,,1270,2,
C726,1992,C726,D,00,40,8D,0,0,0,4,1,1,2,00,00,01,C726,,,1271,2,
C726,1992,C726,D,00,40,8D,0,0,0,4,1,1,2,00,00,01,C726,,,1272,2,
C726,1992,C726,D,00,40,8D,0,0,0,4,1,1,2,00,00,01,C726,,,1273,2,
OBJECT,1992,C74E,D,00,40,8D,0,0,0,4,1,1,2,00,00,01,10,$020A,45,1273,2,
OBJECT,1992,C74E,D,00,40,8D,0,0,0,4,1,1,2,00,00,01,11,$020B,01,1273,2,
OBJECT,1992,C74E,D,00,40,8D,0,0,0,4,1,1,2,00,00,01,12,$020C,4B,1273,2,
OBJECT,1992,C74E,D,00,40,8D,0,0,0,4,1,1,2,00,00,01,13,$020D,09,1273,2,
FRAME,1992,C74E,D,00,40,8D,0,0,0,4,1,1,2,00,00,01,,,,,1273,2,
RNG,1993,C535,D,00,40,8D,0,0,0,4,1,1,2,00,00,01,C535,,,1273,2,
FRAME,1993,C74A,D,C4,44,8E,0,0,4,4,1,1,2,00,00,01,,,,,1273,2,
RNG,1994,C535,D,C4,44,8E,0,0,4,4,1,1,2,00,00,01,C535,,,1273,2,
FRAME,1994,C74A,D,CB,E1,8F,1,3,3,6,1,1,2,00,00,01,,,,,1273,2,
RNG,1995,C535,D,CB,E1,8F,1,3,3,6,1,1,2,00,00,01,C535,,,1273,2,
C726,1995,C726,D,6B,AC,90,1,3,3,2,1,1,2,00,00,01,C726,,,1274,2,
C726,1995,C726,D,6B,AC,90,1,3,3,2,1,1,2,00,00,01,C726,,,1275,2,
C726,1995,C726,D,6B,AC,90,1,3,3,2,1,1,2,00,00,01,C726,,,1276,2,
OBJECT,1995,C73D,D,6B,AC,90,1,3,3,2,1,1,2,00,00,01,14,$020E,26,1276,2,
OBJECT,1995,C73D,D,6B,AC,90,1,3,3,2,1,1,2,00,00,01,15,$020F,5E,1276,2,
OBJECT,1995,C73D,D,6B,AC,90,1,3,3,2,1,1,2,00,00,01,16,$0210,45,1276,2,
FRAME,1995,C73D,D,6B,AC,90,1,3,3,2,1,1,2,00,00,01,,,,,1276,2,
RNG,1996,C535,D,6B,AC,90,1,3,3,2,1,1,2,00,00,01,C535,,,1276,2,
C726,1996,C726,D,6B,B3,91,1,3,3,3,1,1,2,00,00,01,C726,,,1277,2,
C726,1996,C726,D,6B,B3,91,1,3,3,3,1,1,2,00,00,01,C726,,,1278,2,
C726,1996,C726,D,6B,B3,91,1,3,3,3,1,1,2,00,00,01,C726,,,1279,2,
OBJECT,1996,C74C,D,6B,B3,91,1,3,3,3,1,1,2,00,00,01,17,$0211,01,1279,2,
OBJECT,1996,C74C,D,6B,B3,91,1,3,3,3,1,1,2,00,00,01,18,$0212,4B,1279,2,
OBJECT,1996,C74C,D,6B,B3,91,1,3,3,3,1,1,2,00,00,01,19,$0213,09,1279,2,
FRAME,1996,C74C,D,6B,B3,91,1,3,3,3,1,1,2,00,00,01,,,,,1279,2,
RNG,1997,C535,D,6B,B3,91,1,3,3,3,1,1,2,00,00,01,C535,,,1279,2,
FRAME,1997,C74C,D,28,9B,92,0,0,0,1,1,1,2,00,00,01,,,,,1279,2,
RNG,1998,C535,D,28,9B,92,0,0,0,1,1,1,2,00,00,01,C535,,,1279,2,
FRAME,1998,C74C,D,24,83,93,0,0,4,0,1,1,2,00,00,01,,,,,1279,2,
RNG,1999,C535,D,24,83,93,0,0,4,0,1,1,2,00,00,01,C535,,,1279,2,
C726,1999,C726,D,A5,6B,94,1,1,5,6,1,1,2,00,00,01,C726,,,1280,2,
C726,1999,C726,D,A5,6B,94,1,1,5,6,1,1,2,00,00,01,C726,,,1281,2,
OBJECT,1999,FBDF,D,A5,6B,94,1,1,5,6,1,1,2,00,00,01,20,$0214,26,1281,2,
OBJECT,1999,FBDF,D,A5,6B,94,1,1,5,6,1,1,2,00,00,01,21,$0215,5E,1281,2,
FRAME,1999,FBDF,D,A5,6B,94,1,1,5,6,1,1,2,00,00,01,,,,,1281,2,
RNG,2000,C535,D,A5,6B,94,1,1,5,6,1,1,2,00,00,01,C535,,,1281,2,
C726,2000,C726,D,75,53,95,1,1,5,5,1,1,2,00,00,01,C726,,,1282,2,
C726,2000,C726,D,75,53,95,1,1,5,5,1,1,2,00,00,01,C726,,,1283,2,
C726,2000,C726,D,75,53,95,1,1,5,5,1,1,2,00,00,01,C726,,,1284,2,
C726,2000,C726,D,75,53,95,1,1,5,5,1,1,2,00,00,01,C726,,,1285,2,
OBJECT,2000,C74E,D,75,53,95,1,1,5,5,1,1,2,00,00,01,22,$0216,45,1285,2,
OBJECT,2000,C74E,D,75,53,95,1,1,5,5,1,1,2,00,00,01,23,$0217,01,1285,2,
OBJECT,2000,C74E,D,75,53,95,1,1,5,5,1,1,2,00,00,01,24,$0218,4B,1285,2,
OBJECT,2000,C74E,D,75,53,95,1,1,5,5,1,1,2,00,00,01,25,$0219,09,1285,2,
FRAME,2000,C74E,D,75,53,95,1,1,5,5,1,1,2,00,00,01,,,,,1285,2,
RNG,2001,C535,D,75,53,95,1,1,5,5,1,1,2,00,00,01,C535,,,1285,2,
FRAME,2001,C74E,D,7A,33,96,0,2,2,3,1,1,2,00,00,01,,,,,1285,2,
RNG,2002,C535,D,7A,33,96,0,2,2,3,1,1,2,00,00,01,C535,,,1285,2,
FRAME,2002,C74E,D,23,4B,97,1,3,3,4,1,1,2,00,00,01,,,,,1285,2,
RNG,2003,C535,D,23,4B,97,1,3,3,4,1,1,2,00,00,01,C535,,,1285,2,
C726,2003,C726,D,13,1B,98,1,3,3,1,1,1,2,00,00,01,C726,,,1286,2,
OBJECT,2003,E022,D,13,1B,98,1,3,3,1,1,1,2,00,00,01,26,$021A,26,1286,2,
FRAME,2003,E022,D,13,1B,98,1,3,3,1,1,1,2,00,00,01,,,,,1286,2,
RNG,2004,C535,D,13,1B,98,1,3,3,1,1,1,2,00,00,01,C535,,,1286,2,
C726,2004,C726,D,AC,0A,99,0,0,4,0,1,1,2,00,00,01,C726,,,1287,2,
C726,2004,C726,D,AC,0A,99,0,0,4,0,1,1,2,00,00,01,C726,,,1288,2,
C726,2004,C726,D,AC,0A,99,0,0,4,0,1,1,2,00,00,01,C726,,,1289,2,
C726,2004,C726,D,AC,0A,99,0,0,4,0,1,1,2,00,00,01,C726,,,1290,2,
C726,2004,C726,D,AC,0A,99,0,0,4,0,1,1,2,00,00,01,C726,,,1291,2,
OBJECT,2004,C74C,D,AC,0A,99,0,0,4,0,1,1,2,00,00,01,27,$021B,5E,1291,2,
OBJECT,2004,C74C,D,AC,0A,99,0,0,4,0,1,1,2,00,00,01,28,$021C,45,1291,2,
OBJECT,2004,C74C,D,AC,0A,99,0,0,4,0,1,1,2,00,00,01,29,$021D,01,1291,2,
OBJECT,2004,C74C,D,AC,0A,99,0,0,4,0,1,1,2,00,00,01,30,$021E,4B,1291,2,
OBJECT,2004,C74C,D,AC,0A,99,0,0,4,0,1,1,2,00,00,01,31,$021F,09,1291,2,
FRAME,2004,C74C,D,AC,0A,99,0,0,4,0,1,1,2,00,00,01,,,,,1291,2,
RNG,2005,C535,D,AC,0A,99,0,0,4,0,1,1,2,00,00,01,C535,,,1291,2,
FRAME,2005,C74E,D,5C,F8,9A,0,0,4,7,1,1,2,00,00,01,,,,,1291,2,
RNG,2006,C535,D,5C,F8,9A,0,0,4,7,1,1,2,00,00,01,C535,,,1291,2,
FRAME,2006,C74C,D,63,EE,9B,1,3,3,6,1,1,2,00,00,01,,,,,1291,2,
RNG,2007,C535,D,63,EE,9B,1,3,3,6,1,1,2,00,00,01,C535,,,1291,2,
C726,2007,C726,D,FC,F1,9C,0,0,4,7,1,1,2,00,00,01,C726,,,1292,2,
OBJECT,2007,E05F,D,FC,F1,9C,0,0,4,7,1,1,2,00,00,01,32,$0220,26,1292,2,
FRAME,2007,E05F,D,FC,F1,9C,0,0,4,7,1,1,2,00,00,01,,,,,1292,2,
RNG,2008,C535,D,FC,F1,9C,0,0,4,7,1,1,2,00,00,01,C535,,,1292,2,
C726,2008,C726,D,AD,9E,9D,1,1,5,1,1,1,2,00,00,01,C726,,,1293,2,
C726,2008,C726,D,AD,9E,9D,1,1,5,1,1,1,2,00,00,01,C726,,,1294,2,
C726,2008,C726,D,AD,9E,9D,1,1,5,1,1,1,2,00,00,01,C726,,,1295,2,
C726,2008,C726,D,AD,9E,9D,1,1,5,1,1,1,2,00,00,01,C726,,,1296,2,
C726,2008,C726,D,AD,9E,9D,1,1,5,1,1,1,2,00,00,01,C726,,,1297,2,
OBJECT,2008,C74C,D,AD,9E,9D,1,1,5,1,1,1,2,00,00,01,33,$0221,5E,1297,2,
OBJECT,2008,C74C,D,AD,9E,9D,1,1,5,1,1,1,2,00,00,01,34,$0222,45,1297,2,
OBJECT,2008,C74C,D,AD,9E,9D,1,1,5,1,1,1,2,00,00,01,35,$0223,01,1297,2,
OBJECT,2008,C74C,D,AD,9E,9D,1,1,5,1,1,1,2,00,00,01,36,$0224,4B,1297,2,
OBJECT,2008,C74C,D,AD,9E,9D,1,1,5,1,1,1,2,00,00,01,37,$0225,09,1297,2,
FRAME,2008,C74C,D,AD,9E,9D,1,1,5,1,1,1,2,00,00,01,,,,,1297,2,
RNG,2009,C535,D,AD,9E,9D,1,1,5,1,1,1,2,00,00,01,C535,,,1297,2,
FRAME,2009,C74C,D,B4,94,9E,0,0,4,1,1,1,2,00,00,01,,,,,1297,2,
RNG,2010,C535,D,B4,94,9E,0,0,4,1,1,1,2,00,00,01,C535,,,1297,2,
FRAME,2010,C74E,D,9C,97,9F,0,0,4,1,1,1,2,00,00,01,,,,,1297,2,
RNG,2011,C535,D,9C,97,9F,0,0,4,1,1,1,2,00,00,01,C535,,,1297,2,
C726,2011,C726,D,64,C0,A0,0,0,4,4,1,1,2,00,00,01,C726,,,1298,2,
OBJECT,2011,E05F,D,64,C0,A0,0,0,4,4,1,1,2,00,00,01,38,$0226,26,1298,2,
FRAME,2011,E05F,D,64,C0,A0,0,0,4,4,1,1,2,00,00,01,,,,,1298,2,
RNG,2012,C535,D,64,C0,A0,0,0,4,4,1,1,2,00,00,01,C535,,,1298,2,
C726,2012,C726,D,2C,C1,A1,0,0,4,4,1,1,2,00,00,01,C726,,,1299,2,
C726,2012,C726,D,2C,C1,A1,0,0,4,4,1,1,2,00,00,01,C726,,,1300,2,
C726,2012,C726,D,2C,C1,A1,0,0,4,4,1,1,2,00,00,01,C726,,,1301,2,
C726,2012,C726,D,2C,C1,A1,0,0,4,4,1,1,2,00,00,01,C726,,,1302,2,
C726,2012,C726,D,2C,C1,A1,0,0,4,4,1,1,2,00,00,01,C726,,,1303,2,
OBJECT,2012,C74C,D,2C,C1,A1,0,0,4,4,1,1,2,00,00,01,39,$0227,5E,1303,2,
OBJECT,2012,C74C,D,2C,C1,A1,0,0,4,4,1,1,2,00,00,01,40,$0228,45,1303,2,
OBJECT,2012,C74C,D,2C,C1,A1,0,0,4,4,1,1,2,00,00,01,41,$0229,01,1303,2,
OBJECT,2012,C74C,D,2C,C1,A1,0,0,4,4,1,1,2,00,00,01,42,$022A,4B,1303,2,
OBJECT,2012,C74C,D,2C,C1,A1,0,0,4,4,1,1,2,00,00,01,43,$022B,09,1303,2,
FRAME,2012,C74C,D,2C,C1,A1,0,0,4,4,1,1,2,00,00,01,,,,,1303,2,
RNG,2013,C535,D,2C,C1,A1,0,0,4,4,1,1,2,00,00,01,C535,,,1303,2,
FRAME,2013,C74C,D,F4,4E,A2,0,0,4,4,1,1,2,00,00,01,,,,,1303,2,
RNG,2014,C535,D,F4,4E,A2,0,0,4,4,1,1,2,00,00,01,C535,,,1303,2,
FRAME,2014,C74C,D,BC,44,A3,0,0,4,4,1,1,2,00,00,01,,,,,1303,2,
RNG,2015,C535,D,BC,44,A3,0,0,4,4,1,1,2,00,00,01,C535,,,1303,2,
C726,2015,C726,D,7C,47,A4,0,0,4,4,1,1,2,00,00,01,C726,,,1304,2,
OBJECT,2015,E05D,D,7C,47,A4,0,0,4,4,1,1,2,00,00,01,44,$022C,26,1304,2,
FRAME,2015,E05D,D,7C,47,A4,0,0,4,4,1,1,2,00,00,01,,,,,1304,2,
RNG,2016,C535,D,7C,47,A4,0,0,4,4,1,1,2,00,00,01,C535,,,1304,2,
C726,2016,C726,D,94,37,A5,0,0,4,3,1,1,2,00,00,01,C726,,,1305,2,
C726,2016,C726,D,94,37,A5,0,0,4,3,1,1,2,00,00,01,C726,,,1306,2,
C726,2016,C726,D,94,37,A5,0,0,4,3,1,1,2,00,00,01,C726,,,1307,2,
C726,2016,C726,D,94,37,A5,0,0,4,3,1,1,2,00,00,01,C726,,,1308,2,
C726,2016,C726,D,94,37,A5,0,0,4,3,1,1,2,00,00,01,C726,,,1309,2,
OBJECT,2016,C74C,D,94,37,A5,0,0,4,3,1,1,2,00,00,01,45,$022D,5E,1309,2,
OBJECT,2016,C74C,D,94,37,A5,0,0,4,3,1,1,2,00,00,01,46,$022E,45,1309,2,
OBJECT,2016,C74C,D,94,37,A5,0,0,4,3,1,1,2,00,00,01,47,$022F,01,1309,2,
OBJECT,2016,C74C,D,94,37,A5,0,0,4,3,1,1,2,00,00,01,48,$0230,4B,1309,2,
OBJECT,2016,C74C,D,94,37,A5,0,0,4,3,1,1,2,00,00,01,49,$0231,09,1309,2,
FRAME,2016,C74C,D,94,37,A5,0,0,4,3,1,1,2,00,00,01,,,,,1309,2,
RNG,2017,C535,D,94,37,A5,0,0,4,3,1,1,2,00,00,01,C535,,,1309,2,
FRAME,2017,C74A,D,64,3C,A6,0,0,4,3,1,1,2,00,00,01,,,,,1309,2,
RNG,2018,C535,D,64,3C,A6,0,0,4,3,1,1,2,00,00,01,C535,,,1309,2,
FRAME,2018,C74A,D,4E,DE,A7,0,2,6,5,1,1,2,00,00,01,,,,,1309,2,
RNG,2019,C535,D,4E,DE,A7,0,2,6,5,1,1,2,00,00,01,C535,,,1309,2,
C726,2019,C726,D,AE,DE,A8,0,2,6,5,1,1,2,00,00,01,C726,,,1310,2,
OBJECT,2019,E063,D,AE,DE,A8,0,2,6,5,1,1,2,00,00,01,50,$0232,26,1310,2,
FRAME,2019,E063,D,AE,DE,A8,0,2,6,5,1,1,2,00,00,01,,,,,1310,2,
RNG,2020,C535,D,AE,DE,A8,0,2,6,5,1,1,2,00,00,01,C535,,,1310,2,
C726,2020,C726,D,AC,2A,A9,0,0,4,2,1,1,2,00,00,01,C726,,,1311,2,
C726,2020,C726,D,AC,2A,A9,0,0,4,2,1,1,2,00,00,01,C726,,,1312,2,
C726,2020,C726,D,AC,2A,A9,0,0,4,2,1,1,2,00,00,01,C726,,,1313,2,
C726,2020,C726,D,AC,2A,A9,0,0,4,2,1,1,2,00,00,01,C726,,,1314,2,
C726,2020,C726,D,AC,2A,A9,0,0,4,2,1,1,2,00,00,01,C726,,,1315,2,
OBJECT,2020,C74C,D,AC,2A,A9,0,0,4,2,1,1,2,00,00,01,51,$0233,5E,1315,2,
OBJECT,2020,C74C,D,AC,2A,A9,0,0,4,2,1,1,2,00,00,01,52,$0234,45,1315,2,
OBJECT,2020,C74C,D,AC,2A,A9,0,0,4,2,1,1,2,00,00,01,53,$0235,01,1315,2,
OBJECT,2020,C74C,D,AC,2A,A9,0,0,4,2,1,1,2,00,00,01,54,$0236,4B,1315,2,
OBJECT,2020,C74C,D,AC,2A,A9,0,0,4,2,1,1,2,00,00,01,55,$0237,09,1315,2,
FRAME,2020,C74C,D,AC,2A,A9,0,0,4,2,1,1,2,00,00,01,,,,,1315,2,
RNG,2021,C535,D,AC,2A,A9,0,0,4,2,1,1,2,00,00,01,C535,,,1315,2,
FRAME,2021,C74E,D,AA,C7,AA,0,2,2,4,1,1,2,00,00,01,,,,,1315,2,
RNG,2022,C535,D,AA,C7,AA,0,2,2,4,1,1,2,00,00,01,C535,,,1315,2,
FRAME,2022,C74E,D,A8,5C,AB,0,0,0,5,1,1,2,00,00,01,,,,,1315,2,
RNG,2023,C535,D,A8,5C,AB,0,0,0,5,1,1,2,00,00,01,C535,,,1315,2,
C726,2023,C726,D,A6,FE,AC,0,2,6,7,1,1,2,00,00,01,C726,,,1316,2,
OBJECT,2023,E060,D,A6,FE,AC,0,2,6,7,1,1,2,00,00,01,56,$0238,26,1316,2,
FRAME,2023,E060,D,A6,FE,AC,0,2,6,7,1,1,2,00,00,01,,,,,1316,2,
RNG,2024,C535,D,A6,FE,AC,0,2,6,7,1,1,2,00,00,01,C535,,,1316,2,
C726,2024,C726,D,A4,04,AD,0,0,4,0,1,1,2,00,00,01,C726,,,1317,2,
C726,2024,C726,D,A4,04,AD,0,0,4,0,1,1,2,00,00,01,C726,,,1318,2,
C726,2024,C726,D,A4,04,AD,0,0,4,0,1,1,2,00,00,01,C726,,,1319,2,
C726,2024,C726,D,A4,04,AD,0,0,4,0,1,1,2,00,00,01,C726,,,1320,2,
C726,2024,C726,D,A4,04,AD,0,0,4,0,1,1,2,00,00,01,C726,,,1321,2,
OBJECT,2024,C74E,D,A4,04,AD,0,0,4,0,1,1,2,00,00,01,57,$0239,5E,1321,2,
OBJECT,2024,C74E,D,A4,04,AD,0,0,4,0,1,1,2,00,00,01,58,$023A,45,1321,2,
OBJECT,2024,C74E,D,A4,04,AD,0,0,4,0,1,1,2,00,00,01,59,$023B,01,1321,2,
OBJECT,2024,C74E,D,A4,04,AD,0,0,4,0,1,1,2,00,00,01,60,$023C,4B,1321,2,
OBJECT,2024,C74E,D,A4,04,AD,0,0,4,0,1,1,2,00,00,01,61,$023D,09,1321,2,
FRAME,2024,C74E,D,A4,04,AD,0,0,4,0,1,1,2,00,00,01,,,,,1321,2,
RNG,2025,C535,D,A4,04,AD,0,0,4,0,1,1,2,00,00,01,C535,,,1321,2,
FRAME,2025,C74E,D,A2,A4,AE,0,2,2,2,1,1,2,00,00,01,,,,,1321,2,
RNG,2026,C535,D,A2,A4,AE,0,2,2,2,1,1,2,00,00,01,C535,,,1321,2,
FRAME,2026,C74C,D,77,A4,AF,1,3,7,2,1,1,2,00,00,01,,,,,1321,2,
RNG,2027,C535,D,77,A4,AF,1,3,7,2,1,1,2,00,00,01,C535,,,1321,2,
C726,2027,C726,D,75,61,B0,1,1,5,6,1,1,2,00,00,01,C726,,,1322,2,
OBJECT,2027,E024,D,75,61,B0,1,1,5,6,1,1,2,00,00,01,62,$023E,26,1322,2,
FRAME,2027,E024,D,75,61,B0,1,1,5,6,1,1,2,00,00,01,,,,,1322,2,
RNG,2028,C535,D,75,61,B0,1,1,5,6,1,1,2,00,00,01,C535,,,1322,2,
C726,2028,C726,D,5A,48,B1,0,2,2,4,1,1,2,00,00,01,C726,,,1323,2,
C726,2028,C726,D,5A,48,B1,0,2,2,4,1,1,2,00,00,01,C726,,,1324,2,
C726,2028,C726,D,5A,48,B1,0,2,2,4,1,1,2,00,00,01,C726,,,1325,2,
C726,2028,C726,D,5A,48,B1,0,2,2,4,1,1,2,00,00,01,C726,,,1326,2,
C726,2028,C726,D,5A,48,B1,0,2,2,4,1,1,2,00,00,01,C726,,,1327,2,
OBJECT,2028,C74C,D,5A,48,B1,0,2,2,4,1,1,2,00,00,01,0,$0200,45,1327,2,
OBJECT,2028,C74C,D,5A,48,B1,0,2,2,4,1,1,2,00,00,01,1,$0201,01,1327,2,
OBJECT,2028,C74C,D,5A,48,B1,0,2,2,4,1,1,2,00,00,01,2,$0202,4B,1327,2,
OBJECT,2028,C74C,D,5A,48,B1,0,2,2,4,1,1,2,00,00,01,3,$0203,09,1327,2,
OBJECT,2028,C74C,D,5A,48,B1,0,2,2,4,1,1,2,00,00,01,63,$023F,5E,1327,2,
FRAME,2028,C74C,D,5A,48,B1,0,2,2,4,1,1,2,00,00,01,,,,,1327,2,
RNG,2029,C535,D,5A,48,B1,0,2,2,4,1,1,2,00,00,01,C535,,,1327,2,
FRAME,2029,C74C,D,58,DD,B2,0,0,0,5,1,1,2,00,00,01,,,,,1327,2,
RNG,2030,C535,D,58,DD,B2,0,0,0,5,1,1,2,00,00,01,C535,,,1327,2,
FRAME,2030,C74A,D,4D,76,B3,1,1,5,7,1,1,2,00,00,01,,,,,1327,2,
RNG,2031,C535,D,4D,76,B3,1,1,5,7,1,1,2,00,00,01,C535,,,1327,2,
C726,2031,C726,D,4B,3F,B4,1,3,3,3,1,1,2,00,00,01,C726,,,1328,2,
OBJECT,2031,E065,D,4B,3F,B4,1,3,3,3,1,1,2,00,00,01,4,$0204,26,1328,2,
FRAME,2031,E065,D,4B,3F,B4,1,3,3,3,1,1,2,00,00,01,,,,,1328,2,
RNG,2032,C535,D,4B,3F,B4,1,3,3,3,1,1,2,00,00,01,C535,,,1328,2,
C726,2032,C726,D,1F,46,B5,1,3,7,4,1,1,2,00,00,01,C726,,,1329,2,
C726,2032,C726,D,1F,46,B5,1,3,7,4,1,1,2,00,00,01,C726,,,1330,2,
C726,2032,C726,D,1F,46,B5,1,3,7,4,1,1,2,00,00,01,C726,,,1331,2,
C726,2032,C726,D,1F,46,B5,1,3,7,4,1,1,2,00,00,01,C726,,,1332,2,
C726,2032,C726,D,1F,46,B5,1,3,7,4,1,1,2,00,00,01,C726,,,1333,2,
OBJECT,2032,C74C,D,1F,46,B5,1,3,7,4,1,1,2,00,00,01,5,$0205,5E,1333,2,
OBJECT,2032,C74C,D,1F,46,B5,1,3,7,4,1,1,2,00,00,01,6,$0206,45,1333,2,
OBJECT,2032,C74C,D,1F,46,B5,1,3,7,4,1,1,2,00,00,01,7,$0207,01,1333,2,
OBJECT,2032,C74C,D,1F,46,B5,1,3,7,4,1,1,2,00,00,01,8,$0208,4B,1333,2,
OBJECT,2032,C74C,D,1F,46,B5,1,3,7,4,1,1,2,00,00,01,9,$0209,09,1333,2,
FRAME,2032,C74C,D,1F,46,B5,1,3,7,4,1,1,2,00,00,01,,,,,1333,2,
RNG,2033,C535,D,1F,46,B5,1,3,7,4,1,1,2,00,00,01,C535,,,1333,2,
FRAME,2033,C74C,D,1D,2E,B6,1,1,5,2,1,1,2,00,00,01,,,,,1333,2,
RNG,2034,C535,D,1D,2E,B6,1,1,5,2,1,1,2,00,00,01,C535,,,1333,2,
FRAME,2034,C74A,D,01,F6,B7,1,1,1,7,1,1,2,00,00,01,,,,,1333,2,
RNG,2035,C535,D,01,F6,B7,1,1,1,7,1,1,2,00,00,01,C535,,,1333,2,
C726,2035,C726,D,FF,BE,B8,1,3,7,3,1,1,2,00,00,01,C726,,,1334,2,
OBJECT,2035,E061,D,FF,BE,B8,1,3,7,3,1,1,2,00,00,01,10,$020A,26,1334,2,
FRAME,2035,E061,D,FF,BE,B8,1,3,7,3,1,1,2,00,00,01,,,,,1334,2,
RNG,2036,C535,D,FF,BE,B8,1,3,7,3,1,1,2,00,00,01,C535,,,1334,2,
C726,2036,C726,D,F3,86,B9,1,3,3,0,1,1,2,00,00,01,C726,,,1335,2,
C726,2036,C726,D,F3,86,B9,1,3,3,0,1,1,2,00,00,01,C726,,,1336,2,
C726,2036,C726,D,F3,86,B9,1,3,3,0,1,1,2,00,00,01,C726,,,1337,2,
C726,2036,C726,D,F3,86,B9,1,3,3,0,1,1,2,00,00,01,C726,,,1338,2,
C726,2036,C726,D,F3,86,B9,1,3,3,0,1,1,2,00,00,01,C726,,,1339,2,
OBJECT,2036,C74E,D,F3,86,B9,1,3,3,0,1,1,2,00,00,01,11,$020B,5E,1339,2,
OBJECT,2036,C74E,D,F3,86,B9,1,3,3,0,1,1,2,00,00,01,12,$020C,45,1339,2,
OBJECT,2036,C74E,D,F3,86,B9,1,3,3,0,1,1,2,00,00,01,13,$020D,01,1339,2,
OBJECT,2036,C74E,D,F3,86,B9,1,3,3,0,1,1,2,00,00,01,14,$020E,4B,1339,2,
OBJECT,2036,C74E,D,F3,86,B9,1,3,3,0,1,1,2,00,00,01,15,$020F,09,1339,2,
FRAME,2036,C74E,D,F3,86,B9,1,3,3,0,1,1,2,00,00,01,,,,,1339,2,
RNG,2037,C535,D,F3,86,B9,1,3,3,0,1,1,2,00,00,01,C535,,,1339,2,
FRAME,2037,C74E,D,F1,4E,BA,1,1,1,4,1,1,2,00,00,01,,,,,1339,2,
RNG,2038,C535,D,F1,4E,BA,1,1,1,4,1,1,2,00,00,01,C535,,,1339,2,
FRAME,2038,C74C,D,C4,0E,BB,0,0,4,0,1,1,2,00,00,01,,,,,1339,2,
RNG,2039,C535,D,C4,0E,BB,0,0,4,0,1,1,2,00,00,01,C535,,,1339,2,
C726,2039,C726,D,96,26,BC,0,2,6,2,1,1,2,00,00,01,C726,,,1340,2,
OBJECT,2039,E063,D,96,26,BC,0,2,6,2,1,1,2,00,00,01,16,$0210,26,1340,2,
FRAME,2039,E063,D,96,26,BC,0,2,6,2,1,1,2,00,00,01,,,,,1340,2,
RNG,2040,C535,D,96,26,BC,0,2,6,2,1,1,2,00,00,01,C535,,,1340,2,
C726,2040,C726,D,79,F6,BD,1,1,1,7,1,1,2,00,00,01,C726,,,1341,2,
C726,2040,C726,D,79,F6,BD,1,1,1,7,1,1,2,00,00,01,C726,,,1342,2,
C726,2040,C726,D,79,F6,BD,1,1,1,7,1,1,2,00,00,01,C726,,,1343,2,
C726,2040,C726,D,79,F6,BD,1,1,1,7,1,1,2,00,00,01,C726,,,1344,2,
C726,2040,C726,D,79,F6,BD,1,1,1,7,1,1,2,00,00,01,C726,,,1345,2,
OBJECT,2040,C74C,D,79,F6,BD,1,1,1,7,1,1,2,00,00,01,17,$0211,5E,1345,2,
OBJECT,2040,C74C,D,79,F6,BD,1,1,1,7,1,1,2,00,00,01,18,$0212,45,1345,2,
OBJECT,2040,C74C,D,79,F6,BD,1,1,1,7,1,1,2,00,00,01,19,$0213,01,1345,2,
OBJECT,2040,C74C,D,79,F6,BD,1,1,1,7,1,1,2,00,00,01,20,$0214,4B,1345,2,
OBJECT,2040,C74C,D,79,F6,BD,1,1,1,7,1,1,2,00,00,01,21,$0215,09,1345,2,
FRAME,2040,C74C,D,79,F6,BD,1,1,1,7,1,1,2,00,00,01,,,,,1345,2,
RNG,2041,C535,D,79,F6,BD,1,1,1,7,1,1,2,00,00,01,C535,,,1345,2,
FRAME,2041,C74C,D,5B,E7,BE,1,3,3,6,1,1,2,00,00,01,,,,,1345,2,
RNG,2042,C535,D,5B,E7,BE,1,3,3,6,1,1,2,00,00,01,C535,,,1345,2,
FRAME,2042,C74C,D,4E,94,BF,0,2,6,1,1,1,2,00,00,01,,,,,1345,2,
RNG,2043,C535,D,4E,94,BF,0,2,6,1,1,1,2,00,00,01,C535,,,1345,2,
C726,2043,C726,D,40,63,C0,0,0,0,6,1,1,2,00,00,01,C726,,,1346,2,
OBJECT,2043,E01F,D,40,63,C0,0,0,0,6,1,1,2,00,00,01,22,$0216,26,1346,2,
FRAME,2043,E01F,D,40,63,C0,0,0,0,6,1,1,2,00,00,01,,,,,1346,2,
RNG,2044,C535,D,40,63,C0,0,0,0,6,1,1,2,00,00,01,C535,,,1346,2,
C726,2044,C726,D,11,6A,C1,1,1,1,6,1,1,2,00,00,01,C726,,,1347,2,
C726,2044,C726,D,11,6A,C1,1,1,1,6,1,1,2,00,00,01,C726,,,1348,2,
C726,2044,C726,D,11,6A,C1,1,1,1,6,1,1,2,00,00,01,C726,,,1349,2,
C726,2044,C726,D,11,6A,C1,1,1,1,6,1,1,2,00,00,01,C726,,,1350,2,
C726,2044,C726,D,11,6A,C1,1,1,1,6,1,1,2,00,00,01,C726,,,1351,2,
OBJECT,2044,C74C,D,11,6A,C1,1,1,1,6,1,1,2,00,00,01,23,$0217,5E,1351,2,
OBJECT,2044,C74C,D,11,6A,C1,1,1,1,6,1,1,2,00,00,01,24,$0218,45,1351,2,
OBJECT,2044,C74C,D,11,6A,C1,1,1,1,6,1,1,2,00,00,01,25,$0219,01,1351,2,
OBJECT,2044,C74C,D,11,6A,C1,1,1,1,6,1,1,2,00,00,01,26,$021A,4B,1351,2,
OBJECT,2044,C74C,D,11,6A,C1,1,1,1,6,1,1,2,00,00,01,27,$021B,09,1351,2,
FRAME,2044,C74C,D,11,6A,C1,1,1,1,6,1,1,2,00,00,01,,,,,1351,2,
RNG,2045,C535,D,11,6A,C1,1,1,1,6,1,1,2,00,00,01,C535,,,1351,2,
FRAME,2045,C74C,D,E1,33,C2,1,1,1,3,1,1,2,00,00,01,,,,,1351,2,
RNG,2046,C535,D,E1,33,C2,1,1,1,3,1,1,2,00,00,01,C535,,,1351,2,
FRAME,2046,C74A,D,C2,27,C3,0,2,2,2,1,1,2,00,00,01,,,,,1351,2,
RNG,2047,C535,D,C2,27,C3,0,2,2,2,1,1,2,00,00,01,C535,,,1351,2,
C726,2047,C726,D,A2,B7,C4,0,2,2,3,1,1,2,00,00,01,C726,,,1352,2,
OBJECT,2047,E026,D,A2,B7,C4,0,2,2,3,1,1,2,00,00,01,28,$021C,26,1352,2,
FRAME,2047,E026,D,A2,B7,C4,0,2,2,3,1,1,2,00,00,01,,,,,1352,2,
RNG,2048,C535,D,A2,B7,C4,0,2,2,3,1,1,2,00,00,01,C535,,,1352,2,
C726,2048,C726,D,93,D5,C5,1,3,3,5,1,1,2,00,00,01,C726,,,1353,2,
C726,2048,C726,D,93,D5,C5,1,3,3,5,1,1,2,00,00,01,C726,,,1354,2,
C726,2048,C726,D,93,D5,C5,1,3,3,5,1,1,2,00,00,01,C726,,,1355,2,
C726,2048,C726,D,93,D5,C5,1,3,3,5,1,1,2,00,00,01,C726,,,1356,2,
C726,2048,C726,D,93,D5,C5,1,3,3,5,1,1,2,00,00,01,C726,,,1357,2,
OBJECT,2048,C74C,D,93,D5,C5,1,3,3,5,1,1,2,00,00,01,29,$021D,5E,1357,2,
OBJECT,2048,C74C,D,93,D5,C5,1,3,3,5,1,1,2,00,00,01,30,$021E,45,1357,2,
OBJECT,2048,C74C,D,93,D5,C5,1,3,3,5,1,1,2,00,00,01,31,$021F,01,1357,2,
OBJECT,2048,C74C,D,93,D5,C5,1,3,3,5,1,1,2,00,00,01,32,$0220,4B,1357,2,
OBJECT,2048,C74C,D,93,D5,C5,1,3,3,5,1,1,2,00,00,01,33,$0221,09,1357,2,
FRAME,2048,C74C,D,93,D5,C5,1,3,3,5,1,1,2,00,00,01,,,,,1357,2,
RNG,2049,C535,D,93,D5,C5,1,3,3,5,1,1,2,00,00,01,C535,,,1357,2,
FRAME,2049,C74C,D,83,77,C6,1,3,3,7,1,1,2,00,00,01,,,,,1357,2,
RNG,2050,C535,D,83,77,C6,1,3,3,7,1,1,2,00,00,01,C535,,,1357,2,
FRAME,2050,C74A,D,55,3F,C7,1,1,5,3,1,1,2,00,00,01,,,,,1357,2,
RNG,2051,C535,D,55,3F,C7,1,1,5,3,1,1,2,00,00,01,C535,,,1357,2,
FRAME,2051,C74C,D,28,DF,C8,0,0,0,5,1,1,2,00,00,01,,,,,1357,2,
RNG,2052,C535,D,28,DF,C8,0,0,0,5,1,1,2,00,00,01,C535,,,1357,2,
C726,2052,C726,D,0A,E5,C9,0,2,2,6,1,1,2,00,00,01,C726,,,1358,2,
C726,2052,C726,D,0A,E5,C9,0,2,2,6,1,1,2,00,00,01,C726,,,1359,2,
C726,2052,C726,D,0A,E5,C9,0,2,2,6,1,1,2,00,00,01,C726,,,1360,2,
C726,2052,C726,D,0A,E5,C9,0,2,2,6,1,1,2,00,00,01,C726,,,1361,2,
C726,2052,C726,D,0A,E5,C9,0,2,2,6,1,1,2,00,00,01,C726,,,1362,2,
C726,2052,C726,D,0A,E5,C9,0,2,2,6,1,1,2,00,00,01,C726,,,1363,2,
OBJECT,2052,C74E,D,0A,E5,C9,0,2,2,6,1,1,2,00,00,01,34,$0222,26,1363,2,
OBJECT,2052,C74E,D,0A,E5,C9,0,2,2,6,1,1,2,00,00,01,35,$0223,5E,1363,2,
OBJECT,2052,C74E,D,0A,E5,C9,0,2,2,6,1,1,2,00,00,01,36,$0224,45,1363,2,
OBJECT,2052,C74E,D,0A,E5,C9,0,2,2,6,1,1,2,00,00,01,37,$0225,01,1363,2,
OBJECT,2052,C74E,D,0A,E5,C9,0,2,2,6,1,1,2,00,00,01,38,$0226,4B,1363,2,
OBJECT,2052,C74E,D,0A,E5,C9,0,2,2,6,1,1,2,00,00,01,39,$0227,09,1363,2,
FRAME,2052,C74E,D,0A,E5,C9,0,2,2,6,1,1,2,00,00,01,,,,,1363,2,
RNG,2053,C535,D,0A,E5,C9,0,2,2,6,1,1,2,00,00,01,C535,,,1363,2,
FRAME,2053,C74A,D,ED,05,CA,1,1,5,0,1,1,2,00,00,01,,,,,1363,2,
RNG,2054,C535,D,ED,05,CA,1,1,5,0,1,1,2,00,00,01,C535,,,1363,2,
FRAME,2054,C74E,D,DF,A6,CB,1,3,7,2,1,1,2,00,00,01,,,,,1363,2,
RNG,2055,C535,D,DF,A6,CB,1,3,7,2,1,1,2,00,00,01,C535,,,1363,2,
FRAME,2055,D0B2,D,D2,6C,CC,0,2,2,6,1,1,2,00,00,01,,,,,1363,2,
RNG,2056,C535,D,D2,6C,CC,0,2,2,6,1,1,2,00,00,01,C535,,,1363,2,
C726,2056,C726,D,D0,15,CD,0,0,0,1,1,1,2,00,00,01,C726,,,1364,2,
C726,2056,C726,D,D0,15,CD,0,0,0,1,1,1,2,00,00,01,C726,,,1365,2,
C726,2056,C726,D,D0,15,CD,0,0,0,1,1,1,2,00,00,01,C726,,,1366,2,
C726,2056,C726,D,D0,15,CD,0,0,0,1,1,1,2,00,00,01,C726,,,1367,2,
C726,2056,C726,D,D0,15,CD,0,0,0,1,1,1,2,00,00,01,C726,,,1368,2,
C726,2056,C726,D,D0,15,CD,0,0,0,1,1,1,2,00,00,01,C726,,,1369,2,
OBJECT,2056,C74E,D,D0,15,CD,0,0,0,1,1,1,2,00,00,01,40,$0228,26,1369,2,
OBJECT,2056,C74E,D,D0,15,CD,0,0,0,1,1,1,2,00,00,01,41,$0229,5E,1369,2,
OBJECT,2056,C74E,D,D0,15,CD,0,0,0,1,1,1,2,00,00,01,42,$022A,45,1369,2,
OBJECT,2056,C74E,D,D0,15,CD,0,0,0,1,1,1,2,00,00,01,43,$022B,01,1369,2,
OBJECT,2056,C74E,D,D0,15,CD,0,0,0,1,1,1,2,00,00,01,44,$022C,4B,1369,2,
OBJECT,2056,C74E,D,D0,15,CD,0,0,0,1,1,1,2,00,00,01,45,$022D,09,1369,2,
FRAME,2056,C74E,D,D0,15,CD,0,0,0,1,1,1,2,00,00,01,,,,,1369,2,
RNG,2057,C535,D,D0,15,CD,0,0,0,1,1,1,2,00,00,01,C535,,,1369,2,
FRAME,2057,C74E,D,A4,15,CE,0,0,4,1,1,1,2,00,00,01,,,,,1369,2,
RNG,2058,C535,D,A4,15,CE,0,0,4,1,1,1,2,00,00,01,C535,,,1369,2,
FRAME,2058,C74A,D,A2,A2,CF,0,2,2,2,1,1,2,00,00,01,,,,,1369,2,
RNG,2059,C535,D,A2,A2,CF,0,2,2,2,1,1,2,00,00,01,C535,,,1369,2,
FRAME,2059,C74E,D,86,95,D0,0,2,6,1,1,1,2,00,00,01,,,,,1369,2,
RNG,2060,C535,D,86,95,D0,0,2,6,1,1,1,2,00,00,01,C535,,,1369,2,
C726,2060,C726,D,84,98,D1,0,0,4,1,1,1,2,00,00,01,C726,,,1370,2,
C726,2060,C726,D,84,98,D1,0,0,4,1,1,1,2,00,00,01,C726,,,1371,2,
C726,2060,C726,D,84,98,D1,0,0,4,1,1,1,2,00,00,01,C726,,,1372,2,
C726,2060,C726,D,84,98,D1,0,0,4,1,1,1,2,00,00,01,C726,,,1373,2,
C726,2060,C726,D,84,98,D1,0,0,4,1,1,1,2,00,00,01,C726,,,1374,2,
C726,2060,C726,D,84,98,D1,0,0,4,1,1,1,2,00,00,01,C726,,,1375,2,
OBJECT,2060,C74C,D,84,98,D1,0,0,4,1,1,1,2,00,00,01,46,$022E,26,1375,2,
OBJECT,2060,C74C,D,84,98,D1,0,0,4,1,1,1,2,00,00,01,47,$022F,5E,1375,2,
OBJECT,2060,C74C,D,84,98,D1,0,0,4,1,1,1,2,00,00,01,48,$0230,45,1375,2,
OBJECT,2060,C74C,D,84,98,D1,0,0,4,1,1,1,2,00,00,01,49,$0231,01,1375,2,
OBJECT,2060,C74C,D,84,98,D1,0,0,4,1,1,1,2,00,00,01,50,$0232,4B,1375,2,
OBJECT,2060,C74C,D,84,98,D1,0,0,4,1,1,1,2,00,00,01,51,$0233,09,1375,2,
FRAME,2060,C74C,D,84,98,D1,0,0,4,1,1,1,2,00,00,01,,,,,1375,2,
RNG,2061,C535,D,84,98,D1,0,0,4,1,1,1,2,00,00,01,C535,,,1375,2,
FRAME,2061,C74C,D,78,E4,D2,0,0,0,6,1,1,2,00,00,01,,,,,1375,2,
RNG,2062,C535,D,78,E4,D2,0,0,0,6,1,1,2,00,00,01,C535,,,1375,2,
FRAME,2062,C74A,D,76,BC,D3,0,2,6,3,1,1,2,00,00,01,,,,,1375,2,
RNG,2063,C535,D,76,BC,D3,0,2,6,3,1,1,2,00,00,01,C535,,,1375,2,
FRAME,2063,C74A,D,4B,51,D4,1,3,3,5,1,1,2,00,00,01,,,,,1375,2,
RNG,2064,C535,D,4B,51,D4,1,3,3,5,1,1,2,00,00,01,C535,,,1375,2,
C726,2064,C726,D,49,F3,D5,1,1,1,7,1,1,2,00,00,01,C726,,,1376,2,
C726,2064,C726,D,49,F3,D5,1,1,1,7,1,1,2,00,00,01,C726,,,1377,2,
C726,2064,C726,D,49,F3,D5,1,1,1,7,1,1,2,00,00,01,C726,,,1378,2,
C726,2064,C726,D,49,F3,D5,1,1,1,7,1,1,2,00,00,01,C726,,,1379,2,
C726,2064,C726,D,49,F3,D5,1,1,1,7,1,1,2,00,00,01,C726,,,1380,2,
C726,2064,C726,D,49,F3,D5,1,1,1,7,1,1,2,00,00,01,C726,,,1381,2,
OBJECT,2064,C74C,D,49,F3,D5,1,1,1,7,1,1,2,00,00,01,52,$0234,26,1381,2,
OBJECT,2064,C74C,D,49,F3,D5,1,1,1,7,1,1,2,00,00,01,53,$0235,5E,1381,2,
OBJECT,2064,C74C,D,49,F3,D5,1,1,1,7,1,1,2,00,00,01,54,$0236,45,1381,2,
OBJECT,2064,C74C,D,49,F3,D5,1,1,1,7,1,1,2,00,00,01,55,$0237,01,1381,2,
OBJECT,2064,C74C,D,49,F3,D5,1,1,1,7,1,1,2,00,00,01,56,$0238,4B,1381,2,
OBJECT,2064,C74C,D,49,F3,D5,1,1,1,7,1,1,2,00,00,01,57,$0239,09,1381,2,
FRAME,2064,C74C,D,49,F3,D5,1,1,1,7,1,1,2,00,00,01,,,,,1381,2,
RNG,2065,C535,D,49,F3,D5,1,1,1,7,1,1,2,00,00,01,C535,,,1381,2,
FRAME,2065,C74E,D,2E,BB,D6,0,2,6,3,1,1,2,00,00,01,,,,,1381,2,
RNG,2066,C535,D,2E,BB,D6,0,2,6,3,1,1,2,00,00,01,C535,,,1381,2,
FRAME,2066,C74C,D,2C,5B,D7,0,0,4,5,1,1,2,00,00,01,,,,,1381,2,
RNG,2067,C535,D,2C,5B,D7,0,0,4,5,1,1,2,00,00,01,C535,,,1381,2,
FRAME,2067,C74E,D,21,61,D8,1,1,1,6,1,1,2,00,00,01,,,,,1381,2,
RNG,2068,C535,D,21,61,D8,1,1,1,6,1,1,2,00,00,01,C535,,,1381,2,
C726,2068,C726,D,0F,81,D9,1,3,7,0,1,1,2,00,00,01,C726,,,1382,2,
C726,2068,C726,D,0F,81,D9,1,3,7,0,1,1,2,00,00,01,C726,,,1383,2,
C726,2068,C726,D,0F,81,D9,1,3,7,0,1,1,2,00,00,01,C726,,,1384,2,
C726,2068,C726,D,0F,81,D9,1,3,7,0,1,1,2,00,00,01,C726,,,1385,2,
C726,2068,C726,D,0F,81,D9,1,3,7,0,1,1,2,00,00,01,C726,,,1386,2,
C726,2068,C726,D,0F,81,D9,1,3,7,0,1,1,2,00,00,01,C726,,,1387,2,
OBJECT,2068,C74C,D,0F,81,D9,1,3,7,0,1,1,2,00,00,01,58,$023A,26,1387,2,
OBJECT,2068,C74C,D,0F,81,D9,1,3,7,0,1,1,2,00,00,01,59,$023B,5E,1387,2,
OBJECT,2068,C74C,D,0F,81,D9,1,3,7,0,1,1,2,00,00,01,60,$023C,45,1387,2,
OBJECT,2068,C74C,D,0F,81,D9,1,3,7,0,1,1,2,00,00,01,61,$023D,01,1387,2,
OBJECT,2068,C74C,D,0F,81,D9,1,3,7,0,1,1,2,00,00,01,62,$023E,4B,1387,2,
OBJECT,2068,C74C,D,0F,81,D9,1,3,7,0,1,1,2,00,00,01,63,$023F,09,1387,2,
FRAME,2068,C74C,D,0F,81,D9,1,3,7,0,1,1,2,00,00,01,,,,,1387,2,
RNG,2069,C535,D,0F,81,D9,1,3,7,0,1,1,2,00,00,01,C535,,,1387,2,
FRAME,2069,C74E,D,14,CC,DA,0,0,4,4,1,1,2,00,00,01,,,,,1387,2,
RNG,2070,C535,D,14,CC,DA,0,0,4,4,1,1,2,00,00,01,C535,,,1387,2,
FRAME,2070,C74C,D,17,C6,DB,1,3,7,4,1,1,2,00,00,01,,,,,1387,2,
RNG,2071,C535,D,17,C6,DB,1,3,7,4,1,1,2,00,00,01,C535,,,1387,2,
FRAME,2071,C74E,D,C4,6F,DC,0,0,4,6,1,1,2,00,00,01,,,,,1387,2,
RNG,2072,C535,D,C4,6F,DC,0,0,4,6,1,1,2,00,00,01,C535,,,1387,2,
C726,2072,C726,D,C9,6F,DD,1,1,1,6,1,1,2,00,00,01,C726,,,1388,2,
C726,2072,C726,D,C9,6F,DD,1,1,1,6,1,1,2,00,00,01,C726,,,1389,2,
C726,2072,C726,D,C9,6F,DD,1,1,1,6,1,1,2,00,00,01,C726,,,1390,2,
C726,2072,C726,D,C9,6F,DD,1,1,1,6,1,1,2,00,00,01,C726,,,1391,2,
C726,2072,C726,D,C9,6F,DD,1,1,1,6,1,1,2,00,00,01,C726,,,1392,2,
C726,2072,C726,D,C9,6F,DD,1,1,1,6,1,1,2,00,00,01,C726,,,1393,2,
OBJECT,2072,C74C,D,C9,6F,DD,1,1,1,6,1,1,2,00,00,01,0,$0200,26,1393,2,
OBJECT,2072,C74C,D,C9,6F,DD,1,1,1,6,1,1,2,00,00,01,1,$0201,5E,1393,2,
OBJECT,2072,C74C,D,C9,6F,DD,1,1,1,6,1,1,2,00,00,01,2,$0202,45,1393,2,
OBJECT,2072,C74C,D,C9,6F,DD,1,1,1,6,1,1,2,00,00,01,3,$0203,01,1393,2,
OBJECT,2072,C74C,D,C9,6F,DD,1,1,1,6,1,1,2,00,00,01,4,$0204,4B,1393,2,
OBJECT,2072,C74C,D,C9,6F,DD,1,1,1,6,1,1,2,00,00,01,5,$0205,09,1393,2,
FRAME,2072,C74C,D,C9,6F,DD,1,1,1,6,1,1,2,00,00,01,,,,,1393,2,
RNG,2073,C535,D,C9,6F,DD,1,1,1,6,1,1,2,00,00,01,C535,,,1393,2,
FRAME,2073,C74C,D,CC,FC,DE,0,0,4,7,1,1,2,00,00,01,,,,,1393,2,
RNG,2074,C535,D,CC,FC,DE,0,0,4,7,1,1,2,00,00,01,C535,,,1393,2,
FRAME,2074,C74A,D,95,EF,DF,1,1,5,6,1,1,2,00,00,01,,,,,1393,2,
RNG,2075,C535,D,95,EF,DF,1,1,5,6,1,1,2,00,00,01,C535,,,1393,2,
FRAME,2075,C74A,D,97,F2,E0,1,3,7,7,1,1,2,00,00,01,,,,,1393,2,
RNG,2076,C535,D,97,F2,E0,1,3,7,7,1,1,2,00,00,01,C535,,,1393,2,
C726,2076,C726,D,67,3E,E1,1,3,7,3,1,1,2,00,00,01,C726,,,1394,2,
C726,2076,C726,D,67,3E,E1,1,3,7,3,1,1,2,00,00,01,C726,,,1395,2,
C726,2076,C726,D,67,3E,E1,1,3,7,3,1,1,2,00,00,01,C726,,,1396,2,
C726,2076,C726,D,67,3E,E1,1,3,7,3,1,1,2,00,00,01,C726,,,1397,2,
C726,2076,C726,D,67,3E,E1,1,3,7,3,1,1,2,00,00,01,C726,,,1398,2,
C726,2076,C726,D,67,3E,E1,1,3,7,3,1,1,2,00,00,01,C726,,,1399,2,
OBJECT,2076,C74E,D,67,3E,E1,1,3,7,3,1,1,2,00,00,01,6,$0206,26,1399,2,
OBJECT,2076,C74E,D,67,3E,E1,1,3,7,3,1,1,2,00,00,01,7,$0207,5E,1399,2,
OBJECT,2076,C74E,D,67,3E,E1,1,3,7,3,1,1,2,00,00,01,8,$0208,45,1399,2,
OBJECT,2076,C74E,D,67,3E,E1,1,3,7,3,1,1,2,00,00,01,9,$0209,01,1399,2,
OBJECT,2076,C74E,D,67,3E,E1,1,3,7,3,1,1,2,00,00,01,10,$020A,4B,1399,2,
OBJECT,2076,C74E,D,67,3E,E1,1,3,7,3,1,1,2,00,00,01,11,$020B,09,1399,2,
FRAME,2076,C74E,D,67,3E,E1,1,3,7,3,1,1,2,00,00,01,,,,,1399,2,
RNG,2077,C535,D,67,3E,E1,1,3,7,3,1,1,2,00,00,01,C535,,,1399,2,
FRAME,2077,C74A,D,85,16,E2,1,1,5,1,1,1,2,00,00,01,,,,,1399,2,
RNG,2078,C535,D,85,16,E2,1,1,5,1,1,1,2,00,00,01,C535,,,1399,2,
FRAME,2078,C74E,D,2E,AB,E3,0,2,6,2,1,1,2,00,00,01,,,,,1399,2,
RNG,2079,C535,D,2E,AB,E3,0,2,6,2,1,1,2,00,00,01,C535,,,1399,2,
FRAME,2079,C74E,D,2E,54,E4,0,2,6,5,1,1,2,00,00,01,,,,,1399,2,
RNG,2080,C535,D,2E,54,E4,0,2,6,5,1,1,2,00,00,01,C535,,,1399,2,
C726,2080,C726,D,BB,89,E5,1,3,3,0,1,1,2,00,00,01,C726,,,1400,2,
C726,2080,C726,D,BB,89,E5,1,3,3,0,1,1,2,00,00,01,C726,,,1401,2,
C726,2080,C726,D,BB,89,E5,1,3,3,0,1,1,2,00,00,01,C726,,,1402,2,
C726,2080,C726,D,BB,89,E5,1,3,3,0,1,1,2,00,00,01,C726,,,1403,2,
C726,2080,C726,D,BB,89,E5,1,3,3,0,1,1,2,00,00,01,C726,,,1404,2,
C726,2080,C726,D,BB,89,E5,1,3,3,0,1,1,2,00,00,01,C726,,,1405,2,
OBJECT,2080,C74A,D,BB,89,E5,1,3,3,0,1,1,2,00,00,01,12,$020C,26,1405,2,
OBJECT,2080,C74A,D,BB,89,E5,1,3,3,0,1,1,2,00,00,01,13,$020D,5E,1405,2,
OBJECT,2080,C74A,D,BB,89,E5,1,3,3,0,1,1,2,00,00,01,14,$020E,45,1405,2,
OBJECT,2080,C74A,D,BB,89,E5,1,3,3,0,1,1,2,00,00,01,15,$020F,01,1405,2,
OBJECT,2080,C74A,D,BB,89,E5,1,3,3,0,1,1,2,00,00,01,16,$0210,4B,1405,2,
OBJECT,2080,C74A,D,BB,89,E5,1,3,3,0,1,1,2,00,00,01,17,$0211,09,1405,2,
FRAME,2080,C74A,D,BB,89,E5,1,3,3,0,1,1,2,00,00,01,,,,,1405,2,
RNG,2081,C535,D,BB,89,E5,1,3,3,0,1,1,2,00,00,01,C535,,,1405,2,
FRAME,2081,C74C,D,C0,A9,E6,0,0,0,2,1,1,2,00,00,01,,,,,1405,2,
RNG,2082,C535,D,C0,A9,E6,0,0,0,2,1,1,2,00,00,01,C535,,,1405,2,
FRAME,2082,C74C,D,C3,CF,E7,1,3,3,4,1,1,2,00,00,01,,,,,1405,2,
RNG,2083,C535,D,C3,CF,E7,1,3,3,4,1,1,2,00,00,01,C535,,,1405,2,
FRAME,2083,C74C,D,70,96,E8,0,0,0,1,1,1,2,00,00,01,,,,,1405,2,
RNG,2084,C535,D,70,96,E8,0,0,0,1,1,1,2,00,00,01,C535,,,1405,2,
C726,2084,C726,D,73,3F,E9,1,3,3,3,1,1,2,00,00,01,C726,,,1406,2,
C726,2084,C726,D,73,3F,E9,1,3,3,3,1,1,2,00,00,01,C726,,,1407,2,
C726,2084,C726,D,73,3F,E9,1,3,3,3,1,1,2,00,00,01,C726,,,1408,2,
C726,2084,C726,D,73,3F,E9,1,3,3,3,1,1,2,00,00,01,C726,,,1409,2,
C726,2084,C726,D,73,3F,E9,1,3,3,3,1,1,2,00,00,01,C726,,,1410,2,
C726,2084,C726,D,73,3F,E9,1,3,3,3,1,1,2,00,00,01,C726,,,1411,2,
OBJECT,2084,C74C,D,73,3F,E9,1,3,3,3,1,1,2,00,00,01,18,$0212,26,1411,2,
OBJECT,2084,C74C,D,73,3F,E9,1,3,3,3,1,1,2,00,00,01,19,$0213,5E,1411,2,
OBJECT,2084,C74C,D,73,3F,E9,1,3,3,3,1,1,2,00,00,01,20,$0214,45,1411,2,
OBJECT,2084,C74C,D,73,3F,E9,1,3,3,3,1,1,2,00,00,01,21,$0215,01,1411,2,
OBJECT,2084,C74C,D,73,3F,E9,1,3,3,3,1,1,2,00,00,01,22,$0216,4B,1411,2,
OBJECT,2084,C74C,D,73,3F,E9,1,3,3,3,1,1,2,00,00,01,23,$0217,09,1411,2,
FRAME,2084,C74C,D,73,3F,E9,1,3,3,3,1,1,2,00,00,01,,,,,1411,2,
RNG,2085,C535,D,73,3F,E9,1,3,3,3,1,1,2,00,00,01,C535,,,1411,2,
FRAME,2085,C74C,D,76,3F,EA,0,2,6,3,1,1,2,00,00,01,,,,,1411,2,
RNG,2086,C535,D,76,3F,EA,0,2,6,3,1,1,2,00,00,01,C535,,,1411,2,
FRAME,2086,C74A,D,46,C4,EB,0,2,6,4,1,1,2,00,00,01,,,,,1411,2,
RNG,2087,C535,D,46,C4,EB,0,2,6,4,1,1,2,00,00,01,C535,,,1411,2,
FRAME,2087,C74A,D,49,91,EC,1,1,1,1,1,1,2,00,00,01,,,,,1411,2,
RNG,2088,C535,D,49,91,EC,1,1,1,1,1,1,2,00,00,01,C535,,,1411,2,
C726,2088,C726,D,95,16,ED,1,1,5,1,1,1,2,00,00,01,C726,,,1412,2,
C726,2088,C726,D,95,16,ED,1,1,5,1,1,1,2,00,00,01,C726,,,1413,2,
C726,2088,C726,D,95,16,ED,1,1,5,1,1,1,2,00,00,01,C726,,,1414,2,
C726,2088,C726,D,95,16,ED,1,1,5,1,1,1,2,00,00,01,C726,,,1415,2,
C726,2088,C726,D,95,16,ED,1,1,5,1,1,1,2,00,00,01,C726,,,1416,2,
C726,2088,C726,D,95,16,ED,1,1,5,1,1,1,2,00,00,01,C726,,,1417,2,
OBJECT,2088,C74C,D,95,16,ED,1,1,5,1,1,1,2,00,00,01,24,$0218,26,1417,2,
OBJECT,2088,C74C,D,95,16,ED,1,1,5,1,1,1,2,00,00,01,25,$0219,5E,1417,2,
OBJECT,2088,C74C,D,95,16,ED,1,1,5,1,1,1,2,00,00,01,26,$021A,45,1417,2,
OBJECT,2088,C74C,D,95,16,ED,1,1,5,1,1,1,2,00,00,01,27,$021B,01,1417,2,
OBJECT,2088,C74C,D,95,16,ED,1,1,5,1,1,1,2,00,00,01,28,$021C,4B,1417,2,
OBJECT,2088,C74C,D,95,16,ED,1,1,5,1,1,1,2,00,00,01,29,$021D,09,1417,2,
FRAME,2088,C74C,D,95,16,ED,1,1,5,1,1,1,2,00,00,01,,,,,1417,2,
RNG,2089,C535,D,95,16,ED,1,1,5,1,1,1,2,00,00,01,C535,,,1417,2,
FRAME,2089,C74E,D,5B,E4,EE,1,3,3,6,1,1,2,00,00,01,,,,,1417,2,
RNG,2090,C535,D,5B,E4,EE,1,3,3,6,1,1,2,00,00,01,C535,,,1417,2,
FRAME,2090,C74C,D,DD,69,EF,1,1,5,6,1,1,2,00,00,01,,,,,1417,2,
RNG,2091,C535,D,DD,69,EF,1,1,5,6,1,1,2,00,00,01,C535,,,1417,2,
FRAME,2091,C74E,D,A6,38,F0,0,2,6,3,1,1,2,00,00,01,,,,,1417,2,
RNG,2092,C535,D,A6,38,F0,0,2,6,3,1,1,2,00,00,01,C535,,,1417,2,
C726,2092,C726,D,A7,BD,F1,1,3,7,3,1,1,2,00,00,01,C726,,,1418,2,
C726,2092,C726,D,A7,BD,F1,1,3,7,3,1,1,2,00,00,01,C726,,,1419,2,
C726,2092,C726,D,A7,BD,F1,1,3,7,3,1,1,2,00,00,01,C726,,,1420,2,
C726,2092,C726,D,A7,BD,F1,1,3,7,3,1,1,2,00,00,01,C726,,,1421,2,
C726,2092,C726,D,A7,BD,F1,1,3,7,3,1,1,2,00,00,01,C726,,,1422,2,
C726,2092,C726,D,A7,BD,F1,1,3,7,3,1,1,2,00,00,01,C726,,,1423,2,
OBJECT,2092,C74C,D,A7,BD,F1,1,3,7,3,1,1,2,00,00,01,30,$021E,26,1423,2,
OBJECT,2092,C74C,D,A7,BD,F1,1,3,7,3,1,1,2,00,00,01,31,$021F,5E,1423,2,
OBJECT,2092,C74C,D,A7,BD,F1,1,3,7,3,1,1,2,00,00,01,32,$0220,45,1423,2,
OBJECT,2092,C74C,D,A7,BD,F1,1,3,7,3,1,1,2,00,00,01,33,$0221,01,1423,2,
OBJECT,2092,C74C,D,A7,BD,F1,1,3,7,3,1,1,2,00,00,01,34,$0222,4B,1423,2,
OBJECT,2092,C74C,D,A7,BD,F1,1,3,7,3,1,1,2,00,00,01,35,$0223,09,1423,2,
FRAME,2092,C74C,D,A7,BD,F1,1,3,7,3,1,1,2,00,00,01,,,,,1423,2,
RNG,2093,C535,D,A7,BD,F1,1,3,7,3,1,1,2,00,00,01,C535,,,1423,2,
FRAME,2093,C74E,D,77,8D,F2,1,3,7,0,1,1,2,00,00,01,,,,,1423,2,
RNG,2094,C535,D,77,8D,F2,1,3,7,0,1,1,2,00,00,01,C535,,,1423,2,
FRAME,2094,C74E,D,7A,12,F3,0,2,2,1,1,1,2,00,00,01,,,,,1423,2,
RNG,2095,C535,D,7A,12,F3,0,2,2,1,1,1,2,00,00,01,C535,,,1423,2,
FRAME,2095,C74E,D,C6,E3,F4,0,2,6,6,1,1,2,00,00,01,,,,,1423,2,
RNG,2096,C535,D,C6,E3,F4,0,2,6,6,1,1,2,00,00,01,C535,,,1423,2,
C726,2096,C726,D,F4,68,F5,0,0,4,6,1,1,2,00,00,01,C726,,,1424,2,
C726,2096,C726,D,F4,68,F5,0,0,4,6,1,1,2,00,00,01,C726,,,1425,2,
C726,2096,C726,D,F4,68,F5,0,0,4,6,1,1,2,00,00,01,C726,,,1426,2,
C726,2096,C726,D,F4,68,F5,0,0,4,6,1,1,2,00,00,01,C726,,,1427,2,
C726,2096,C726,D,F4,68,F5,0,0,4,6,1,1,2,00,00,01,C726,,,1428,2,
C726,2096,C726,D,F4,68,F5,0,0,4,6,1,1,2,00,00,01,C726,,,1429,2,
OBJECT,2096,C74E,D,F4,68,F5,0,0,4,6,1,1,2,00,00,01,36,$0224,26,1429,2,
OBJECT,2096,C74E,D,F4,68,F5,0,0,4,6,1,1,2,00,00,01,37,$0225,5E,1429,2,
OBJECT,2096,C74E,D,F4,68,F5,0,0,4,6,1,1,2,00,00,01,38,$0226,45,1429,2,
OBJECT,2096,C74E,D,F4,68,F5,0,0,4,6,1,1,2,00,00,01,39,$0227,01,1429,2,
OBJECT,2096,C74E,D,F4,68,F5,0,0,4,6,1,1,2,00,00,01,40,$0228,4B,1429,2,
OBJECT,2096,C74E,D,F4,68,F5,0,0,4,6,1,1,2,00,00,01,41,$0229,09,1429,2,
FRAME,2096,C74E,D,F4,68,F5,0,0,4,6,1,1,2,00,00,01,,,,,1429,2,
RNG,2097,C535,D,F4,68,F5,0,0,4,6,1,1,2,00,00,01,C535,,,1429,2,
FRAME,2097,C74E,D,77,3A,F6,1,3,7,3,1,1,2,00,00,01,,,,,1429,2,
RNG,2098,C535,D,77,3A,F6,1,3,7,3,1,1,2,00,00,01,C535,,,1429,2,
FRAME,2098,C74C,D,40,9A,F7,0,0,0,1,1,1,2,00,00,01,,,,,1429,2,
RNG,2099,C535,D,40,9A,F7,0,0,0,1,1,1,2,00,00,01,C535,,,1429,2,
FRAME,2099,C74C,D,42,DD,F8,0,2,2,5,1,1,2,00,00,01,,,,,1429,2,
RNG,2100,C535,D,42,DD,F8,0,2,2,5,1,1,2,00,00,01,C535,,,1429,2,
C726,2100,C726,D,12,21,F9,0,2,2,2,1,1,2,00,00,01,C726,,,1430,2,
C726,2100,C726,D,12,21,F9,0,2,2,2,1,1,2,00,00,01,C726,,,1431,2,
C726,2100,C726,D,12,21,F9,0,2,2,2,1,1,2,00,00,01,C726,,,1432,2,
C726,2100,C726,D,12,21,F9,0,2,2,2,1,1,2,00,00,01,C726,,,1433,2,
C726,2100,C726,D,12,21,F9,0,2,2,2,1,1,2,00,00,01,C726,,,1434,2,
C726,2100,C726,D,12,21,F9,0,2,2,2,1,1,2,00,00,01,C726,,,1435,2,
OBJECT,2100,C74C,D,12,21,F9,0,2,2,2,1,1,2,00,00,01,42,$022A,26,1435,2,
OBJECT,2100,C74C,D,12,21,F9,0,2,2,2,1,1,2,00,00,01,43,$022B,5E,1435,2,
OBJECT,2100,C74C,D,12,21,F9,0,2,2,2,1,1,2,00,00,01,44,$022C,45,1435,2,
OBJECT,2100,C74C,D,12,21,F9,0,2,2,2,1,1,2,00,00,01,45,$022D,01,1435,2,
OBJECT,2100,C74C,D,12,21,F9,0,2,2,2,1,1,2,00,00,01,46,$022E,4B,1435,2,
OBJECT,2100,C74C,D,12,21,F9,0,2,2,2,1,1,2,00,00,01,47,$022F,09,1435,2,
FRAME,2100,C74C,D,12,21,F9,0,2,2,2,1,1,2,00,00,01,,,,,1435,2,
RNG,2101,C535,D,12,21,F9,0,2,2,2,1,1,2,00,00,01,C535,,,1435,2,
FRAME,2101,C74C,D,15,74,FA,1,1,5,7,1,1,2,00,00,01,,,,,1435,2,
RNG,2102,C535,D,15,74,FA,1,1,5,7,1,1,2,00,00,01,C535,,,1435,2,
FRAME,2102,C74A,D,61,C8,FB,1,1,1,4,1,1,2,00,00,01,,,,,1435,2,
RNG,2103,C535,D,61,C8,FB,1,1,1,4,1,1,2,00,00,01,C535,,,1435,2,
FRAME,2103,C74C,D,C3,2B,FC,1,3,3,2,1,1,2,00,00,01,,,,,1435,2,
RNG,2104,C535,D,C3,2B,FC,1,3,3,2,1,1,2,00,00,01,C535,,,1435,2,
C726,2104,C726,D,46,8F,FD,0,2,6,0,1,1,2,00,00,01,C726,,,1436,2,
C726,2104,C726,D,46,8F,FD,0,2,6,0,1,1,2,00,00,01,C726,,,1437,2,
C726,2104,C726,D,46,8F,FD,0,2,6,0,1,1,2,00,00,01,C726,,,1438,2,
C726,2104,C726,D,46,8F,FD,0,2,6,0,1,1,2,00,00,01,C726,,,1439,2,
C726,2104,C726,D,46,8F,FD,0,2,6,0,1,1,2,00,00,01,C726,,,1440,2,
C726,2104,C726,D,46,8F,FD,0,2,6,0,1,1,2,00,00,01,C726,,,1441,2,
OBJECT,2104,C74E,D,46,8F,FD,0,2,6,0,1,1,2,00,00,01,48,$0230,26,1441,2,
OBJECT,2104,C74E,D,46,8F,FD,0,2,6,0,1,1,2,00,00,01,49,$0231,5E,1441,2,
OBJECT,2104,C74E,D,46,8F,FD,0,2,6,0,1,1,2,00,00,01,50,$0232,45,1441,2,
OBJECT,2104,C74E,D,46,8F,FD,0,2,6,0,1,1,2,00,00,01,51,$0233,01,1441,2,
OBJECT,2104,C74E,D,46,8F,FD,0,2,6,0,1,1,2,00,00,01,52,$0234,4B,1441,2,
OBJECT,2104,C74E,D,46,8F,FD,0,2,6,0,1,1,2,00,00,01,53,$0235,09,1441,2,
FRAME,2104,C74E,D,46,8F,FD,0,2,6,0,1,1,2,00,00,01,,,,,1441,2,
RNG,2105,C535,D,46,8F,FD,0,2,6,0,1,1,2,00,00,01,C535,,,1441,2,
FRAME,2105,C74E,D,92,D4,FE,0,2,2,5,1,1,2,00,00,01,,,,,1441,2,
RNG,2106,C535,D,92,D4,FE,0,2,2,5,1,1,2,00,00,01,C535,,,1441,2,
FRAME,2106,C74C,D,78,1A,FF,0,0,0,1,1,1,2,00,00,01,,,,,1441,2,
RNG,2107,C535,D,78,1A,FF,0,0,0,1,1,1,2,00,00,01,C535,,,1441,2,
FRAME,2107,C74A,D,FB,6F,00,1,3,3,6,1,1,2,00,00,01,,,,,1441,2,
RNG,2108,C535,D,FB,6F,00,1,3,3,6,1,1,2,00,00,01,C535,,,1441,2,
C726,2108,C726,D,CB,FC,01,1,3,3,7,1,1,2,00,00,01,C726,,,1442,2,
C726,2108,C726,D,CB,FC,01,1,3,3,7,1,1,2,00,00,01,C726,,,1443,2,
C726,2108,C726,D,CB,FC,01,1,3,3,7,1,1,2,00,00,01,C726,,,1444,2,
C726,2108,C726,D,CB,FC,01,1,3,3,7,1,1,2,00,00,01,C726,,,1445,2,
C726,2108,C726,D,CB,FC,01,1,3,3,7,1,1,2,00,00,01,C726,,,1446,2,
C726,2108,C726,D,CB,FC,01,1,3,3,7,1,1,2,00,00,01,C726,,,1447,2,
OBJECT,2108,C74A,D,CB,FC,01,1,3,3,7,1,1,2,00,00,01,54,$0236,26,1447,2,
OBJECT,2108,C74A,D,CB,FC,01,1,3,3,7,1,1,2,00,00,01,55,$0237,5E,1447,2,
OBJECT,2108,C74A,D,CB,FC,01,1,3,3,7,1,1,2,00,00,01,56,$0238,45,1447,2,
OBJECT,2108,C74A,D,CB,FC,01,1,3,3,7,1,1,2,00,00,01,57,$0239,01,1447,2,
OBJECT,2108,C74A,D,CB,FC,01,1,3,3,7,1,1,2,00,00,01,58,$023A,4B,1447,2,
OBJECT,2108,C74A,D,CB,FC,01,1,3,3,7,1,1,2,00,00,01,59,$023B,09,1447,2,
FRAME,2108,C74A,D,CB,FC,01,1,3,3,7,1,1,2,00,00,01,,,,,1447,2,
RNG,2109,C535,D,CB,FC,01,1,3,3,7,1,1,2,00,00,01,C535,,,1447,2,
FRAME,2109,C74C,D,A6,CF,02,0,2,6,4,1,1,2,00,00,01,,,,,1447,2,
RNG,2110,C535,D,A6,CF,02,0,2,6,4,1,1,2,00,00,01,C535,,,1447,2,
FRAME,2110,C74C,D,53,D6,03,1,3,3,5,1,1,2,00,00,01,,,,,1447,2,
RNG,2111,C535,D,53,D6,03,1,3,3,5,1,1,2,00,00,01,C535,,,1447,2,
FRAME,2111,C74C,D,7E,63,04,0,2,6,6,1,1,2,00,00,01,,,,,1447,2,
RNG,2112,C535,D,7E,63,04,0,2,6,6,1,1,2,00,00,01,C535,,,1447,2,
C726,2112,C726,D,85,3E,05,1,1,5,3,1,1,2,00,00,01,C726,,,1448,2,
C726,2112,C726,D,85,3E,05,1,1,5,3,1,1,2,00,00,01,C726,,,1449,2,
C726,2112,C726,D,85,3E,05,1,1,5,3,1,1,2,00,00,01,C726,,,1450,2,
C726,2112,C726,D,85,3E,05,1,1,5,3,1,1,2,00,00,01,C726,,,1451,2,
C726,2112,C726,D,85,3E,05,1,1,5,3,1,1,2,00,00,01,C726,,,1452,2,
C726,2112,C726,D,85,3E,05,1,1,5,3,1,1,2,00,00,01,C726,,,1453,2,
OBJECT,2112,C74A,D,85,3E,05,1,1,5,3,1,1,2,00,00,01,0,$0200,4B,1453,2,
OBJECT,2112,C74A,D,85,3E,05,1,1,5,3,1,1,2,00,00,01,1,$0201,09,1453,2,
OBJECT,2112,C74A,D,85,3E,05,1,1,5,3,1,1,2,00,00,01,60,$023C,26,1453,2,
OBJECT,2112,C74A,D,85,3E,05,1,1,5,3,1,1,2,00,00,01,61,$023D,5E,1453,2,
OBJECT,2112,C74A,D,85,3E,05,1,1,5,3,1,1,2,00,00,01,62,$023E,45,1453,2,
OBJECT,2112,C74A,D,85,3E,05,1,1,5,3,1,1,2,00,00,01,63,$023F,01,1453,2,
FRAME,2112,C74A,D,85,3E,05,1,1,5,3,1,1,2,00,00,01,,,,,1453,2,
RNG,2113,C535,D,85,3E,05,1,1,5,3,1,1,2,00,00,01,C535,,,1453,2,
FRAME,2113,C74C,D,52,45,06,0,2,2,4,1,1,2,00,00,01,,,,,1453,2,
RNG,2114,C535,D,52,45,06,0,2,2,4,1,1,2,00,00,01,C535,,,1453,2,
FRAME,2114,C74C,D,D5,5D,07,1,1,5,5,1,1,2,00,00,01,,,,,1453,2,
RNG,2115,C535,D,D5,5D,07,1,1,5,5,1,1,2,00,00,01,C535,,,1453,2,
FRAME,2115,C74A,D,DC,C6,08,0,0,4,4,1,1,2,00,00,01,,,,,1453,2,
RNG,2116,C535,D,DC,C6,08,0,0,4,4,1,1,2,00,00,01,C535,,,1453,2,
C726,2116,C726,D,6C,CE,09,0,0,4,4,1,1,2,00,00,01,C726,,,1454,2,
C726,2116,C726,D,6C,CE,09,0,0,4,4,1,1,2,00,00,01,C726,,,1455,2,
C726,2116,C726,D,6C,CE,09,0,0,4,4,1,1,2,00,00,01,C726,,,1456,2,
C726,2116,C726,D,6C,CE,09,0,0,4,4,1,1,2,00,00,01,C726,,,1457,2,
C726,2116,C726,D,6C,CE,09,0,0,4,4,1,1,2,00,00,01,C726,,,1458,2,
C726,2116,C726,D,6C,CE,09,0,0,4,4,1,1,2,00,00,01,C726,,,1459,2,
OBJECT,2116,C74C,D,6C,CE,09,0,0,4,4,1,1,2,00,00,01,2,$0202,26,1459,2,
OBJECT,2116,C74C,D,6C,CE,09,0,0,4,4,1,1,2,00,00,01,3,$0203,5E,1459,2,
OBJECT,2116,C74C,D,6C,CE,09,0,0,4,4,1,1,2,00,00,01,4,$0204,45,1459,2,
OBJECT,2116,C74C,D,6C,CE,09,0,0,4,4,1,1,2,00,00,01,5,$0205,01,1459,2,
OBJECT,2116,C74C,D,6C,CE,09,0,0,4,4,1,1,2,00,00,01,6,$0206,4B,1459,2,
OBJECT,2116,C74C,D,6C,CE,09,0,0,4,4,1,1,2,00,00,01,7,$0207,09,1459,2,
FRAME,2116,C74C,D,6C,CE,09,0,0,4,4,1,1,2,00,00,01,,,,,1459,2,
RNG,2117,C535,D,6C,CE,09,0,0,4,4,1,1,2,00,00,01,C535,,,1459,2,
FRAME,2117,C74E,D,73,5B,0A,1,3,3,5,1,1,2,00,00,01,,,,,1459,2,
RNG,2118,C535,D,73,5B,0A,1,3,3,5,1,1,2,00,00,01,C535,,,1459,2,
FRAME,2118,C74A,D,18,2A,0B,0,0,0,2,1,1,2,00,00,01,,,,,1459,2,
RNG,2119,C535,D,18,2A,0B,0,0,0,2,1,1,2,00,00,01,C535,,,1459,2,
FRAME,2119,C74A,D,F7,31,0C,1,3,7,3,1,1,2,00,00,01,,,,,1459,2,
RNG,2120,C535,D,F7,31,0C,1,3,7,3,1,1,2,00,00,01,C535,,,1459,2,
C726,2120,C726,D,20,BE,0D,0,0,0,3,1,1,2,00,00,01,C726,,,1460,2,
C726,2120,C726,D,20,BE,0D,0,0,0,3,1,1,2,00,00,01,C726,,,1461,2,
C726,2120,C726,D,20,BE,0D,0,0,0,3,1,1,2,00,00,01,C726,,,1462,2,
C726,2120,C726,D,20,BE,0D,0,0,0,3,1,1,2,00,00,01,C726,,,1463,2,
OBJECT,2120,C712,D,20,BE,0D,0,0,0,3,1,1,2,00,00,01,8,$0208,26,1463,2,
OBJECT,2120,C712,D,20,BE,0D,0,0,0,3,1,1,2,00,00,01,9,$0209,5E,1463,2,
OBJECT,2120,C712,D,20,BE,0D,0,0,0,3,1,1,2,00,00,01,10,$020A,45,1463,2,
OBJECT,2120,C712,D,20,BE,0D,0,0,0,3,1,1,2,00,00,01,11,$020B,01,1463,2,
FRAME,2120,C712,D,20,BE,0D,0,0,0,3,1,1,2,00,00,01,,,,,1463,2,
C726,2121,C726,D,20,BE,0D,0,0,0,3,0,1,2,00,00,01,C726,,,1464,2,
C726,2121,C726,D,20,BE,0D,0,0,0,3,0,1,2,00,00,01,C726,,,1465,2,
OBJECT,2121,C74E,D,20,BE,0D,0,0,0,3,0,1,2,00,00,01,12,$020C,4B,1465,2,
OBJECT,2121,C74E,D,20,BE,0D,0,0,0,3,0,1,2,00,00,01,13,$020D,09,1465,2,
FRAME,2121,C74E,D,20,BE,0D,0,0,0,3,0,1,2,00,00,01,,,,,1465,2,
RNG,2122,C535,D,20,BE,0D,0,0,0,3,1,2,2,00,00,01,C535,,,1465,2,
FRAME,2122,C74E,D,27,95,0E,1,3,7,1,1,2,2,00,00,01,,,,,1465,2,
RNG,2123,C535,D,27,95,0E,1,3,7,1,1,1,2,00,00,01,C535,,,1465,2,
FRAME,2123,C74A,D,73,9C,0F,1,3,3,1,1,1,2,00,00,01,,,,,1465,2,
RNG,2124,C535,D,73,9C,0F,1,3,3,1,1,1,2,00,00,01,C535,,,1465,2,
C726,2124,C726,D,DF,29,10,1,3,7,2,1,1,2,00,00,01,C726,,,1466,2,
C726,2124,C726,D,DF,29,10,1,3,7,2,1,1,2,00,00,01,C726,,,1467,2,
C726,2124,C726,D,DF,29,10,1,3,7,2,1,1,2,00,00,01,C726,,,1468,2,
C726,2124,C726,D,DF,29,10,1,3,7,2,1,1,2,00,00,01,C726,,,1469,2,
C726,2124,C726,D,DF,29,10,1,3,7,2,1,1,2,00,00,01,C726,,,1470,2,
OBJECT,2124,C712,D,DF,29,10,1,3,7,2,1,1,2,00,00,01,14,$020E,26,1470,2,
OBJECT,2124,C712,D,DF,29,10,1,3,7,2,1,1,2,00,00,01,15,$020F,5E,1470,2,
OBJECT,2124,C712,D,DF,29,10,1,3,7,2,1,1,2,00,00,01,16,$0210,45,1470,2,
OBJECT,2124,C712,D,DF,29,10,1,3,7,2,1,1,2,00,00,01,17,$0211,01,1470,2,
OBJECT,2124,C712,D,DF,29,10,1,3,7,2,1,1,2,00,00,01,18,$0212,4B,1470,2,
FRAME,2124,C712,D,DF,29,10,1,3,7,2,1,1,2,00,00,01,,,,,1470,2,
C726,2125,C726,D,DF,29,10,1,3,7,2,0,1,2,00,00,01,C726,,,1471,2,
OBJECT,2125,C74C,D,DF,29,10,1,3,7,2,0,1,2,00,00,01,19,$0213,09,1471,2,
FRAME,2125,C74C,D,DF,29,10,1,3,7,2,0,1,2,00,00,01,,,,,1471,2,
RNG,2126,C535,D,DF,29,10,1,3,7,2,1,2,2,00,00,01,C535,,,1471,2,
FRAME,2126,C74C,D,60,08,11,0,0,0,0,1,2,2,00,00,01,,,,,1471,2,
RNG,2127,C535,D,60,08,11,0,0,0,0,1,1,2,00,00,01,C535,,,1471,2,
FRAME,2127,C74E,D,05,0F,12,1,1,5,0,1,1,2,00,00,01,,,,,1471,2,
RNG,2128,C535,D,05,0F,12,1,1,5,0,1,1,2,00,00,01,C535,,,1471,2,
C726,2128,C726,D,E4,B8,13,0,0,4,3,1,1,2,00,00,01,C726,,,1472,2,
C726,2128,C726,D,E4,B8,13,0,0,4,3,1,1,2,00,00,01,C726,,,1473,2,
C726,2128,C726,D,E4,B8,13,0,0,4,3,1,1,2,00,00,01,C726,,,1474,2,
C726,2128,C726,D,E4,B8,13,0,0,4,3,1,1,2,00,00,01,C726,,,1475,2,
C726,2128,C726,D,E4,B8,13,0,0,4,3,1,1,2,00,00,01,C726,,,1476,2,
C726,2128,C726,D,E4,B8,13,0,0,4,3,1,1,2,00,00,01,C726,,,1477,2,
OBJECT,2128,C74C,D,E4,B8,13,0,0,4,3,1,1,2,00,00,01,20,$0214,26,1477,2,
OBJECT,2128,C74C,D,E4,B8,13,0,0,4,3,1,1,2,00,00,01,21,$0215,5E,1477,2,
OBJECT,2128,C74C,D,E4,B8,13,0,0,4,3,1,1,2,00,00,01,22,$0216,45,1477,2,
OBJECT,2128,C74C,D,E4,B8,13,0,0,4,3,1,1,2,00,00,01,23,$0217,01,1477,2,
OBJECT,2128,C74C,D,E4,B8,13,0,0,4,3,1,1,2,00,00,01,24,$0218,4B,1477,2,
OBJECT,2128,C74C,D,E4,B8,13,0,0,4,3,1,1,2,00,00,01,25,$0219,09,1477,2,
FRAME,2128,C74C,D,E4,B8,13,0,0,4,3,1,1,2,00,00,01,,,,,1477,2,
RNG,2129,C535,D,E4,B8,13,0,0,4,3,1,1,2,00,00,01,C535,,,1477,2,
FRAME,2129,C74E,D,0D,B8,14,1,1,5,3,1,1,2,00,00,01,,,,,1477,2,
RNG,2130,C535,D,0D,B8,14,1,1,5,3,1,1,2,00,00,01,C535,,,1477,2,
FRAME,2130,C74E,D,14,45,15,0,0,4,4,1,1,2,00,00,01,,,,,1477,2,
RNG,2131,C535,D,14,45,15,0,0,4,4,1,1,2,00,00,01,C535,,,1477,2,
FRAME,2131,C74E,D,4C,39,16,0,0,4,3,1,1,2,00,00,01,,,,,1477,2,
RNG,2132,C535,D,4C,39,16,0,0,4,3,1,1,2,00,00,01,C535,,,1477,2,
C726,2132,C726,D,35,3C,17,1,1,5,3,1,1,2,00,00,01,C726,,,1478,2,
C726,2132,C726,D,35,3C,17,1,1,5,3,1,1,2,00,00,01,C726,,,1479,2,
C726,2132,C726,D,35,3C,17,1,1,5,3,1,1,2,00,00,01,C726,,,1480,2,
C726,2132,C726,D,35,3C,17,1,1,5,3,1,1,2,00,00,01,C726,,,1481,2,
OBJECT,2132,C2F3,D,35,3C,17,1,1,5,3,1,1,2,00,00,01,26,$021A,26,1481,2,
OBJECT,2132,C2F3,D,35,3C,17,1,1,5,3,1,1,2,00,00,01,27,$021B,5E,1481,2,
OBJECT,2132,C2F3,D,35,3C,17,1,1,5,3,1,1,2,00,00,01,28,$021C,45,1481,2,
OBJECT,2132,C2F3,D,35,3C,17,1,1,5,3,1,1,2,00,00,01,29,$021D,01,1481,2,
FRAME,2132,C2F3,D,35,3C,17,1,1,5,3,1,1,2,00,00,01,,,,,1481,2,
C726,2133,C726,D,35,3C,17,1,1,5,3,0,1,2,00,00,01,C726,,,1482,2,
C726,2133,C726,D,35,3C,17,1,1,5,3,0,1,2,00,00,01,C726,,,1483,2,
OBJECT,2133,C74E,D,35,3C,17,1,1,5,3,0,1,2,00,00,01,30,$021E,4B,1483,2,
OBJECT,2133,C74E,D,35,3C,17,1,1,5,3,0,1,2,00,00,01,31,$021F,09,1483,2,
FRAME,2133,C74E,D,35,3C,17,1,1,5,3,0,1,2,00,00,01,,,,,1483,2,
RNG,2134,C535,D,35,3C,17,1,1,5,3,1,2,2,00,00,01,C535,,,1483,2,
FRAME,2134,C74E,D,3E,C9,18,0,2,6,4,1,2,2,00,00,01,,,,,1483,2,
RNG,2135,C535,D,3E,C9,18,0,2,6,4,1,1,2,00,00,01,C535,,,1483,2,
FRAME,2135,C74E,D,C3,BE,19,1,3,3,3,1,1,2,00,00,01,,,,,1483,2,
RNG,2136,C535,D,C3,BE,19,1,3,3,3,1,1,2,00,00,01,C535,,,1483,2,
C726,2136,C726,D,4A,C1,1A,0,2,2,4,1,1,2,00,00,01,C726,,,1484,2,
C726,2136,C726,D,4A,C1,1A,0,2,2,4,1,1,2,00,00,01,C726,,,1485,2,
C726,2136,C726,D,4A,C1,1A,0,2,2,4,1,1,2,00,00,01,C726,,,1486,2,
C726,2136,C726,D,4A,C1,1A,0,2,2,4,1,1,2,00,00,01,C726,,,1487,2,
OBJECT,2136,C3FD,D,4A,C1,1A,0,2,2,4,1,1,2,00,00,01,32,$0220,26,1487,2,
OBJECT,2136,C3FD,D,4A,C1,1A,0,2,2,4,1,1,2,00,00,01,33,$0221,5E,1487,2,
OBJECT,2136,C3FD,D,4A,C1,1A,0,2,2,4,1,1,2,00,00,01,34,$0222,45,1487,2,
OBJECT,2136,C3FD,D,4A,C1,1A,0,2,2,4,1,1,2,00,00,01,35,$0223,01,1487,2,
FRAME,2136,C3FD,D,4A,C1,1A,0,2,2,4,1,1,2,00,00,01,,,,,1487,2,
C726,2137,C726,D,4A,C1,1A,0,2,2,4,0,1,2,00,00,01,C726,,,1488,2,
C726,2137,C726,D,4A,C1,1A,0,2,2,4,0,1,2,00,00,01,C726,,,1489,2,
OBJECT,2137,C74E,D,4A,C1,1A,0,2,2,4,0,1,2,00,00,01,36,$0224,4B,1489,2,
OBJECT,2137,C74E,D,4A,C1,1A,0,2,2,4,0,1,2,00,00,01,37,$0225,09,1489,2,
FRAME,2137,C74E,D,4A,C1,1A,0,2,2,4,0,1,2,00,00,01,,,,,1489,2,
RNG,2138,C535,D,4A,C1,1A,0,2,2,4,1,2,2,00,00,01,C535,,,1489,2,
FRAME,2138,C74E,D,EC,4E,1B,0,0,4,4,1,2,2,00,00,01,,,,,1489,2,
RNG,2139,C535,D,EC,4E,1B,0,0,4,4,1,1,2,00,00,01,C535,,,1489,2,
FRAME,2139,C74A,D,EC,44,1C,0,0,4,4,1,1,2,00,00,01,,,,,1489,2,
RNG,2140,C535,D,EC,44,1C,0,0,4,4,1,1,2,00,00,01,C535,,,1489,2,
C726,2140,C726,D,95,47,1D,1,1,5,4,1,1,2,00,00,01,C726,,,1490,2,
C726,2140,C726,D,95,47,1D,1,1,5,4,1,1,2,00,00,01,C726,,,1491,2,
C726,2140,C726,D,95,47,1D,1,1,5,4,1,1,2,00,00,01,C726,,,1492,2,
C726,2140,C726,D,95,47,1D,1,1,5,4,1,1,2,00,00,01,C726,,,1493,2,
C726,2140,C726,D,95,47,1D,1,1,5,4,1,1,2,00,00,01,C726,,,1494,2,
C726,2140,C726,D,95,47,1D,1,1,5,4,1,1,2,00,00,01,C726,,,1495,2,
OBJECT,2140,C728,D,95,47,1D,1,1,5,4,1,1,2,00,00,01,38,$0226,26,1495,2,
OBJECT,2140,C728,D,95,47,1D,1,1,5,4,1,1,2,00,00,01,39,$0227,5E,1495,2,
OBJECT,2140,C728,D,95,47,1D,1,1,5,4,1,1,2,00,00,01,40,$0228,45,1495,2,
OBJECT,2140,C728,D,95,47,1D,1,1,5,4,1,1,2,00,00,01,41,$0229,01,1495,2,
OBJECT,2140,C728,D,95,47,1D,1,1,5,4,1,1,2,00,00,01,42,$022A,4B,1495,2,
FRAME,2140,C728,D,95,47,1D,1,1,5,4,1,1,2,00,00,01,,,,,1495,2,
OBJECT,2141,C74C,D,95,47,1D,1,1,5,4,0,1,2,00,00,01,43,$022B,09,1495,2,
FRAME,2141,C74C,D,95,47,1D,1,1,5,4,0,1,2,00,00,01,,,,,1495,2,
RNG,2142,C535,D,95,47,1D,1,1,5,4,1,2,2,00,00,01,C535,,,1495,2,
FRAME,2142,C74C,D,9B,D4,1E,1,3,3,5,1,2,2,00,00,01,,,,,1495,2,
RNG,2143,C535,D,9B,D4,1E,1,3,3,5,1,1,2,00,00,01,C535,,,1495,2,
FRAME,2143,C74C,D,20,CB,1F,0,0,0,4,1,1,2,00,00,01,,,,,1495,2,
RNG,2144,C535,D,20,CB,1F,0,0,0,4,1,1,2,00,00,01,C535,,,1495,2,
C726,2144,C726,D,A8,CE,20,0,0,0,4,1,1,2,00,00,01,C726,,,1496,2,
C726,2144,C726,D,A8,CE,20,0,0,0,4,1,1,2,00,00,01,C726,,,1497,2,
C726,2144,C726,D,A8,CE,20,0,0,0,4,1,1,2,00,00,01,C726,,,1498,2,
C726,2144,C726,D,A8,CE,20,0,0,0,4,1,1,2,00,00,01,C726,,,1499,2,
OBJECT,2144,C723,D,A8,CE,20,0,0,0,4,1,1,2,00,00,01,44,$022C,26,1499,2,
OBJECT,2144,C723,D,A8,CE,20,0,0,0,4,1,1,2,00,00,01,45,$022D,5E,1499,2,
OBJECT,2144,C723,D,A8,CE,20,0,0,0,4,1,1,2,00,00,01,46,$022E,45,1499,2,
OBJECT,2144,C723,D,A8,CE,20,0,0,0,4,1,1,2,00,00,01,47,$022F,01,1499,2,
FRAME,2144,C723,D,A8,CE,20,0,0,0,4,1,1,2,00,00,01,,,,,1499,2,
RNG,2145,C535,D,A8,CE,20,0,0,0,4,1,1,2,00,00,01,C535,,,1499,2,
C726,2145,C726,D,48,BC,21,0,0,0,3,1,1,2,00,00,01,C726,,,1500,2,
C726,2145,C726,D,48,BC,21,0,0,0,3,1,1,2,00,00,01,C726,,,1501,2,
OBJECT,2145,C74C,D,48,BC,21,0,0,0,3,1,1,2,00,00,01,48,$0230,4B,1501,2,
OBJECT,2145,C74C,D,48,BC,21,0,0,0,3,1,1,2,00,00,01,49,$0231,09,1501,2,
FRAME,2145,C74C,D,48,BC,21,0,0,0,3,1,1,2,00,00,01,,,,,1501,2,
RNG,2146,C535,D,48,BC,21,0,0,0,3,1,1,2,00,00,01,C535,,,1501,2,
FRAME,2146,C74C,D,48,AF,22,0,0,0,2,1,1,2,00,00,01,,,,,1501,2,
RNG,2147,C535,D,48,AF,22,0,0,0,2,1,1,2,00,00,01,C535,,,1501,2,
FRAME,2147,C74C,D,CE,B2,23,0,2,6,3,1,1,2,00,00,01,,,,,1501,2,
RNG,2148,C535,D,CE,B2,23,0,2,6,3,1,1,2,00,00,01,C535,,,1501,2,
C726,2148,C726,D,57,FE,24,1,3,7,7,1,1,2,00,00,01,C726,,,1502,2,
C726,2148,C726,D,57,FE,24,1,3,7,7,1,1,2,00,00,01,C726,,,1503,2,
C726,2148,C726,D,57,FE,24,1,3,7,7,1,1,2,00,00,01,C726,,,1504,2,
C726,2148,C726,D,57,FE,24,1,3,7,7,1,1,2,00,00,01,C726,,,1505,2,
OBJECT,2148,D0E1,D,57,FE,24,1,3,7,7,1,1,2,00,00,01,50,$0232,26,1505,2,
OBJECT,2148,D0E1,D,57,FE,24,1,3,7,7,1,1,2,00,00,01,51,$0233,5E,1505,2,
OBJECT,2148,D0E1,D,57,FE,24,1,3,7,7,1,1,2,00,00,01,52,$0234,45,1505,2,
OBJECT,2148,D0E1,D,57,FE,24,1,3,7,7,1,1,2,00,00,01,53,$0235,01,1505,2,
FRAME,2148,D0E1,D,57,FE,24,1,3,7,7,1,1,2,00,00,01,,,,,1505,2,
RNG,2149,C535,D,57,FE,24,1,3,7,7,1,1,2,00,00,01,C535,,,1505,2,
C726,2149,C726,D,DB,D1,25,1,3,3,5,1,1,2,00,00,01,C726,,,1506,2,
C726,2149,C726,D,DB,D1,25,1,3,3,5,1,1,2,00,00,01,C726,,,1507,2,
OBJECT,2149,C74E,D,DB,D1,25,1,3,3,5,1,1,2,00,00,01,54,$0236,4B,1507,2,
OBJECT,2149,C74E,D,DB,D1,25,1,3,3,5,1,1,2,00,00,01,55,$0237,09,1507,2,
FRAME,2149,C74E,D,DB,D1,25,1,3,3,5,1,1,2,00,00,01,,,,,1507,2,
RNG,2150,C535,D,DB,D1,25,1,3,3,5,1,1,2,00,00,01,C535,,,1507,2,
FRAME,2150,C74C,D,65,66,26,1,1,5,6,1,1,2,00,00,01,,,,,1507,2,
RNG,2151,C535,D,65,66,26,1,1,5,6,1,1,2,00,00,01,C535,,,1507,2,
FRAME,2151,C74C,D,1E,0B,27,0,2,6,0,1,1,2,00,00,01,,,,,1507,2,
RNG,2152,C535,D,1E,0B,27,0,2,6,0,1,1,2,00,00,01,C535,,,1507,2,
C726,2152,C726,D,9F,D8,28,1,3,7,5,1,1,2,00,00,01,C726,,,1508,2,
C726,2152,C726,D,9F,D8,28,1,3,7,5,1,1,2,00,00,01,C726,,,1509,2,
C726,2152,C726,D,9F,D8,28,1,3,7,5,1,1,2,00,00,01,C726,,,1510,2,
OBJECT,2152,FF13,D,9F,D8,28,1,3,7,5,1,1,2,00,00,01,56,$0238,26,1510,2,
OBJECT,2152,FF13,D,9F,D8,28,1,3,7,5,1,1,2,00,00,01,57,$0239,5E,1510,2,
OBJECT,2152,FF13,D,9F,D8,28,1,3,7,5,1,1,2,00,00,01,58,$023A,45,1510,2,
FRAME,2152,FF13,D,9F,D8,28,1,3,7,5,1,1,2,00,00,01,,,,,1510,2,
RNG,2153,C535,D,9F,D8,28,1,3,7,5,1,1,2,00,00,01,C535,,,1510,2,
C726,2153,C726,D,A6,DD,29,0,2,6,5,1,1,2,00,00,01,C726,,,1511,2,
C726,2153,C726,D,A6,DD,29,0,2,6,5,1,1,2,00,00,01,C726,,,1512,2,
C726,2153,C726,D,A6,DD,29,0,2,6,5,1,1,2,00,00,01,C726,,,1513,2,
OBJECT,2153,C74C,D,A6,DD,29,0,2,6,5,1,1,2,00,00,01,59,$023B,01,1513,2,
OBJECT,2153,C74C,D,A6,DD,29,0,2,6,5,1,1,2,00,00,01,60,$023C,4B,1513,2,
OBJECT,2153,C74C,D,A6,DD,29,0,2,6,5,1,1,2,00,00,01,61,$023D,09,1513,2,
FRAME,2153,C74C,D,A6,DD,29,0,2,6,5,1,1,2,00,00,01,,,,,1513,2,
RNG,2154,C535,D,A6,DD,29,0,2,6,5,1,1,2,00,00,01,C535,,,1513,2,
FRAME,2154,C74E,D,6F,AB,2A,1,3,7,2,1,1,2,00,00,01,,,,,1513,2,
RNG,2155,C535,D,6F,AB,2A,1,3,7,2,1,1,2,00,00,01,C535,,,1513,2,
FRAME,2155,C74E,D,B1,B0,2B,1,1,1,3,1,1,2,00,00,01,,,,,1513,2,
RNG,2156,C535,D,B1,B0,2B,1,1,1,3,1,1,2,00,00,01,C535,,,1513,2,
C726,2156,C726,D,81,7F,2C,1,1,1,7,1,1,2,00,00,01,C726,,,1514,2,
C726,2156,C726,D,81,7F,2C,1,1,1,7,1,1,2,00,00,01,C726,,,1515,2,
OBJECT,2156,C6F1,D,81,7F,2C,1,1,1,7,1,1,2,00,00,01,62,$023E,26,1515,2,
OBJECT,2156,C6F1,D,81,7F,2C,1,1,1,7,1,1,2,00,00,01,63,$023F,5E,1515,2,
FRAME,2156,C6F1,D,81,7F,2C,1,1,1,7,1,1,2,00,00,01,,,,,1515,2,
C726,2157,C726,D,81,7F,2C,1,1,1,7,0,1,2,00,00,01,C726,,,1516,2,
C726,2157,C726,D,81,7F,2C,1,1,1,7,0,1,2,00,00,01,C726,,,1517,2,
C726,2157,C726,D,81,7F,2C,1,1,1,7,0,1,2,00,00,01,C726,,,1518,2,
C726,2157,C726,D,81,7F,2C,1,1,1,7,0,1,2,00,00,01,C726,,,1519,2,
OBJECT,2157,C74C,D,81,7F,2C,1,1,1,7,0,1,2,00,00,01,0,$0200,45,1519,2,
OBJECT,2157,C74C,D,81,7F,2C,1,1,1,7,0,1,2,00,00,01,1,$0201,01,1519,2,
OBJECT,2157,C74C,D,81,7F,2C,1,1,1,7,0,1,2,00,00,01,2,$0202,4B,1519,2,
OBJECT,2157,C74C,D,81,7F,2C,1,1,1,7,0,1,2,00,00,01,3,$0203,09,1519,2,
FRAME,2157,C74C,D,81,7F,2C,1,1,1,7,0,1,2,00,00,01,,,,,1519,2,
RNG,2158,C535,D,81,7F,2C,1,1,1,7,1,2,2,00,00,01,C535,,,1519,2,
FRAME,2158,C74A,D,A2,84,2D,0,2,2,0,1,2,2,00,00,01,,,,,1519,2,
RNG,2159,C535,D,A2,84,2D,0,2,2,0,1,1,2,00,00,01,C535,,,1519,2,
FRAME,2159,C74A,D,4B,54,2E,1,3,3,5,1,1,2,00,00,01,,,,,1519,2,
RNG,2160,C535,D,4B,54,2E,1,3,3,5,1,1,2,00,00,01,C535,,,1519,2,
C726,2160,C726,D,4C,80,2F,0,0,4,0,1,1,2,00,00,01,C726,,,1520,2,
C726,2160,C726,D,4C,80,2F,0,0,4,0,1,1,2,00,00,01,C726,,,1521,2,
OBJECT,2160,B253,D,4C,80,2F,0,0,4,0,1,1,2,00,00,01,4,$0204,26,1521,2,
OBJECT,2160,B253,D,4C,80,2F,0,0,4,0,1,1,2,00,00,01,5,$0205,5E,1521,2,
FRAME,2160,B253,D,4C,80,2F,0,0,4,0,1,1,2,00,00,01,,,,,1521,2,
RNG,2161,C535,D,4C,80,2F,0,0,4,0,1,1,2,00,00,01,C535,,,1521,2,
C726,2161,C726,D,E9,59,30,1,1,1,5,1,1,2,00,00,01,C726,,,1522,2,
C726,2161,C726,D,E9,59,30,1,1,1,5,1,1,2,00,00,01,C726,,,1523,2,
C726,2161,C726,D,E9,59,30,1,1,1,5,1,1,2,00,00,01,C726,,,1524,2,
C726,2161,C726,D,E9,59,30,1,1,1,5,1,1,2,00,00,01,C726,,,1525,2,
OBJECT,2161,C74C,D,E9,59,30,1,1,1,5,1,1,2,00,00,01,6,$0206,45,1525,2,
OBJECT,2161,C74C,D,E9,59,30,1,1,1,5,1,1,2,00,00,01,7,$0207,01,1525,2,
OBJECT,2161,C74C,D,E9,59,30,1,1,1,5,1,1,2,00,00,01,8,$0208,4B,1525,2,
OBJECT,2161,C74C,D,E9,59,30,1,1,1,5,1,1,2,00,00,01,9,$0209,09,1525,2,
FRAME,2161,C74C,D,E9,59,30,1,1,1,5,1,1,2,00,00,01,,,,,1525,2,
RNG,2162,C535,D,E9,59,30,1,1,1,5,1,1,2,00,00,01,C535,,,1525,2,
FRAME,2162,C74A,D,1E,58,31,0,2,6,5,1,1,2,00,00,01,,,,,1525,2,
RNG,2163,C535,D,1E,58,31,0,2,6,5,1,1,2,00,00,01,C535,,,1525,2,
FRAME,2163,C74E,D,21,48,32,1,1,1,4,1,1,2,00,00,01,,,,,1525,2,
RNG,2164,C535,D,21,48,32,1,1,1,4,1,1,2,00,00,01,C535,,,1525,2,
C726,2164,C726,D,C6,75,33,0,2,6,7,1,1,2,00,00,01,C726,,,1526,2,
C726,2164,C726,D,C6,75,33,0,2,6,7,1,1,2,00,00,01,C726,,,1527,2,
OBJECT,2164,FF10,D,C6,75,33,0,2,6,7,1,1,2,00,00,01,10,$020A,26,1527,2,
OBJECT,2164,FF10,D,C6,75,33,0,2,6,7,1,1,2,00,00,01,11,$020B,5E,1527,2,
FRAME,2164,FF10,D,C6,75,33,0,2,6,7,1,1,2,00,00,01,,,,,1527,2,
RNG,2165,C535,D,C6,75,33,0,2,6,7,1,1,2,00,00,01,C535,,,1527,2,
C726,2165,C726,D,4D,17,34,1,1,5,1,1,1,2,00,00,01,C726,,,1528,2,
C726,2165,C726,D,4D,17,34,1,1,5,1,1,1,2,00,00,01,C726,,,1529,2,
C726,2165,C726,D,4D,17,34,1,1,5,1,1,1,2,00,00,01,C726,,,1530,2,
C726,2165,C726,D,4D,17,34,1,1,5,1,1,1,2,00,00,01,C726,,,1531,2,
OBJECT,2165,C74E,D,4D,17,34,1,1,5,1,1,1,2,00,00,01,12,$020C,45,1531,2,
OBJECT,2165,C74E,D,4D,17,34,1,1,5,1,1,1,2,00,00,01,13,$020D,01,1531,2,
OBJECT,2165,C74E,D,4D,17,34,1,1,5,1,1,1,2,00,00,01,14,$020E,4B,1531,2,
OBJECT,2165,C74E,D,4D,17,34,1,1,5,1,1,1,2,00,00,01,15,$020F,09,1531,2,
FRAME,2165,C74E,D,4D,17,34,1,1,5,1,1,1,2,00,00,01,,,,,1531,2,
RNG,2166,C535,D,4D,17,34,1,1,5,1,1,1,2,00,00,01,C535,,,1531,2,
FRAME,2166,C74E,D,33,17,35,1,3,3,1,1,1,2,00,00,01,,,,,1531,2,
RNG,2167,C535,D,33,17,35,1,3,3,1,1,1,2,00,00,01,C535,,,1531,2,
FRAME,2167,C74E,D,BA,D4,36,0,2,2,5,1,1,2,00,00,01,,,,,1531,2,
RNG,2168,C535,D,BA,D4,36,0,2,2,5,1,1,2,00,00,01,C535,,,1531,2,
C726,2168,C726,D,57,9F,37,1,3,7,1,1,1,2,00,00,01,C726,,,1532,2,
OBJECT,2168,E05F,D,57,9F,37,1,3,7,1,1,1,2,00,00,01,16,$0210,26,1532,2,
FRAME,2168,E05F,D,57,9F,37,1,3,7,1,1,1,2,00,00,01,,,,,1532,2,
RNG,2169,C535,D,57,9F,37,1,3,7,1,1,1,2,00,00,01,C535,,,1532,2,
C726,2169,C726,D,94,A6,38,0,0,4,2,1,1,2,00,00,01,C726,,,1533,2,
C726,2169,C726,D,94,A6,38,0,0,4,2,1,1,2,00,00,01,C726,,,1534,2,
C726,2169,C726,D,94,A6,38,0,0,4,2,1,1,2,00,00,01,C726,,,1535,2,
C726,2169,C726,D,94,A6,38,0,0,4,2,1,1,2,00,00,01,C726,,,1536,2,
C726,2169,C726,D,94,A6,38,0,0,4,2,1,1,2,00,00,01,C726,,,1537,2,
OBJECT,2169,C74C,D,94,A6,38,0,0,4,2,1,1,2,00,00,01,17,$0211,5E,1537,2,
OBJECT,2169,C74C,D,94,A6,38,0,0,4,2,1,1,2,00,00,01,18,$0212,45,1537,2,
OBJECT,2169,C74C,D,94,A6,38,0,0,4,2,1,1,2,00,00,01,19,$0213,01,1537,2,
OBJECT,2169,C74C,D,94,A6,38,0,0,4,2,1,1,2,00,00,01,20,$0214,4B,1537,2,
OBJECT,2169,C74C,D,94,A6,38,0,0,4,2,1,1,2,00,00,01,21,$0215,09,1537,2,
FRAME,2169,C74C,D,94,A6,38,0,0,4,2,1,1,2,00,00,01,,,,,1537,2,
RNG,2170,C535,D,94,A6,38,0,0,4,2,1,1,2,00,00,01,C535,,,1537,2,
FRAME,2170,C74C,D,97,DE,39,1,3,7,5,1,1,2,00,00,01,,,,,1537,2,
RNG,2171,C535,D,97,DE,39,1,3,7,5,1,1,2,00,00,01,C535,,,1537,2,
FRAME,2171,C74C,D,3C,C7,3A,0,0,4,4,1,1,2,00,00,01,,,,,1537,2,
RNG,2172,C535,D,3C,C7,3A,0,0,4,4,1,1,2,00,00,01,C535,,,1537,2,
C726,2172,C726,D,C4,D7,3B,0,0,4,5,1,1,2,00,00,01,C726,,,1538,2,
OBJECT,2172,E027,D,C4,D7,3B,0,0,4,5,1,1,2,00,00,01,22,$0216,26,1538,2,
FRAME,2172,E027,D,C4,D7,3B,0,0,4,5,1,1,2,00,00,01,,,,,1538,2,
RNG,2173,C535,D,C4,D7,3B,0,0,4,5,1,1,2,00,00,01,C535,,,1538,2,
C726,2173,C726,D,AA,74,3C,0,2,2,7,1,1,2,00,00,01,C726,,,1539,2,
C726,2173,C726,D,AA,74,3C,0,2,2,7,1,1,2,00,00,01,C726,,,1540,2,
C726,2173,C726,D,AA,74,3C,0,2,2,7,1,1,2,00,00,01,C726,,,1541,2,
C726,2173,C726,D,AA,74,3C,0,2,2,7,1,1,2,00,00,01,C726,,,1542,2,
C726,2173,C726,D,AA,74,3C,0,2,2,7,1,1,2,00,00,01,C726,,,1543,2,
OBJECT,2173,C74E,D,AA,74,3C,0,2,2,7,1,1,2,00,00,01,23,$0217,5E,1543,2,
OBJECT,2173,C74E,D,AA,74,3C,0,2,2,7,1,1,2,00,00,01,24,$0218,45,1543,2,
OBJECT,2173,C74E,D,AA,74,3C,0,2,2,7,1,1,2,00,00,01,25,$0219,01,1543,2,
OBJECT,2173,C74E,D,AA,74,3C,0,2,2,7,1,1,2,00,00,01,26,$021A,4B,1543,2,
OBJECT,2173,C74E,D,AA,74,3C,0,2,2,7,1,1,2,00,00,01,27,$021B,09,1543,2,
FRAME,2173,C74E,D,AA,74,3C,0,2,2,7,1,1,2,00,00,01,,,,,1543,2,
RNG,2174,C535,D,AA,74,3C,0,2,2,7,1,1,2,00,00,01,C535,,,1543,2,
FRAME,2174,C74C,D,32,3F,3D,0,2,2,3,1,1,2,00,00,01,,,,,1543,2,
RNG,2175,C535,D,32,3F,3D,0,2,2,3,1,1,2,00,00,01,C535,,,1543,2,
FRAME,2175,C74C,D,18,46,3E,0,0,0,4,1,1,2,00,00,01,,,,,1543,2,
RNG,2176,C535,D,18,46,3E,0,0,0,4,1,1,2,00,00,01,C535,,,1543,2,
C726,2176,C726,D,A0,2E,3F,0,0,0,2,1,1,2,00,00,01,C726,,,1544,2,
OBJECT,2176,E05D,D,A0,2E,3F,0,0,0,2,1,1,2,00,00,01,28,$021C,26,1544,2,
FRAME,2176,E05D,D,A0,2E,3F,0,0,0,2,1,1,2,00,00,01,,,,,1544,2,
RNG,2177,C535,D,A0,2E,3F,0,0,0,2,1,1,2,00,00,01,C535,,,1544,2,
C726,2177,C726,D,3D,16,40,1,1,5,1,1,1,2,00,00,01,C726,,,1545,2,
C726,2177,C726,D,3D,16,40,1,1,5,1,1,1,2,00,00,01,C726,,,1546,2,
C726,2177,C726,D,3D,16,40,1,1,5,1,1,1,2,00,00,01,C726,,,1547,2,
C726,2177,C726,D,3D,16,40,1,1,5,1,1,1,2,00,00,01,C726,,,1548,2,
C726,2177,C726,D,3D,16,40,1,1,5,1,1,1,2,00,00,01,C726,,,1549,2,
OBJECT,2177,C74C,D,3D,16,40,1,1,5,1,1,1,2,00,00,01,29,$021D,5E,1549,2,
OBJECT,2177,C74C,D,3D,16,40,1,1,5,1,1,1,2,00,00,01,30,$021E,45,1549,2,
OBJECT,2177,C74C,D,3D,16,40,1,1,5,1,1,1,2,00,00,01,31,$021F,01,1549,2,
OBJECT,2177,C74C,D,3D,16,40,1,1,5,1,1,1,2,00,00,01,32,$0220,4B,1549,2,
OBJECT,2177,C74C,D,3D,16,40,1,1,5,1,1,1,2,00,00,01,33,$0221,09,1549,2,
FRAME,2177,C74C,D,3D,16,40,1,1,5,1,1,1,2,00,00,01,,,,,1549,2,
RNG,2178,C535,D,3D,16,40,1,1,5,1,1,1,2,00,00,01,C535,,,1549,2,
FRAME,2178,C74E,D,82,FE,41,0,2,2,7,1,1,2,00,00,01,,,,,1549,2,
RNG,2179,C535,D,82,FE,41,0,2,2,7,1,1,2,00,00,01,C535,,,1549,2,
FRAME,2179,C74A,D,85,E6,42,1,1,5,6,1,1,2,00,00,01,,,,,1549,2,
RNG,2180,C535,D,85,E6,42,1,1,5,6,1,1,2,00,00,01,C535,,,1549,2,
C726,2180,C726,D,2E,C6,43,0,2,6,4,1,1,2,00,00,01,C726,,,1550,2,
OBJECT,2180,E05F,D,2E,C6,43,0,2,6,4,1,1,2,00,00,01,34,$0222,26,1550,2,
FRAME,2180,E05F,D,2E,C6,43,0,2,6,4,1,1,2,00,00,01,,,,,1550,2,
RNG,2181,C535,D,2E,C6,43,0,2,6,4,1,1,2,00,00,01,C535,,,1550,2,
C726,2181,C726,D,2E,DE,44,0,2,6,5,1,1,2,00,00,01,C726,,,1551,2,
C726,2181,C726,D,2E,DE,44,0,2,6,5,1,1,2,00,00,01,C726,,,1552,2,
C726,2181,C726,D,2E,DE,44,0,2,6,5,1,1,2,00,00,01,C726,,,1553,2,
C726,2181,C726,D,2E,DE,44,0,2,6,5,1,1,2,00,00,01,C726,,,1554,2,
C726,2181,C726,D,2E,DE,44,0,2,6,5,1,1,2,00,00,01,C726,,,1555,2,
OBJECT,2181,C74E,D,2E,DE,44,0,2,6,5,1,1,2,00,00,01,35,$0223,5E,1555,2,
OBJECT,2181,C74E,D,2E,DE,44,0,2,6,5,1,1,2,00,00,01,36,$0224,45,1555,2,
OBJECT,2181,C74E,D,2E,DE,44,0,2,6,5,1,1,2,00,00,01,37,$0225,01,1555,2,
OBJECT,2181,C74E,D,2E,DE,44,0,2,6,5,1,1,2,00,00,01,38,$0226,4B,1555,2,
OBJECT,2181,C74E,D,2E,DE,44,0,2,6,5,1,1,2,00,00,01,39,$0227,09,1555,2,
FRAME,2181,C74E,D,2E,DE,44,0,2,6,5,1,1,2,00,00,01,,,,,1555,2,
RNG,2182,C535,D,2E,DE,44,0,2,6,5,1,1,2,00,00,01,C535,,,1555,2,
FRAME,2182,C74A,D,C3,AE,45,1,3,3,2,1,1,2,00,00,01,,,,,1555,2,
RNG,2183,C535,D,C3,AE,45,1,3,3,2,1,1,2,00,00,01,C535,,,1555,2,
FRAME,2183,C74A,D,7E,9D,46,0,2,6,1,1,1,2,00,00,01,,,,,1555,2,
RNG,2184,C535,D,7E,9D,46,0,2,6,1,1,1,2,00,00,01,C535,,,1555,2,
C726,2184,C726,D,23,8B,47,1,3,3,0,1,1,2,00,00,01,C726,,,1556,2,
OBJECT,2184,E061,D,23,8B,47,1,3,3,0,1,1,2,00,00,01,40,$0228,26,1556,2,
FRAME,2184,E061,D,23,8B,47,1,3,3,0,1,1,2,00,00,01,,,,,1556,2,
RNG,2185,C535,D,23,8B,47,1,3,3,0,1,1,2,00,00,01,C535,,,1556,2,
C726,2185,C726,D,AC,82,48,0,0,4,0,1,1,2,00,00,01,C726,,,1557,2,
C726,2185,C726,D,AC,82,48,0,0,4,0,1,1,2,00,00,01,C726,,,1558,2,
C726,2185,C726,D,AC,82,48,0,0,4,0,1,1,2,00,00,01,C726,,,1559,2,
C726,2185,C726,D,AC,82,48,0,0,4,0,1,1,2,00,00,01,C726,,,1560,2,
C726,2185,C726,D,AC,82,48,0,0,4,0,1,1,2,00,00,01,C726,,,1561,2,
OBJECT,2185,C74E,D,AC,82,48,0,0,4,0,1,1,2,00,00,01,41,$0229,5E,1561,2,
OBJECT,2185,C74E,D,AC,82,48,0,0,4,0,1,1,2,00,00,01,42,$022A,45,1561,2,
OBJECT,2185,C74E,D,AC,82,48,0,0,4,0,1,1,2,00,00,01,43,$022B,01,1561,2,
OBJECT,2185,C74E,D,AC,82,48,0,0,4,0,1,1,2,00,00,01,44,$022C,4B,1561,2,
OBJECT,2185,C74E,D,AC,82,48,0,0,4,0,1,1,2,00,00,01,45,$022D,09,1561,2,
FRAME,2185,C74E,D,AC,82,48,0,0,4,0,1,1,2,00,00,01,,,,,1561,2,
RNG,2186,C535,D,AC,82,48,0,0,4,0,1,1,2,00,00,01,C535,,,1561,2,
FRAME,2186,C74C,D,C4,85,49,0,0,4,0,1,1,2,00,00,01,,,,,1561,2,
RNG,2187,C535,D,C4,85,49,0,0,4,0,1,1,2,00,00,01,C535,,,1561,2,
FRAME,2187,C74A,D,2D,2E,4A,1,1,5,2,1,1,2,00,00,01,,,,,1561,2,
RNG,2188,C535,D,2D,2E,4A,1,1,5,2,1,1,2,00,00,01,C535,,,1561,2,
C726,2188,C726,D,3D,5E,4B,1,1,5,5,1,1,2,00,00,01,C726,,,1562,2,
OBJECT,2188,E065,D,3D,5E,4B,1,1,5,5,1,1,2,00,00,01,46,$022E,26,1562,2,
FRAME,2188,E065,D,3D,5E,4B,1,1,5,5,1,1,2,00,00,01,,,,,1562,2,
RNG,2189,C535,D,3D,5E,4B,1,1,5,5,1,1,2,00,00,01,C535,,,1562,2,
C726,2189,C726,D,5D,EB,4C,1,1,5,6,1,1,2,00,00,01,C726,,,1563,2,
C726,2189,C726,D,5D,EB,4C,1,1,5,6,1,1,2,00,00,01,C726,,,1564,2,
C726,2189,C726,D,5D,EB,4C,1,1,5,6,1,1,2,00,00,01,C726,,,1565,2,
C726,2189,C726,D,5D,EB,4C,1,1,5,6,1,1,2,00,00,01,C726,,,1566,2,
C726,2189,C726,D,5D,EB,4C,1,1,5,6,1,1,2,00,00,01,C726,,,1567,2,
OBJECT,2189,C74E,D,5D,EB,4C,1,1,5,6,1,1,2,00,00,01,47,$022F,5E,1567,2,
OBJECT,2189,C74E,D,5D,EB,4C,1,1,5,6,1,1,2,00,00,01,48,$0230,45,1567,2,
OBJECT,2189,C74E,D,5D,EB,4C,1,1,5,6,1,1,2,00,00,01,49,$0231,01,1567,2,
OBJECT,2189,C74E,D,5D,EB,4C,1,1,5,6,1,1,2,00,00,01,50,$0232,4B,1567,2,
OBJECT,2189,C74E,D,5D,EB,4C,1,1,5,6,1,1,2,00,00,01,51,$0233,09,1567,2,
FRAME,2189,C74E,D,5D,EB,4C,1,1,5,6,1,1,2,00,00,01,,,,,1567,2,
RNG,2190,C535,D,5D,EB,4C,1,1,5,6,1,1,2,00,00,01,C535,,,1567,2,
FRAME,2190,C74C,D,83,2B,4D,1,3,3,2,1,1,2,00,00,01,,,,,1567,2,
RNG,2191,C535,D,83,2B,4D,1,3,3,2,1,1,2,00,00,01,C535,,,1567,2,
FRAME,2191,C74C,D,4A,31,4E,0,2,2,3,1,1,2,00,00,01,,,,,1567,2,
RNG,2192,C535,D,4A,31,4E,0,2,2,3,1,1,2,00,00,01,C535,,,1567,2,
C726,2192,C726,D,EE,DE,4F,0,2,6,5,1,1,2,00,00,01,C726,,,1568,2,
OBJECT,2192,E024,D,EE,DE,4F,0,2,6,5,1,1,2,00,00,01,52,$0234,26,1568,2,
FRAME,2192,E024,D,EE,DE,4F,0,2,6,5,1,1,2,00,00,01,,,,,1568,2,
RNG,2193,C535,D,EE,DE,4F,0,2,6,5,1,1,2,00,00,01,C535,,,1568,2,
C726,2193,C726,D,78,D5,50,0,0,0,5,1,1,2,00,00,01,C726,,,1569,2,
C726,2193,C726,D,78,D5,50,0,0,0,5,1,1,2,00,00,01,C726,,,1570,2,
C726,2193,C726,D,78,D5,50,0,0,0,5,1,1,2,00,00,01,C726,,,1571,2,
C726,2193,C726,D,78,D5,50,0,0,0,5,1,1,2,00,00,01,C726,,,1572,2,
C726,2193,C726,D,78,D5,50,0,0,0,5,1,1,2,00,00,01,C726,,,1573,2,
OBJECT,2193,C74C,D,78,D5,50,0,0,0,5,1,1,2,00,00,01,53,$0235,5E,1573,2,
OBJECT,2193,C74C,D,78,D5,50,0,0,0,5,1,1,2,00,00,01,54,$0236,45,1573,2,
OBJECT,2193,C74C,D,78,D5,50,0,0,0,5,1,1,2,00,00,01,55,$0237,01,1573,2,
OBJECT,2193,C74C,D,78,D5,50,0,0,0,5,1,1,2,00,00,01,56,$0238,4B,1573,2,
OBJECT,2193,C74C,D,78,D5,50,0,0,0,5,1,1,2,00,00,01,57,$0239,09,1573,2,
FRAME,2193,C74C,D,78,D5,50,0,0,0,5,1,1,2,00,00,01,,,,,1573,2,
RNG,2194,C535,D,78,D5,50,0,0,0,5,1,1,2,00,00,01,C535,,,1573,2,
FRAME,2194,C74C,D,40,D8,51,0,0,0,5,1,1,2,00,00,01,,,,,1573,2,
RNG,2195,C535,D,40,D8,51,0,0,0,5,1,1,2,00,00,01,C535,,,1573,2,
FRAME,2195,C74C,D,08,A1,52,0,0,0,2,1,1,2,00,00,01,,,,,1573,2,
RNG,2196,C535,D,08,A1,52,0,0,0,2,1,1,2,00,00,01,C535,,,1573,2,
C726,2196,C726,D,D0,A3,53,0,0,0,2,1,1,2,00,00,01,C726,,,1574,2,
OBJECT,2196,E065,D,D0,A3,53,0,0,0,2,1,1,2,00,00,01,58,$023A,26,1574,2,
FRAME,2196,E065,D,D0,A3,53,0,0,0,2,1,1,2,00,00,01,,,,,1574,2,
RNG,2197,C535,D,D0,A3,53,0,0,0,2,1,1,2,00,00,01,C535,,,1574,2,
C726,2197,C726,D,98,73,54,0,0,0,7,1,1,2,00,00,01,C726,,,1575,2,
C726,2197,C726,D,98,73,54,0,0,0,7,1,1,2,00,00,01,C726,,,1576,2,
C726,2197,C726,D,98,73,54,0,0,0,7,1,1,2,00,00,01,C726,,,1577,2,
C726,2197,C726,D,98,73,54,0,0,0,7,1,1,2,00,00,01,C726,,,1578,2,
C726,2197,C726,D,98,73,54,0,0,0,7,1,1,2,00,00,01,C726,,,1579,2,
OBJECT,2197,C74E,D,98,73,54,0,0,0,7,1,1,2,00,00,01,59,$023B,5E,1579,2,
OBJECT,2197,C74E,D,98,73,54,0,0,0,7,1,1,2,00,00,01,60,$023C,45,1579,2,
OBJECT,2197,C74E,D,98,73,54,0,0,0,7,1,1,2,00,00,01,61,$023D,01,1579,2,
OBJECT,2197,C74E,D,98,73,54,0,0,0,7,1,1,2,00,00,01,62,$023E,4B,1579,2,
OBJECT,2197,C74E,D,98,73,54,0,0,0,7,1,1,2,00,00,01,63,$023F,09,1579,2,
FRAME,2197,C74E,D,98,73,54,0,0,0,7,1,1,2,00,00,01,,,,,1579,2,
RNG,2198,C535,D,98,73,54,0,0,0,7,1,1,2,00,00,01,C535,,,1579,2,
FRAME,2198,C74C,D,3E,86,55,0,2,6,0,1,1,2,00,00,01,,,,,1579,2,
RNG,2199,C535,D,3E,86,55,0,2,6,0,1,1,2,00,00,01,C535,,,1579,2,
FRAME,2199,C74C,D,C7,A6,56,1,3,7,2,1,1,2,00,00,01,,,,,1579,2,
RNG,2200,C535,D,C7,A6,56,1,3,7,2,1,1,2,00,00,01,C535,,,1579,2,
C726,2200,C726,D,AF,23,57,1,3,7,2,1,1,2,00,00,01,C726,,,1580,2,
OBJECT,2200,E05F,D,AF,23,57,1,3,7,2,1,1,2,00,00,01,0,$0200,26,1580,2,
FRAME,2200,E05F,D,AF,23,57,1,3,7,2,1,1,2,00,00,01,,,,,1580,2,
RNG,2201,C535,D,AF,23,57,1,3,7,2,1,1,2,00,00,01,C535,,,1580,2,
C726,2201,C726,D,8F,07,58,1,3,7,0,1,1,2,00,00,01,C726,,,1581,2,
C726,2201,C726,D,8F,07,58,1,3,7,0,1,1,2,00,00,01,C726,,,1582,2,
C726,2201,C726,D,8F,07,58,1,3,7,0,1,1,2,00,00,01,C726,,,1583,2,
C726,2201,C726,D,8F,07,58,1,3,7,0,1,1,2,00,00,01,C726,,,1584,2,
C726,2201,C726,D,8F,07,58,1,3,7,0,1,1,2,00,00,01,C726,,,1585,2,
C726,2201,C726,D,8F,07,58,1,3,7,0,1,1,2,00,00,01,C726,,,1586,2,
OBJECT,2201,C74E,D,8F,07,58,1,3,7,0,1,1,2,00,00,01,1,$0201,5E,1586,2,
OBJECT,2201,C74E,D,8F,07,58,1,3,7,0,1,1,2,00,00,01,2,$0202,5A,1586,2,
OBJECT,2201,C74E,D,8F,07,58,1,3,7,0,1,1,2,00,00,01,3,$0203,45,1586,2,
OBJECT,2201,C74E,D,8F,07,58,1,3,7,0,1,1,2,00,00,01,4,$0204,01,1586,2,
OBJECT,2201,C74E,D,8F,07,58,1,3,7,0,1,1,2,00,00,01,5,$0205,4B,1586,2,
OBJECT,2201,C74E,D,8F,07,58,1,3,7,0,1,1,2,00,00,01,6,$0206,09,1586,2,
FRAME,2201,C74E,D,8F,07,58,1,3,7,0,1,1,2,00,00,01,,,,,1586,2,
RNG,2202,C535,D,8F,07,58,1,3,7,0,1,1,2,00,00,01,C535,,,1586,2,
FRAME,2202,C74A,D,92,A9,59,0,2,2,2,1,1,2,00,00,01,,,,,1586,2,
RNG,2203,C535,D,92,A9,59,0,2,2,2,1,1,2,00,00,01,C535,,,1586,2,
FRAME,2203,C74A,D,62,01,5A,0,2,2,0,1,1,2,00,00,01,,,,,1586,2,
RNG,2204,C535,D,62,01,5A,0,2,2,0,1,1,2,00,00,01,C535,,,1586,2,
C726,2204,C726,D,29,21,5B,1,1,1,2,1,1,2,00,00,01,C726,,,1587,2,
OBJECT,2204,E063,D,29,21,5B,1,1,1,2,1,1,2,00,00,01,7,$0207,26,1587,2,
FRAME,2204,E063,D,29,21,5B,1,1,1,2,1,1,2,00,00,01,,,,,1587,2,
RNG,2205,C535,D,29,21,5B,1,1,1,2,1,1,2,00,00,01,C535,,,1587,2,
C726,2205,C726,D,89,3F,5C,1,1,1,3,1,1,2,00,00,01,C726,,,1588,2,
C726,2205,C726,D,89,3F,5C,1,1,1,3,1,1,2,00,00,01,C726,,,1589,2,
C726,2205,C726,D,89,3F,5C,1,1,1,3,1,1,2,00,00,01,C726,,,1590,2,
C726,2205,C726,D,89,3F,5C,1,1,1,3,1,1,2,00,00,01,C726,,,1591,2,
C726,2205,C726,D,89,3F,5C,1,1,1,3,1,1,2,00,00,01,C726,,,1592,2,
C726,2205,C726,D,89,3F,5C,1,1,1,3,1,1,2,00,00,01,C726,,,1593,2,
OBJECT,2205,C74E,D,89,3F,5C,1,1,1,3,1,1,2,00,00,01,8,$0208,5E,1593,2,
OBJECT,2205,C74E,D,89,3F,5C,1,1,1,3,1,1,2,00,00,01,9,$0209,5A,1593,2,
OBJECT,2205,C74E,D,89,3F,5C,1,1,1,3,1,1,2,00,00,01,10,$020A,45,1593,2,
OBJECT,2205,C74E,D,89,3F,5C,1,1,1,3,1,1,2,00,00,01,11,$020B,01,1593,2,
OBJECT,2205,C74E,D,89,3F,5C,1,1,1,3,1,1,2,00,00,01,12,$020C,4B,1593,2,
OBJECT,2205,C74E,D,89,3F,5C,1,1,1,3,1,1,2,00,00,01,13,$020D,09,1593,2,
FRAME,2205,C74E,D,89,3F,5C,1,1,1,3,1,1,2,00,00,01,,,,,1593,2,
RNG,2206,C535,D,89,3F,5C,1,1,1,3,1,1,2,00,00,01,C535,,,1593,2,
FRAME,2206,C74E,D,2B,21,5D,1,3,3,2,1,1,2,00,00,01,,,,,1593,2,
RNG,2207,C535,D,2B,21,5D,1,3,3,2,1,1,2,00,00,01,C535,,,1593,2,
FRAME,2207,C74E,D,2B,6D,5E,1,3,3,6,1,1,2,00,00,01,,,,,1593,2,
RNG,2208,C535,D,2B,6D,5E,1,3,3,6,1,1,2,00,00,01,C535,,,1593,2,
C726,2208,C726,D,C8,31,5F,0,0,0,3,1,1,2,00,00,01,C726,,,1594,2,
OBJECT,2208,E042,D,C8,31,5F,0,0,0,3,1,1,2,00,00,01,14,$020E,26,1594,2,
FRAME,2208,E042,D,C8,31,5F,0,0,0,3,1,1,2,00,00,01,,,,,1594,2,
RNG,2209,C535,D,C8,31,5F,0,0,0,3,1,1,2,00,00,01,C535,,,1594,2,
C726,2209,C726,D,7A,C6,60,0,2,2,4,1,1,2,00,00,01,C726,,,1595,2,
C726,2209,C726,D,7A,C6,60,0,2,2,4,1,1,2,00,00,01,C726,,,1596,2,
C726,2209,C726,D,7A,C6,60,0,2,2,4,1,1,2,00,00,01,C726,,,1597,2,
C726,2209,C726,D,7A,C6,60,0,2,2,4,1,1,2,00,00,01,C726,,,1598,2,
C726,2209,C726,D,7A,C6,60,0,2,2,4,1,1,2,00,00,01,C726,,,1599,2,
C726,2209,C726,D,7A,C6,60,0,2,2,4,1,1,2,00,00,01,C726,,,1600,2,
OBJECT,2209,C74E,D,7A,C6,60,0,2,2,4,1,1,2,00,00,01,15,$020F,5E,1600,2,
OBJECT,2209,C74E,D,7A,C6,60,0,2,2,4,1,1,2,00,00,01,16,$0210,5A,1600,2,
OBJECT,2209,C74E,D,7A,C6,60,0,2,2,4,1,1,2,00,00,01,17,$0211,45,1600,2,
OBJECT,2209,C74E,D,7A,C6,60,0,2,2,4,1,1,2,00,00,01,18,$0212,01,1600,2,
OBJECT,2209,C74E,D,7A,C6,60,0,2,2,4,1,1,2,00,00,01,19,$0213,4B,1600,2,
OBJECT,2209,C74E,D,7A,C6,60,0,2,2,4,1,1,2,00,00,01,20,$0214,09,1600,2,
FRAME,2209,C74E,D,7A,C6,60,0,2,2,4,1,1,2,00,00,01,,,,,1600,2,
RNG,2210,C535,D,7A,C6,60,0,2,2,4,1,1,2,00,00,01,C535,,,1600,2,
FRAME,2210,C74E,D,81,F2,61,1,1,1,7,1,1,2,00,00,01,,,,,1600,2,
RNG,2211,C535,D,81,F2,61,1,1,1,7,1,1,2,00,00,01,C535,,,1600,2,
FRAME,2211,C74A,D,69,CA,62,1,1,1,4,1,1,2,00,00,01,,,,,1600,2,
RNG,2212,C535,D,69,CA,62,1,1,1,4,1,1,2,00,00,01,C535,,,1600,2,
C726,2212,C726,D,51,C9,63,1,1,1,4,1,1,2,00,00,01,C726,,,1601,2,
OBJECT,2212,E01F,D,51,C9,63,1,1,1,4,1,1,2,00,00,01,21,$0215,26,1601,2,
FRAME,2212,E01F,D,51,C9,63,1,1,1,4,1,1,2,00,00,01,,,,,1601,2,
RNG,2213,C535,D,51,C9,63,1,1,1,4,1,1,2,00,00,01,C535,,,1601,2,
C726,2213,C726,D,39,B9,64,1,1,1,3,1,1,2,00,00,01,C726,,,1602,2,
C726,2213,C726,D,39,B9,64,1,1,1,3,1,1,2,00,00,01,C726,,,1603,2,
C726,2213,C726,D,39,B9,64,1,1,1,3,1,1,2,00,00,01,C726,,,1604,2,
C726,2213,C726,D,39,B9,64,1,1,1,3,1,1,2,00,00,01,C726,,,1605,2,
C726,2213,C726,D,39,B9,64,1,1,1,3,1,1,2,00,00,01,C726,,,1606,2,
C726,2213,C726,D,39,B9,64,1,1,1,3,1,1,2,00,00,01,C726,,,1607,2,
OBJECT,2213,C74A,D,39,B9,64,1,1,1,3,1,1,2,00,00,01,22,$0216,5E,1607,2,
OBJECT,2213,C74A,D,39,B9,64,1,1,1,3,1,1,2,00,00,01,23,$0217,5A,1607,2,
OBJECT,2213,C74A,D,39,B9,64,1,1,1,3,1,1,2,00,00,01,24,$0218,45,1607,2,
OBJECT,2213,C74A,D,39,B9,64,1,1,1,3,1,1,2,00,00,01,25,$0219,01,1607,2,
OBJECT,2213,C74A,D,39,B9,64,1,1,1,3,1,1,2,00,00,01,26,$021A,4B,1607,2,
OBJECT,2213,C74A,D,39,B9,64,1,1,1,3,1,1,2,00,00,01,27,$021B,09,1607,2,
FRAME,2213,C74A,D,39,B9,64,1,1,1,3,1,1,2,00,00,01,,,,,1607,2,
RNG,2214,C535,D,39,B9,64,1,1,1,3,1,1,2,00,00,01,C535,,,1607,2,
FRAME,2214,C74C,D,21,BC,65,1,1,1,3,1,1,2,00,00,01,,,,,1607,2,
RNG,2215,C535,D,21,BC,65,1,1,1,3,1,1,2,00,00,01,C535,,,1607,2,
FRAME,2215,C74C,D,01,DC,66,1,1,1,5,1,1,2,00,00,01,,,,,1607,2,
RNG,2216,C535,D,01,DC,66,1,1,1,5,1,1,2,00,00,01,C535,,,1607,2,
C726,2216,C726,D,19,C3,67,1,1,1,4,1,1,2,00,00,01,C726,,,1608,2,
OBJECT,2216,E061,D,19,C3,67,1,1,1,4,1,1,2,00,00,01,28,$021C,26,1608,2,
FRAME,2216,E061,D,19,C3,67,1,1,1,4,1,1,2,00,00,01,,,,,1608,2,
RNG,2217,C535,D,19,C3,67,1,1,1,4,1,1,2,00,00,01,C535,,,1608,2,
C726,2217,C726,D,E9,A6,68,1,1,1,2,1,1,2,00,00,01,C726,,,1609,2,
C726,2217,C726,D,E9,A6,68,1,1,1,2,1,1,2,00,00,01,C726,,,1610,2,
C726,2217,C726,D,E9,A6,68,1,1,1,2,1,1,2,00,00,01,C726,,,1611,2,
C726,2217,C726,D,E9,A6,68,1,1,1,2,1,1,2,00,00,01,C726,,,1612,2,
C726,2217,C726,D,E9,A6,68,1,1,1,2,1,1,2,00,00,01,C726,,,1613,2,
C726,2217,C726,D,E9,A6,68,1,1,1,2,1,1,2,00,00,01,C726,,,1614,2,
OBJECT,2217,C74C,D,E9,A6,68,1,1,1,2,1,1,2,00,00,01,29,$021D,5E,1614,2,
OBJECT,2217,C74C,D,E9,A6,68,1,1,1,2,1,1,2,00,00,01,30,$021E,5A,1614,2,
OBJECT,2217,C74C,D,E9,A6,68,1,1,1,2,1,1,2,00,00,01,31,$021F,45,1614,2,
OBJECT,2217,C74C,D,E9,A6,68,1,1,1,2,1,1,2,00,00,01,32,$0220,01,1614,2,
OBJECT,2217,C74C,D,E9,A6,68,1,1,1,2,1,1,2,00,00,01,33,$0221,4B,1614,2,
OBJECT,2217,C74C,D,E9,A6,68,1,1,1,2,1,1,2,00,00,01,34,$0222,09,1614,2,
FRAME,2217,C74C,D,E9,A6,68,1,1,1,2,1,1,2,00,00,01,,,,,1614,2,
RNG,2218,C535,D,E9,A6,68,1,1,1,2,1,1,2,00,00,01,C535,,,1614,2,
FRAME,2218,C74C,D,DE,94,69,0,2,6,1,1,1,2,00,00,01,,,,,1614,2,
RNG,2219,C535,D,DE,94,69,0,2,6,1,1,1,2,00,00,01,C535,,,1614,2,
FRAME,2219,C74C,D,3E,88,6A,0,2,6,0,1,1,2,00,00,01,,,,,1614,2,
RNG,2220,C535,D,3E,88,6A,0,2,6,0,1,1,2,00,00,01,C535,,,1614,2,
C726,2220,C726,D,C3,8B,6B,1,3,3,0,1,1,2,00,00,01,C726,,,1615,2,
OBJECT,2220,C6FF,D,C3,8B,6B,1,3,3,0,1,1,2,00,00,01,35,$0223,26,1615,2,
FRAME,2220,C6FF,D,C3,8B,6B,1,3,3,0,1,1,2,00,00,01,,,,,1615,2,
C726,2221,C726,D,C3,8B,6B,1,3,3,0,0,1,2,00,00,01,C726,,,1616,2,
C726,2221,C726,D,C3,8B,6B,1,3,3,0,0,1,2,00,00,01,C726,,,1617,2,
C726,2221,C726,D,C3,8B,6B,1,3,3,0,0,1,2,00,00,01,C726,,,1618,2,
C726,2221,C726,D,C3,8B,6B,1,3,3,0,0,1,2,00,00,01,C726,,,1619,2,
C726,2221,C726,D,C3,8B,6B,1,3,3,0,0,1,2,00,00,01,C726,,,1620,2,
C726,2221,C726,D,C3,8B,6B,1,3,3,0,0,1,2,00,00,01,C726,,,1621,2,
OBJECT,2221,C74E,D,C3,8B,6B,1,3,3,0,0,1,2,00,00,01,36,$0224,5E,1621,2,
OBJECT,2221,C74E,D,C3,8B,6B,1,3,3,0,0,1,2,00,00,01,37,$0225,5A,1621,2,
OBJECT,2221,C74E,D,C3,8B,6B,1,3,3,0,0,1,2,00,00,01,38,$0226,45,1621,2,
OBJECT,2221,C74E,D,C3,8B,6B,1,3,3,0,0,1,2,00,00,01,39,$0227,01,1621,2,
OBJECT,2221,C74E,D,C3,8B,6B,1,3,3,0,0,1,2,00,00,01,40,$0228,4B,1621,2,
OBJECT,2221,C74E,D,C3,8B,6B,1,3,3,0,0,1,2,00,00,01,41,$0229,09,1621,2,
FRAME,2221,C74E,D,C3,8B,6B,1,3,3,0,0,1,2,00,00,01,,,,,1621,2,
RNG,2222,C535,D,C3,8B,6B,1,3,3,0,1,2,2,00,00,01,C535,,,1621,2,
FRAME,2222,C74C,D,49,38,6C,1,1,1,3,1,2,2,00,00,01,,,,,1621,2,
RNG,2223,C535,D,49,38,6C,1,1,1,3,1,1,2,00,00,01,C535,,,1621,2,
FRAME,2223,C74E,D,53,2C,6D,1,3,3,2,1,1,2,00,00,01,,,,,1621,2,
RNG,2224,C535,D,53,2C,6D,1,3,3,2,1,1,2,00,00,01,C535,,,1621,2,
C726,2224,C726,D,5D,2F,6E,1,1,5,2,1,1,2,00,00,01,C726,,,1622,2,
C726,2224,C726,D,5D,2F,6E,1,1,5,2,1,1,2,00,00,01,C726,,,1623,2,
C726,2224,C726,D,5D,2F,6E,1,1,5,2,1,1,2,00,00,01,C726,,,1624,2,
OBJECT,2224,B279,D,5D,2F,6E,1,1,5,2,1,1,2,00,00,01,42,$022A,26,1624,2,
OBJECT,2224,B279,D,5D,2F,6E,1,1,5,2,1,1,2,00,00,01,43,$022B,5E,1624,2,
OBJECT,2224,B279,D,5D,2F,6E,1,1,5,2,1,1,2,00,00,01,44,$022C,5A,1624,2,
FRAME,2224,B279,D,5D,2F,6E,1,1,5,2,1,1,2,00,00,01,,,,,1624,2,
RNG,2225,C535,D,5D,2F,6E,1,1,5,2,1,1,2,00,00,01,C535,,,1624,2,
C726,2225,C726,D,75,F8,6F,1,1,5,7,1,1,2,00,00,01,C726,,,1625,2,
C726,2225,C726,D,75,F8,6F,1,1,5,7,1,1,2,00,00,01,C726,,,1626,2,
C726,2225,C726,D,75,F8,6F,1,1,5,7,1,1,2,00,00,01,C726,,,1627,2,
C726,2225,C726,D,75,F8,6F,1,1,5,7,1,1,2,00,00,01,C726,,,1628,2,
OBJECT,2225,C74A,D,75,F8,6F,1,1,5,7,1,1,2,00,00,01,45,$022D,45,1628,2,
OBJECT,2225,C74A,D,75,F8,6F,1,1,5,7,1,1,2,00,00,01,46,$022E,01,1628,2,
OBJECT,2225,C74A,D,75,F8,6F,1,1,5,7,1,1,2,00,00,01,47,$022F,4B,1628,2,
OBJECT,2225,C74A,D,75,F8,6F,1,1,5,7,1,1,2,00,00,01,48,$0230,09,1628,2,
FRAME,2225,C74A,D,75,F8,6F,1,1,5,7,1,1,2,00,00,01,,,,,1628,2,
RNG,2226,C535,D,75,F8,6F,1,1,5,7,1,1,2,00,00,01,C535,,,1628,2,
FRAME,2226,C74C,D,DA,FF,70,0,2,2,7,1,1,2,00,00,01,,,,,1628,2,
RNG,2227,C535,D,DA,FF,70,0,2,2,7,1,1,2,00,00,01,C535,,,1628,2,
FRAME,2227,C74C,D,60,CF,71,0,0,0,4,1,1,2,00,00,01,,,,,1628,2,
RNG,2228,C535,D,60,CF,71,0,0,0,4,1,1,2,00,00,01,C535,,,1628,2,
C726,2228,C726,D,C5,DB,72,1,1,5,5,1,1,2,00,00,01,C726,,,1629,2,
C726,2228,C726,D,C5,DB,72,1,1,5,5,1,1,2,00,00,01,C726,,,1630,2,
C726,2228,C726,D,C5,DB,72,1,1,5,5,1,1,2,00,00,01,C726,,,1631,2,
C726,2228,C726,D,C5,DB,72,1,1,5,5,1,1,2,00,00,01,C726,,,1632,2,
OBJECT,2228,D0D9,D,C5,DB,72,1,1,5,5,1,1,2,00,00,01,49,$0231,26,1632,2,
OBJECT,2228,D0D9,D,C5,DB,72,1,1,5,5,1,1,2,00,00,01,50,$0232,5E,1632,2,
OBJECT,2228,D0D9,D,C5,DB,72,1,1,5,5,1,1,2,00,00,01,51,$0233,5A,1632,2,
OBJECT,2228,D0D9,D,C5,DB,72,1,1,5,5,1,1,2,00,00,01,52,$0234,45,1632,2,
FRAME,2228,D0D9,D,C5,DB,72,1,1,5,5,1,1,2,00,00,01,,,,,1632,2,
RNG,2229,C535,D,C5,DB,72,1,1,5,5,1,1,2,00,00,01,C535,,,1632,2,
C726,2229,C726,D,4B,84,73,1,3,3,0,1,1,2,00,00,01,C726,,,1633,2,
C726,2229,C726,D,4B,84,73,1,3,3,0,1,1,2,00,00,01,C726,,,1634,2,
C726,2229,C726,D,4B,84,73,1,3,3,0,1,1,2,00,00,01,C726,,,1635,2,
OBJECT,2229,C74A,D,4B,84,73,1,3,3,0,1,1,2,00,00,01,53,$0235,01,1635,2,
OBJECT,2229,C74A,D,4B,84,73,1,3,3,0,1,1,2,00,00,01,54,$0236,4B,1635,2,
OBJECT,2229,C74A,D,4B,84,73,1,3,3,0,1,1,2,00,00,01,55,$0237,09,1635,2,
FRAME,2229,C74A,D,4B,84,73,1,3,3,0,1,1,2,00,00,01,,,,,1635,2,
RNG,2230,C535,D,4B,84,73,1,3,3,0,1,1,2,00,00,01,C535,,,1635,2,
FRAME,2230,C74A,D,F5,84,74,1,1,5,0,1,1,2,00,00,01,,,,,1635,2,
RNG,2231,C535,D,F5,84,74,1,1,5,0,1,1,2,00,00,01,C535,,,1635,2,
FRAME,2231,C74A,D,A2,11,75,0,2,2,1,1,1,2,00,00,01,,,,,1635,2,
RNG,2232,C535,D,A2,11,75,0,2,2,1,1,1,2,00,00,01,C535,,,1635,2,
C726,2232,C726,D,AD,05,76,1,1,5,0,1,1,2,00,00,01,C726,,,1636,2,
C726,2232,C726,D,AD,05,76,1,1,5,0,1,1,2,00,00,01,C726,,,1637,2,
C726,2232,C726,D,AD,05,76,1,1,5,0,1,1,2,00,00,01,C726,,,1638,2,
C726,2232,C726,D,AD,05,76,1,1,5,0,1,1,2,00,00,01,C726,,,1639,2,
C726,2232,C726,D,AD,05,76,1,1,5,0,1,1,2,00,00,01,C726,,,1640,2,
OBJECT,2232,C710,D,AD,05,76,1,1,5,0,1,1,2,00,00,01,56,$0238,26,1640,2,
OBJECT,2232,C710,D,AD,05,76,1,1,5,0,1,1,2,00,00,01,57,$0239,5E,1640,2,
OBJECT,2232,C710,D,AD,05,76,1,1,5,0,1,1,2,00,00,01,58,$023A,5A,1640,2,
OBJECT,2232,C710,D,AD,05,76,1,1,5,0,1,1,2,00,00,01,59,$023B,45,1640,2,
OBJECT,2232,C710,D,AD,05,76,1,1,5,0,1,1,2,00,00,01,60,$023C,01,1640,2,
FRAME,2232,C710,D,AD,05,76,1,1,5,0,1,1,2,00,00,01,,,,,1640,2,
C726,2233,C726,D,AD,05,76,1,1,5,0,0,1,2,00,00,01,C726,,,1641,2,
C726,2233,C726,D,AD,05,76,1,1,5,0,0,1,2,00,00,01,C726,,,1642,2,
OBJECT,2233,C74C,D,AD,05,76,1,1,5,0,0,1,2,00,00,01,61,$023D,4B,1642,2,
OBJECT,2233,C74C,D,AD,05,76,1,1,5,0,0,1,2,00,00,01,62,$023E,09,1642,2,
FRAME,2233,C74C,D,AD,05,76,1,1,5,0,0,1,2,00,00,01,,,,,1642,2,
RNG,2234,C535,D,AD,05,76,1,1,5,0,1,2,2,00,00,01,C535,,,1642,2,
FRAME,2234,C74A,D,B0,08,77,0,0,0,0,1,2,2,00,00,01,,,,,1642,2,
RNG,2235,C535,D,B0,08,77,0,0,0,0,1,1,2,00,00,01,C535,,,1642,2,
FRAME,2235,C74C,D,3D,AD,78,1,1,5,2,1,1,2,00,00,01,,,,,1642,2,
RNG,2236,C535,D,3D,AD,78,1,1,5,2,1,1,2,00,00,01,C535,,,1642,2,
C726,2236,C726,D,ED,8C,79,1,1,5,0,1,1,2,00,00,01,C726,,,1643,2,
C726,2236,C726,D,ED,8C,79,1,1,5,0,1,1,2,00,00,01,C726,,,1644,2,
C726,2236,C726,D,ED,8C,79,1,1,5,0,1,1,2,00,00,01,C726,,,1645,2,
C726,2236,C726,D,ED,8C,79,1,1,5,0,1,1,2,00,00,01,C726,,,1646,2,
C726,2236,C726,D,ED,8C,79,1,1,5,0,1,1,2,00,00,01,C726,,,1647,2,
C726,2236,C726,D,ED,8C,79,1,1,5,0,1,1,2,00,00,01,C726,,,1648,2,
C726,2236,C726,D,ED,8C,79,1,1,5,0,1,1,2,00,00,01,C726,,,1649,2,
OBJECT,2236,C74A,D,ED,8C,79,1,1,5,0,1,1,2,00,00,01,0,$0200,5E,1649,2,
OBJECT,2236,C74A,D,ED,8C,79,1,1,5,0,1,1,2,00,00,01,1,$0201,5A,1649,2,
OBJECT,2236,C74A,D,ED,8C,79,1,1,5,0,1,1,2,00,00,01,2,$0202,45,1649,2,
OBJECT,2236,C74A,D,ED,8C,79,1,1,5,0,1,1,2,00,00,01,3,$0203,01,1649,2,
OBJECT,2236,C74A,D,ED,8C,79,1,1,5,0,1,1,2,00,00,01,4,$0204,4B,1649,2,
OBJECT,2236,C74A,D,ED,8C,79,1,1,5,0,1,1,2,00,00,01,5,$0205,09,1649,2,
OBJECT,2236,C74A,D,ED,8C,79,1,1,5,0,1,1,2,00,00,01,63,$023F,26,1649,2,
FRAME,2236,C74A,D,ED,8C,79,1,1,5,0,1,1,2,00,00,01,,,,,1649,2,
RNG,2237,C535,D,ED,8C,79,1,1,5,0,1,1,2,00,00,01,C535,,,1649,2,
FRAME,2237,C74C,D,F4,B5,7A,0,0,4,3,1,1,2,00,00,01,,,,,1649,2,
RNG,2238,C535,D,F4,B5,7A,0,0,4,3,1,1,2,00,00,01,C535,,,1649,2,
FRAME,2238,C74C,D,81,B6,7B,1,1,1,3,1,1,2,00,00,01,,,,,1649,2,
RNG,2239,C535,D,81,B6,7B,1,1,1,3,1,1,2,00,00,01,C535,,,1649,2,
FRAME,2239,C74C,D,35,43,7C,1,1,5,4,1,1,2,00,00,01,,,,,1649,2,
RNG,2240,C535,D,35,43,7C,1,1,5,4,1,1,2,00,00,01,C535,,,1649,2,
C726,2240,C726,D,3C,38,7D,0,0,4,3,1,1,2,00,00,01,C726,,,1650,2,
C726,2240,C726,D,3C,38,7D,0,0,4,3,1,1,2,00,00,01,C726,,,1651,2,
C726,2240,C726,D,3C,38,7D,0,0,4,3,1,1,2,00,00,01,C726,,,1652,2,
C726,2240,C726,D,3C,38,7D,0,0,4,3,1,1,2,00,00,01,C726,,,1653,2,
C726,2240,C726,D,3C,38,7D,0,0,4,3,1,1,2,00,00,01,C726,,,1654,2,
C726,2240,C726,D,3C,38,7D,0,0,4,3,1,1,2,00,00,01,C726,,,1655,2,
C726,2240,C726,D,3C,38,7D,0,0,4,3,1,1,2,00,00,01,C726,,,1656,2,
OBJECT,2240,C74C,D,3C,38,7D,0,0,4,3,1,1,2,00,00,01,6,$0206,26,1656,2,
OBJECT,2240,C74C,D,3C,38,7D,0,0,4,3,1,1,2,00,00,01,7,$0207,5E,1656,2,
OBJECT,2240,C74C,D,3C,38,7D,0,0,4,3,1,1,2,00,00,01,8,$0208,5A,1656,2,
OBJECT,2240,C74C,D,3C,38,7D,0,0,4,3,1,1,2,00,00,01,9,$0209,45,1656,2,
OBJECT,2240,C74C,D,3C,38,7D,0,0,4,3,1,1,2,00,00,01,10,$020A,01,1656,2,
OBJECT,2240,C74C,D,3C,38,7D,0,0,4,3,1,1,2,00,00,01,11,$020B,4B,1656,2,
OBJECT,2240,C74C,D,3C,38,7D,0,0,4,3,1,1,2,00,00,01,12,$020C,09,1656,2,
FRAME,2240,C74C,D,3C,38,7D,0,0,4,3,1,1,2,00,00,01,,,,,1656,2,
RNG,2241,C535,D,3C,38,7D,0,0,4,3,1,1,2,00,00,01,C535,,,1656,2,
FRAME,2241,C74C,D,54,3B,7E,0,0,4,3,1,1,2,00,00,01,,,,,1656,2,
RNG,2242,C535,D,54,3B,7E,0,0,4,3,1,1,2,00,00,01,C535,,,1656,2,
FRAME,2242,C74C,D,BD,E8,7F,1,1,5,6,1,1,2,00,00,01,,,,,1656,2,
RNG,2243,C535,D,BD,E8,7F,1,1,5,6,1,1,2,00,00,01,C535,,,1656,2,
FRAME,2243,C74C,D,C5,DD,80,1,1,5,5,1,1,2,00,00,01,,,,,1656,2,
RNG,2244,C535,D,C5,DD,80,1,1,5,5,1,1,2,00,00,01,C535,,,1656,2,
C726,2244,C726,D,52,E0,81,0,2,2,6,1,1,2,00,00,01,C726,,,1657,2,
C726,2244,C726,D,52,E0,81,0,2,2,6,1,1,2,00,00,01,C726,,,1658,2,
C726,2244,C726,D,52,E0,81,0,2,2,6,1,1,2,00,00,01,C726,,,1659,2,
C726,2244,C726,D,52,E0,81,0,2,2,6,1,1,2,00,00,01,C726,,,1660,2,
C726,2244,C726,D,52,E0,81,0,2,2,6,1,1,2,00,00,01,C726,,,1661,2,
C726,2244,C726,D,52,E0,81,0,2,2,6,1,1,2,00,00,01,C726,,,1662,2,
C726,2244,C726,D,52,E0,81,0,2,2,6,1,1,2,00,00,01,C726,,,1663,2,
OBJECT,2244,C74A,D,52,E0,81,0,2,2,6,1,1,2,00,00,01,13,$020D,26,1663,2,
OBJECT,2244,C74A,D,52,E0,81,0,2,2,6,1,1,2,00,00,01,14,$020E,5E,1663,2,
OBJECT,2244,C74A,D,52,E0,81,0,2,2,6,1,1,2,00,00,01,15,$020F,5A,1663,2,
OBJECT,2244,C74A,D,52,E0,81,0,2,2,6,1,1,2,00,00,01,16,$0210,45,1663,2,
OBJECT,2244,C74A,D,52,E0,81,0,2,2,6,1,1,2,00,00,01,17,$0211,01,1663,2,
OBJECT,2244,C74A,D,52,E0,81,0,2,2,6,1,1,2,00,00,01,18,$0212,4B,1663,2,
OBJECT,2244,C74A,D,52,E0,81,0,2,2,6,1,1,2,00,00,01,19,$0213,09,1663,2,
FRAME,2244,C74A,D,52,E0,81,0,2,2,6,1,1,2,00,00,01,,,,,1663,2,
RNG,2245,C535,D,52,E0,81,0,2,2,6,1,1,2,00,00,01,C535,,,1663,2,
FRAME,2245,C74C,D,0A,D0,82,0,2,2,5,1,1,2,00,00,01,,,,,1663,2,
RNG,2246,C535,D,0A,D0,82,0,2,2,5,1,1,2,00,00,01,C535,,,1663,2,
FRAME,2246,C74C,D,11,D3,83,1,1,1,5,1,1,2,00,00,01,,,,,1663,2,
RNG,2247,C535,D,11,D3,83,1,1,1,5,1,1,2,00,00,01,C535,,,1663,2,
FRAME,2247,C74C,D,9E,1F,84,0,2,6,1,1,1,2,00,00,01,,,,,1663,2,
RNG,2248,C535,D,9E,1F,84,0,2,6,1,1,1,2,00,00,01,C535,,,1663,2,
C726,2248,C726,D,5A,CD,85,0,2,2,4,1,1,2,00,00,01,C726,,,1664,2,
C726,2248,C726,D,5A,CD,85,0,2,2,4,1,1,2,00,00,01,C726,,,1665,2,
C726,2248,C726,D,5A,CD,85,0,2,2,4,1,1,2,00,00,01,C726,,,1666,2,
C726,2248,C726,D,5A,CD,85,0,2,2,4,1,1,2,00,00,01,C726,,,1667,2,
C726,2248,C726,D,5A,CD,85,0,2,2,4,1,1,2,00,00,01,C726,,,1668,2,
C726,2248,C726,D,5A,CD,85,0,2,2,4,1,1,2,00,00,01,C726,,,1669,2,
C726,2248,C726,D,5A,CD,85,0,2,2,4,1,1,2,00,00,01,C726,,,1670,2,
OBJECT,2248,C74C,D,5A,CD,85,0,2,2,4,1,1,2,00,00,01,20,$0214,26,1670,2,
OBJECT,2248,C74C,D,5A,CD,85,0,2,2,4,1,1,2,00,00,01,21,$0215,5E,1670,2,
OBJECT,2248,C74C,D,5A,CD,85,0,2,2,4,1,1,2,00,00,01,22,$0216,5A,1670,2,
OBJECT,2248,C74C,D,5A,CD,85,0,2,2,4,1,1,2,00,00,01,23,$0217,45,1670,2,
OBJECT,2248,C74C,D,5A,CD,85,0,2,2,4,1,1,2,00,00,01,24,$0218,01,1670,2,
OBJECT,2248,C74C,D,5A,CD,85,0,2,2,4,1,1,2,00,00,01,25,$0219,4B,1670,2,
OBJECT,2248,C74C,D,5A,CD,85,0,2,2,4,1,1,2,00,00,01,26,$021A,09,1670,2,
FRAME,2248,C74C,D,5A,CD,85,0,2,2,4,1,1,2,00,00,01,,,,,1670,2,
RNG,2249,C535,D,5A,CD,85,0,2,2,4,1,1,2,00,00,01,C535,,,1670,2,
FRAME,2249,C74C,D,61,62,86,1,1,1,6,1,1,2,00,00,01,,,,,1670,2,
RNG,2250,C535,D,61,62,86,1,1,1,6,1,1,2,00,00,01,C535,,,1670,2,
FRAME,2250,C74C,D,79,04,87,1,1,1,0,1,1,2,00,00,01,,,,,1670,2,
RNG,2251,C535,D,79,04,87,1,1,1,0,1,1,2,00,00,01,C535,,,1670,2,
FRAME,2251,C74C,D,E2,04,88,0,2,2,0,1,1,2,00,00,01,,,,,1670,2,
RNG,2252,C535,D,E2,04,88,0,2,2,0,1,1,2,00,00,01,C535,,,1670,2,
C726,2252,C726,D,EA,C1,89,0,2,2,4,1,1,2,00,00,01,C726,,,1671,2,
C726,2252,C726,D,EA,C1,89,0,2,2,4,1,1,2,00,00,01,C726,,,1672,2,
C726,2252,C726,D,EA,C1,89,0,2,2,4,1,1,2,00,00,01,C726,,,1673,2,
C726,2252,C726,D,EA,C1,89,0,2,2,4,1,1,2,00,00,01,C726,,,1674,2,
C726,2252,C726,D,EA,C1,89,0,2,2,4,1,1,2,00,00,01,C726,,,1675,2,
C726,2252,C726,D,EA,C1,89,0,2,2,4,1,1,2,00,00,01,C726,,,1676,2,
C726,2252,C726,D,EA,C1,89,0,2,2,4,1,1,2,00,00,01,C726,,,1677,2,
OBJECT,2252,C74E,D,EA,C1,89,0,2,2,4,1,1,2,00,00,01,27,$021B,26,1677,2,
OBJECT,2252,C74E,D,EA,C1,89,0,2,2,4,1,1,2,00,00,01,28,$021C,5E,1677,2,
OBJECT,2252,C74E,D,EA,C1,89,0,2,2,4,1,1,2,00,00,01,29,$021D,5A,1677,2,
OBJECT,2252,C74E,D,EA,C1,89,0,2,2,4,1,1,2,00,00,01,30,$021E,45,1677,2,
OBJECT,2252,C74E,D,EA,C1,89,0,2,2,4,1,1,2,00,00,01,31,$021F,01,1677,2,
OBJECT,2252,C74E,D,EA,C1,89,0,2,2,4,1,1,2,00,00,01,32,$0220,4B,1677,2,
OBJECT,2252,C74E,D,EA,C1,89,0,2,2,4,1,1,2,00,00,01,33,$0221,09,1677,2,
FRAME,2252,C74E,D,EA,C1,89,0,2,2,4,1,1,2,00,00,01,,,,,1677,2,
RNG,2253,C535,D,EA,C1,89,0,2,2,4,1,1,2,00,00,01,C535,,,1677,2,
FRAME,2253,C74E,D,77,8C,8A,1,3,7,0,1,1,2,00,00,01,,,,,1677,2,
RNG,2254,C535,D,77,8C,8A,1,3,7,0,1,1,2,00,00,01,C535,,,1677,2,
FRAME,2254,C74E,D,37,93,8B,1,3,7,1,1,1,2,00,00,01,,,,,1677,2,
RNG,2255,C535,D,37,93,8B,1,3,7,1,1,1,2,00,00,01,C535,,,1677,2,
FRAME,2255,C74E,D,3E,AB,8C,0,2,6,2,1,1,2,00,00,01,,,,,1677,2,
RNG,2256,C535,D,3E,AB,8C,0,2,6,2,1,1,2,00,00,01,C535,,,1677,2,
C726,2256,C726,D,CB,14,8D,1,3,3,1,1,1,2,00,00,01,C726,,,1678,2,
C726,2256,C726,D,CB,14,8D,1,3,3,1,1,1,2,00,00,01,C726,,,1679,2,
C726,2256,C726,D,CB,14,8D,1,3,3,1,1,1,2,00,00,01,C726,,,1680,2,
C726,2256,C726,D,CB,14,8D,1,3,3,1,1,1,2,00,00,01,C726,,,1681,2,
C726,2256,C726,D,CB,14,8D,1,3,3,1,1,1,2,00,00,01,C726,,,1682,2,
C726,2256,C726,D,CB,14,8D,1,3,3,1,1,1,2,00,00,01,C726,,,1683,2,
C726,2256,C726,D,CB,14,8D,1,3,3,1,1,1,2,00,00,01,C726,,,1684,2,
OBJECT,2256,C74A,D,CB,14,8D,1,3,3,1,1,1,2,00,00,01,34,$0222,26,1684,2,
OBJECT,2256,C74A,D,CB,14,8D,1,3,3,1,1,1,2,00,00,01,35,$0223,5E,1684,2,
OBJECT,2256,C74A,D,CB,14,8D,1,3,3,1,1,1,2,00,00,01,36,$0224,5A,1684,2,
OBJECT,2256,C74A,D,CB,14,8D,1,3,3,1,1,1,2,00,00,01,37,$0225,45,1684,2,
OBJECT,2256,C74A,D,CB,14,8D,1,3,3,1,1,1,2,00,00,01,38,$0226,01,1684,2,
OBJECT,2256,C74A,D,CB,14,8D,1,3,3,1,1,1,2,00,00,01,39,$0227,4B,1684,2,
OBJECT,2256,C74A,D,CB,14,8D,1,3,3,1,1,1,2,00,00,01,40,$0228,09,1684,2,
FRAME,2256,C74A,D,CB,14,8D,1,3,3,1,1,1,2,00,00,01,,,,,1684,2,
RNG,2257,C535,D,CB,14,8D,1,3,3,1,1,1,2,00,00,01,C535,,,1684,2,
FRAME,2257,C74C,D,8F,18,8E,1,3,7,1,1,1,2,00,00,01,,,,,1684,2,
RNG,2258,C535,D,8F,18,8E,1,3,7,1,1,1,2,00,00,01,C535,,,1684,2,
FRAME,2258,C74C,D,96,B5,8F,0,2,6,3,1,1,2,00,00,01,,,,,1684,2,
RNG,2259,C535,D,96,B5,8F,0,2,6,3,1,1,2,00,00,01,C535,,,1684,2,
FRAME,2259,C74E,D,36,80,90,0,2,6,0,1,1,2,00,00,01,,,,,1684,2,
RNG,2260,C535,D,36,80,90,0,2,6,0,1,1,2,00,00,01,C535,,,1684,2,
C726,2260,C726,D,36,87,91,0,2,6,0,1,1,2,00,00,01,C726,,,1685,2,
C726,2260,C726,D,36,87,91,0,2,6,0,1,1,2,00,00,01,C726,,,1686,2,
C726,2260,C726,D,36,87,91,0,2,6,0,1,1,2,00,00,01,C726,,,1687,2,
C726,2260,C726,D,36,87,91,0,2,6,0,1,1,2,00,00,01,C726,,,1688,2,
C726,2260,C726,D,36,87,91,0,2,6,0,1,1,2,00,00,01,C726,,,1689,2,
C726,2260,C726,D,36,87,91,0,2,6,0,1,1,2,00,00,01,C726,,,1690,2,
C726,2260,C726,D,36,87,91,0,2,6,0,1,1,2,00,00,01,C726,,,1691,2,
OBJECT,2260,C74A,D,36,87,91,0,2,6,0,1,1,2,00,00,01,41,$0229,26,1691,2,
OBJECT,2260,C74A,D,36,87,91,0,2,6,0,1,1,2,00,00,01,42,$022A,5E,1691,2,
OBJECT,2260,C74A,D,36,87,91,0,2,6,0,1,1,2,00,00,01,43,$022B,5A,1691,2,
OBJECT,2260,C74A,D,36,87,91,0,2,6,0,1,1,2,00,00,01,44,$022C,45,1691,2,
OBJECT,2260,C74A,D,36,87,91,0,2,6,0,1,1,2,00,00,01,45,$022D,01,1691,2,
OBJECT,2260,C74A,D,36,87,91,0,2,6,0,1,1,2,00,00,01,46,$022E,4B,1691,2,
OBJECT,2260,C74A,D,36,87,91,0,2,6,0,1,1,2,00,00,01,47,$022F,09,1691,2,
FRAME,2260,C74A,D,36,87,91,0,2,6,0,1,1,2,00,00,01,,,,,1691,2,
RNG,2261,C535,D,36,87,91,0,2,6,0,1,1,2,00,00,01,C535,,,1691,2,
FRAME,2261,C74C,D,F3,6F,92,1,3,3,6,1,1,2,00,00,01,,,,,1691,2,
RNG,2262,C535,D,F3,6F,92,1,3,3,6,1,1,2,00,00,01,C535,,,1691,2,
FRAME,2262,C74C,D,EF,57,93,1,3,7,5,1,1,2,00,00,01,,,,,1691,2,
RNG,2263,C535,D,EF,57,93,1,3,7,5,1,1,2,00,00,01,C535,,,1691,2,
FRAME,2263,C74C,D,70,3F,94,0,0,0,3,1,1,2,00,00,01,,,,,1691,2,
RNG,2264,C535,D,70,3F,94,0,0,0,3,1,1,2,00,00,01,C535,,,1691,2,
C726,2264,C726,D,40,27,95,0,0,0,2,1,1,2,00,00,01,C726,,,1692,2,
C726,2264,C726,D,40,27,95,0,0,0,2,1,1,2,00,00,01,C726,,,1693,2,
C726,2264,C726,D,40,27,95,0,0,0,2,1,1,2,00,00,01,C726,,,1694,2,
C726,2264,C726,D,40,27,95,0,0,0,2,1,1,2,00,00,01,C726,,,1695,2,
C726,2264,C726,D,40,27,95,0,0,0,2,1,1,2,00,00,01,C726,,,1696,2,
C726,2264,C726,D,40,27,95,0,0,0,2,1,1,2,00,00,01,C726,,,1697,2,
C726,2264,C726,D,40,27,95,0,0,0,2,1,1,2,00,00,01,C726,,,1698,2,
OBJECT,2264,C74C,D,40,27,95,0,0,0,2,1,1,2,00,00,01,48,$0230,26,1698,2,
OBJECT,2264,C74C,D,40,27,95,0,0,0,2,1,1,2,00,00,01,49,$0231,5E,1698,2,
OBJECT,2264,C74C,D,40,27,95,0,0,0,2,1,1,2,00,00,01,50,$0232,5A,1698,2,
OBJECT,2264,C74C,D,40,27,95,0,0,0,2,1,1,2,00,00,01,51,$0233,45,1698,2,
OBJECT,2264,C74C,D,40,27,95,0,0,0,2,1,1,2,00,00,01,52,$0234,01,1698,2,
OBJECT,2264,C74C,D,40,27,95,0,0,0,2,1,1,2,00,00,01,53,$0235,4B,1698,2,
OBJECT,2264,C74C,D,40,27,95,0,0,0,2,1,1,2,00,00,01,54,$0236,09,1698,2,
FRAME,2264,C74C,D,40,27,95,0,0,0,2,1,1,2,00,00,01,,,,,1698,2,
RNG,2265,C535,D,40,27,95,0,0,0,2,1,1,2,00,00,01,C535,,,1698,2,
FRAME,2265,C74C,D,45,07,96,1,1,5,0,1,1,2,00,00,01,,,,,1698,2,
RNG,2266,C535,D,45,07,96,1,1,5,0,1,1,2,00,00,01,C535,,,1698,2,
FRAME,2266,C74C,D,EE,1F,97,0,2,6,1,1,1,2,00,00,01,,,,,1698,2,
RNG,2267,C535,D,EE,1F,97,0,2,6,1,1,1,2,00,00,01,C535,,,1698,2,
FRAME,2267,C74C,D,DE,EF,98,0,2,6,6,1,1,2,00,00,01,,,,,1698,2,
RNG,2268,C535,D,DE,EF,98,0,2,6,6,1,1,2,00,00,01,C535,,,1698,2,
C726,2268,C726,D,77,DE,99,1,3,7,5,1,1,2,00,00,01,C726,,,1699,2,
C726,2268,C726,D,77,DE,99,1,3,7,5,1,1,2,00,00,01,C726,,,1700,2,
C726,2268,C726,D,77,DE,99,1,3,7,5,1,1,2,00,00,01,C726,,,1701,2,
C726,2268,C726,D,77,DE,99,1,3,7,5,1,1,2,00,00,01,C726,,,1702,2,
C726,2268,C726,D,77,DE,99,1,3,7,5,1,1,2,00,00,01,C726,,,1703,2,
C726,2268,C726,D,77,DE,99,1,3,7,5,1,1,2,00,00,01,C726,,,1704,2,
C726,2268,C726,D,77,DE,99,1,3,7,5,1,1,2,00,00,01,C726,,,1705,2,
OBJECT,2268,C74A,D,77,DE,99,1,3,7,5,1,1,2,00,00,01,55,$0237,26,1705,2,
OBJECT,2268,C74A,D,77,DE,99,1,3,7,5,1,1,2,00,00,01,56,$0238,5E,1705,2,
OBJECT,2268,C74A,D,77,DE,99,1,3,7,5,1,1,2,00,00,01,57,$0239,5A,1705,2,
OBJECT,2268,C74A,D,77,DE,99,1,3,7,5,1,1,2,00,00,01,58,$023A,45,1705,2,
OBJECT,2268,C74A,D,77,DE,99,1,3,7,5,1,1,2,00,00,01,59,$023B,01,1705,2,
OBJECT,2268,C74A,D,77,DE,99,1,3,7,5,1,1,2,00,00,01,60,$023C,4B,1705,2,
OBJECT,2268,C74A,D,77,DE,99,1,3,7,5,1,1,2,00,00,01,61,$023D,09,1705,2,
FRAME,2268,C74A,D,77,DE,99,1,3,7,5,1,1,2,00,00,01,,,,,1705,2,
RNG,2269,C535,D,77,DE,99,1,3,7,5,1,1,2,00,00,01,C535,,,1705,2,
FRAME,2269,C74C,D,27,CC,9A,1,3,7,4,1,1,2,00,00,01,,,,,1705,2,
RNG,2270,C535,D,27,CC,9A,1,3,7,4,1,1,2,00,00,01,C535,,,1705,2,
FRAME,2270,C74A,D,2E,C2,9B,0,2,6,4,1,1,2,00,00,01,,,,,1705,2,
RNG,2271,C535,D,2E,C2,9B,0,2,6,4,1,1,2,00,00,01,C535,,,1705,2,
C726,2271,C726,D,C7,C5,9C,1,3,7,4,1,1,2,00,00,01,C726,,,1706,2,
OBJECT,2271,E05F,D,C7,C5,9C,1,3,7,4,1,1,2,00,00,01,62,$023E,26,1706,2,
FRAME,2271,E05F,D,C7,C5,9C,1,3,7,4,1,1,2,00,00,01,,,,,1706,2,
RNG,2272,C535,D,C7,C5,9C,1,3,7,4,1,1,2,00,00,01,C535,,,1706,2,
C726,2272,C726,D,78,72,9D,0,0,0,7,1,1,2,00,00,01,C726,,,1707,2,
C726,2272,C726,D,78,72,9D,0,0,0,7,1,1,2,00,00,01,C726,,,1708,2,
C726,2272,C726,D,78,72,9D,0,0,0,7,1,1,2,00,00,01,C726,,,1709,2,
C726,2272,C726,D,78,72,9D,0,0,0,7,1,1,2,00,00,01,C726,,,1710,2,
C726,2272,C726,D,78,72,9D,0,0,0,7,1,1,2,00,00,01,C726,,,1711,2,
C726,2272,C726,D,78,72,9D,0,0,0,7,1,1,2,00,00,01,C726,,,1712,2,
OBJECT,2272,C74C,D,78,72,9D,0,0,0,7,1,1,2,00,00,01,0,$0200,5A,1712,2,
OBJECT,2272,C74C,D,78,72,9D,0,0,0,7,1,1,2,00,00,01,1,$0201,45,1712,2,
OBJECT,2272,C74C,D,78,72,9D,0,0,0,7,1,1,2,00,00,01,2,$0202,01,1712,2,
OBJECT,2272,C74C,D,78,72,9D,0,0,0,7,1,1,2,00,00,01,3,$0203,4B,1712,2,
OBJECT,2272,C74C,D,78,72,9D,0,0,0,7,1,1,2,00,00,01,4,$0204,09,1712,2,
OBJECT,2272,C74C,D,78,72,9D,0,0,0,7,1,1,2,00,00,01,63,$023F,5E,1712,2,
FRAME,2272,C74C,D,78,72,9D,0,0,0,7,1,1,2,00,00,01,,,,,1712,2,
RNG,2273,C535,D,78,72,9D,0,0,0,7,1,1,2,00,00,01,C535,,,1712,2,
FRAME,2273,C74C,D,7F,68,9E,1,3,7,6,1,1,2,00,00,01,,,,,1712,2,
RNG,2274,C535,D,7F,68,9E,1,3,7,6,1,1,2,00,00,01,C535,,,1712,2,
FRAME,2274,C74C,D,67,6B,9F,1,3,7,6,1,1,2,00,00,01,,,,,1712,2,
RNG,2275,C535,D,67,6B,9F,1,3,7,6,1,1,2,00,00,01,C535,,,1712,2,
C726,2275,C726,D,2F,94,A0,1,3,7,1,1,1,2,00,00,01,C726,,,1713,2,
OBJECT,2275,E024,D,2F,94,A0,1,3,7,1,1,1,2,00,00,01,5,$0205,26,1713,2,
FRAME,2275,E024,D,2F,94,A0,1,3,7,1,1,1,2,00,00,01,,,,,1713,2,
RNG,2276,C535,D,2F,94,A0,1,3,7,1,1,1,2,00,00,01,C535,,,1713,2,
C726,2276,C726,D,F7,95,A1,1,3,7,1,1,1,2,00,00,01,C726,,,1714,2,
C726,2276,C726,D,F7,95,A1,1,3,7,1,1,1,2,00,00,01,C726,,,1715,2,
C726,2276,C726,D,F7,95,A1,1,3,7,1,1,1,2,00,00,01,C726,,,1716,2,
C726,2276,C726,D,F7,95,A1,1,3,7,1,1,1,2,00,00,01,C726,,,1717,2,
C726,2276,C726,D,F7,95,A1,1,3,7,1,1,1,2,00,00,01,C726,,,1718,2,
C726,2276,C726,D,F7,95,A1,1,3,7,1,1,1,2,00,00,01,C726,,,1719,2,
OBJECT,2276,C74A,D,F7,95,A1,1,3,7,1,1,1,2,00,00,01,6,$0206,5E,1719,2,
OBJECT,2276,C74A,D,F7,95,A1,1,3,7,1,1,1,2,00,00,01,7,$0207,5A,1719,2,
OBJECT,2276,C74A,D,F7,95,A1,1,3,7,1,1,1,2,00,00,01,8,$0208,45,1719,2,
OBJECT,2276,C74A,D,F7,95,A1,1,3,7,1,1,1,2,00,00,01,9,$0209,01,1719,2,
OBJECT,2276,C74A,D,F7,95,A1,1,3,7,1,1,1,2,00,00,01,10,$020A,4B,1719,2,
OBJECT,2276,C74A,D,F7,95,A1,1,3,7,1,1,1,2,00,00,01,11,$020B,09,1719,2,
FRAME,2276,C74A,D,F7,95,A1,1,3,7,1,1,1,2,00,00,01,,,,,1719,2,
RNG,2277,C535,D,F7,95,A1,1,3,7,1,1,1,2,00,00,01,C535,,,1719,2,
FRAME,2277,C74C,D,BF,22,A2,1,3,7,2,1,1,2,00,00,01,,,,,1719,2,
RNG,2278,C535,D,BF,22,A2,1,3,7,2,1,1,2,00,00,01,C535,,,1719,2,
FRAME,2278,C74A,D,87,18,A3,1,3,7,1,1,1,2,00,00,01,,,,,1719,2,
RNG,2279,C535,D,87,18,A3,1,3,7,1,1,1,2,00,00,01,C535,,,1719,2,
C726,2279,C726,D,47,1B,A4,1,3,7,1,1,1,2,00,00,01,C726,,,1720,2,
OBJECT,2279,E063,D,47,1B,A4,1,3,7,1,1,1,2,00,00,01,12,$020C,26,1720,2,
FRAME,2279,E063,D,47,1B,A4,1,3,7,1,1,1,2,00,00,01,,,,,1720,2,
RNG,2280,C535,D,47,1B,A4,1,3,7,1,1,1,2,00,00,01,C535,,,1720,2,
C726,2280,C726,D,5F,0B,A5,1,3,7,0,1,1,2,00,00,01,C726,,,1721,2,
C726,2280,C726,D,5F,0B,A5,1,3,7,0,1,1,2,00,00,01,C726,,,1722,2,
C726,2280,C726,D,5F,0B,A5,1,3,7,0,1,1,2,00,00,01,C726,,,1723,2,
C726,2280,C726,D,5F,0B,A5,1,3,7,0,1,1,2,00,00,01,C726,,,1724,2,
C726,2280,C726,D,5F,0B,A5,1,3,7,0,1,1,2,00,00,01,C726,,,1725,2,
C726,2280,C726,D,5F,0B,A5,1,3,7,0,1,1,2,00,00,01,C726,,,1726,2,
OBJECT,2280,C74C,D,5F,0B,A5,1,3,7,0,1,1,2,00,00,01,13,$020D,5E,1726,2,
OBJECT,2280,C74C,D,5F,0B,A5,1,3,7,0,1,1,2,00,00,01,14,$020E,5A,1726,2,
OBJECT,2280,C74C,D,5F,0B,A5,1,3,7,0,1,1,2,00,00,01,15,$020F,45,1726,2,
OBJECT,2280,C74C,D,5F,0B,A5,1,3,7,0,1,1,2,00,00,01,16,$0210,01,1726,2,
OBJECT,2280,C74C,D,5F,0B,A5,1,3,7,0,1,1,2,00,00,01,17,$0211,4B,1726,2,
OBJECT,2280,C74C,D,5F,0B,A5,1,3,7,0,1,1,2,00,00,01,18,$0212,09,1726,2,
FRAME,2280,C74C,D,5F,0B,A5,1,3,7,0,1,1,2,00,00,01,,,,,1726,2,
RNG,2281,C535,D,5F,0B,A5,1,3,7,0,1,1,2,00,00,01,C535,,,1726,2,
FRAME,2281,C74E,D,2F,10,A6,1,3,7,1,1,1,2,00,00,01,,,,,1726,2,
RNG,2282,C535,D,2F,10,A6,1,3,7,1,1,1,2,00,00,01,C535,,,1726,2,
FRAME,2282,C74C,D,19,B2,A7,1,1,1,3,1,1,2,00,00,01,,,,,1726,2,
RNG,2283,C535,D,19,B2,A7,1,1,1,3,1,1,2,00,00,01,C535,,,1726,2,
C726,2283,C726,D,79,B2,A8,1,1,1,3,1,1,2,00,00,01,C726,,,1727,2,
OBJECT,2283,E061,D,79,B2,A8,1,1,1,3,1,1,2,00,00,01,19,$0213,26,1727,2,
FRAME,2283,E061,D,79,B2,A8,1,1,1,3,1,1,2,00,00,01,,,,,1727,2,
RNG,2284,C535,D,79,B2,A8,1,1,1,3,1,1,2,00,00,01,C535,,,1727,2,
C726,2284,C726,D,77,FE,A9,1,3,7,7,1,1,2,00,00,01,C726,,,1728,2,
C726,2284,C726,D,77,FE,A9,1,3,7,7,1,1,2,00,00,01,C726,,,1729,2,
C726,2284,C726,D,77,FE,A9,1,3,7,7,1,1,2,00,00,01,C726,,,1730,2,
C726,2284,C726,D,77,FE,A9,1,3,7,7,1,1,2,00,00,01,C726,,,1731,2,
C726,2284,C726,D,77,FE,A9,1,3,7,7,1,1,2,00,00,01,C726,,,1732,2,
C726,2284,C726,D,77,FE,A9,1,3,7,7,1,1,2,00,00,01,C726,,,1733,2,
OBJECT,2284,C74C,D,77,FE,A9,1,3,7,7,1,1,2,00,00,01,20,$0214,5E,1733,2,
OBJECT,2284,C74C,D,77,FE,A9,1,3,7,7,1,1,2,00,00,01,21,$0215,5A,1733,2,
OBJECT,2284,C74C,D,77,FE,A9,1,3,7,7,1,1,2,00,00,01,22,$0216,45,1733,2,
OBJECT,2284,C74C,D,77,FE,A9,1,3,7,7,1,1,2,00,00,01,23,$0217,01,1733,2,
OBJECT,2284,C74C,D,77,FE,A9,1,3,7,7,1,1,2,00,00,01,24,$0218,4B,1733,2,
OBJECT,2284,C74C,D,77,FE,A9,1,3,7,7,1,1,2,00,00,01,25,$0219,09,1733,2,
FRAME,2284,C74C,D,77,FE,A9,1,3,7,7,1,1,2,00,00,01,,,,,1733,2,
RNG,2285,C535,D,77,FE,A9,1,3,7,7,1,1,2,00,00,01,C535,,,1733,2,
FRAME,2285,C74E,D,75,9B,AA,1,1,5,1,1,1,2,00,00,01,,,,,1733,2,
RNG,2286,C535,D,75,9B,AA,1,1,5,1,1,1,2,00,00,01,C535,,,1733,2,
FRAME,2286,C74E,D,73,30,AB,1,3,3,3,1,1,2,00,00,01,,,,,1733,2,
RNG,2287,C535,D,73,30,AB,1,3,3,3,1,1,2,00,00,01,C535,,,1733,2,
C726,2287,C726,D,71,D2,AC,1,1,1,5,1,1,2,00,00,01,C726,,,1734,2,
OBJECT,2287,E026,D,71,D2,AC,1,1,1,5,1,1,2,00,00,01,26,$021A,26,1734,2,
FRAME,2287,E026,D,71,D2,AC,1,1,1,5,1,1,2,00,00,01,,,,,1734,2,
RNG,2288,C535,D,71,D2,AC,1,1,1,5,1,1,2,00,00,01,C535,,,1734,2,
C726,2288,C726,D,6F,D8,AD,1,3,7,5,1,1,2,00,00,01,C726,,,1735,2,
C726,2288,C726,D,6F,D8,AD,1,3,7,5,1,1,2,00,00,01,C726,,,1736,2,
C726,2288,C726,D,6F,D8,AD,1,3,7,5,1,1,2,00,00,01,C726,,,1737,2,
C726,2288,C726,D,6F,D8,AD,1,3,7,5,1,1,2,00,00,01,C726,,,1738,2,
C726,2288,C726,D,6F,D8,AD,1,3,7,5,1,1,2,00,00,01,C726,,,1739,2,
C726,2288,C726,D,6F,D8,AD,1,3,7,5,1,1,2,00,00,01,C726,,,1740,2,
OBJECT,2288,C74C,D,6F,D8,AD,1,3,7,5,1,1,2,00,00,01,27,$021B,5E,1740,2,
OBJECT,2288,C74C,D,6F,D8,AD,1,3,7,5,1,1,2,00,00,01,28,$021C,5A,1740,2,
OBJECT,2288,C74C,D,6F,D8,AD,1,3,7,5,1,1,2,00,00,01,29,$021D,45,1740,2,
OBJECT,2288,C74C,D,6F,D8,AD,1,3,7,5,1,1,2,00,00,01,30,$021E,01,1740,2,
OBJECT,2288,C74C,D,6F,D8,AD,1,3,7,5,1,1,2,00,00,01,31,$021F,4B,1740,2,
OBJECT,2288,C74C,D,6F,D8,AD,1,3,7,5,1,1,2,00,00,01,32,$0220,09,1740,2,
FRAME,2288,C74C,D,6F,D8,AD,1,3,7,5,1,1,2,00,00,01,,,,,1740,2,
RNG,2289,C535,D,6F,D8,AD,1,3,7,5,1,1,2,00,00,01,C535,,,1740,2,
FRAME,2289,C74C,D,6D,78,AE,1,1,5,7,1,1,2,00,00,01,,,,,1740,2,
RNG,2290,C535,D,6D,78,AE,1,1,5,7,1,1,2,00,00,01,C535,,,1740,2,
FRAME,2290,C74C,D,42,78,AF,0,2,2,7,1,1,2,00,00,01,,,,,1740,2,
RNG,2291,C535,D,42,78,AF,0,2,2,7,1,1,2,00,00,01,C535,,,1740,2,
C726,2291,C726,D,40,35,B0,0,0,0,3,1,1,2,00,00,01,C726,,,1741,2,
OBJECT,2291,E05D,D,40,35,B0,0,0,0,3,1,1,2,00,00,01,33,$0221,26,1741,2,
FRAME,2291,E05D,D,40,35,B0,0,0,0,3,1,1,2,00,00,01,,,,,1741,2,
RNG,2292,C535,D,40,35,B0,0,0,0,3,1,1,2,00,00,01,C535,,,1741,2,
C726,2292,C726,D,25,1C,B1,1,1,5,1,1,1,2,00,00,01,C726,,,1742,2,
C726,2292,C726,D,25,1C,B1,1,1,5,1,1,1,2,00,00,01,C726,,,1743,2,
C726,2292,C726,D,25,1C,B1,1,1,5,1,1,1,2,00,00,01,C726,,,1744,2,
C726,2292,C726,D,25,1C,B1,1,1,5,1,1,1,2,00,00,01,C726,,,1745,2,
C726,2292,C726,D,25,1C,B1,1,1,5,1,1,1,2,00,00,01,C726,,,1746,2,
C726,2292,C726,D,25,1C,B1,1,1,5,1,1,1,2,00,00,01,C726,,,1747,2,
OBJECT,2292,C74E,D,25,1C,B1,1,1,5,1,1,1,2,00,00,01,34,$0222,5E,1747,2,
OBJECT,2292,C74E,D,25,1C,B1,1,1,5,1,1,1,2,00,00,01,35,$0223,5A,1747,2,
OBJECT,2292,C74E,D,25,1C,B1,1,1,5,1,1,1,2,00,00,01,36,$0224,45,1747,2,
OBJECT,2292,C74E,D,25,1C,B1,1,1,5,1,1,1,2,00,00,01,37,$0225,01,1747,2,
OBJECT,2292,C74E,D,25,1C,B1,1,1,5,1,1,1,2,00,00,01,38,$0226,4B,1747,2,
OBJECT,2292,C74E,D,25,1C,B1,1,1,5,1,1,1,2,00,00,01,39,$0227,09,1747,2,
FRAME,2292,C74E,D,25,1C,B1,1,1,5,1,1,1,2,00,00,01,,,,,1747,2,
RNG,2293,C535,D,25,1C,B1,1,1,5,1,1,1,2,00,00,01,C535,,,1747,2,
FRAME,2293,C74C,D,23,B1,B2,1,3,3,3,1,1,2,00,00,01,,,,,1747,2,
RNG,2294,C535,D,23,B1,B2,1,3,3,3,1,1,2,00,00,01,C535,,,1747,2,
FRAME,2294,C74C,D,18,4A,B3,0,0,0,4,1,1,2,00,00,01,,,,,1747,2,
RNG,2295,C535,D,18,4A,B3,0,0,0,4,1,1,2,00,00,01,C535,,,1747,2,
C726,2295,C726,D,16,13,B4,0,2,6,1,1,1,2,00,00,01,C726,,,1748,2,
OBJECT,2295,E031,D,16,13,B4,0,2,6,1,1,1,2,00,00,01,40,$0228,26,1748,2,
FRAME,2295,E031,D,16,13,B4,0,2,6,1,1,1,2,00,00,01,,,,,1748,2,
RNG,2296,C535,D,16,13,B4,0,2,6,1,1,1,2,00,00,01,C535,,,1748,2,
C726,2296,C726,D,EA,1A,B5,0,2,2,1,1,1,2,00,00,01,C726,,,1749,2,
C726,2296,C726,D,EA,1A,B5,0,2,2,1,1,1,2,00,00,01,C726,,,1750,2,
C726,2296,C726,D,EA,1A,B5,0,2,2,1,1,1,2,00,00,01,C726,,,1751,2,
C726,2296,C726,D,EA,1A,B5,0,2,2,1,1,1,2,00,00,01,C726,,,1752,2,
C726,2296,C726,D,EA,1A,B5,0,2,2,1,1,1,2,00,00,01,C726,,,1753,2,
C726,2296,C726,D,EA,1A,B5,0,2,2,1,1,1,2,00,00,01,C726,,,1754,2,
OBJECT,2296,C74C,D,EA,1A,B5,0,2,2,1,1,1,2,00,00,01,41,$0229,5E,1754,2,
OBJECT,2296,C74C,D,EA,1A,B5,0,2,2,1,1,1,2,00,00,01,42,$022A,5A,1754,2,
OBJECT,2296,C74C,D,EA,1A,B5,0,2,2,1,1,1,2,00,00,01,43,$022B,45,1754,2,
OBJECT,2296,C74C,D,EA,1A,B5,0,2,2,1,1,1,2,00,00,01,44,$022C,01,1754,2,
OBJECT,2296,C74C,D,EA,1A,B5,0,2,2,1,1,1,2,00,00,01,45,$022D,4B,1754,2,
OBJECT,2296,C74C,D,EA,1A,B5,0,2,2,1,1,1,2,00,00,01,46,$022E,09,1754,2,
FRAME,2296,C74C,D,EA,1A,B5,0,2,2,1,1,1,2,00,00,01,,,,,1754,2,
RNG,2297,C535,D,EA,1A,B5,0,2,2,1,1,1,2,00,00,01,C535,,,1754,2,
FRAME,2297,C74C,D,E8,02,B6,0,0,0,0,1,1,2,00,00,01,,,,,1754,2,
RNG,2298,C535,D,E8,02,B6,0,0,0,0,1,1,2,00,00,01,C535,,,1754,2,
FRAME,2298,C74C,D,CC,CA,B7,0,0,4,4,1,1,2,00,00,01,,,,,1754,2,
RNG,2299,C535,D,CC,CA,B7,0,0,4,4,1,1,2,00,00,01,C535,,,1754,2,
FRAME,2299,C716,D,CA,92,B8,0,2,2,1,1,1,2,00,00,01,,,,,1754,2,
RNG,2300,C535,D,CA,92,B8,0,2,2,1,1,1,2,00,00,01,C535,,,1754,2,
C726,2300,C726,D,BE,5A,B9,0,2,6,5,1,1,2,00,00,01,C726,,,1755,2,
C726,2300,C726,D,BE,5A,B9,0,2,6,5,1,1,2,00,00,01,C726,,,1756,2,
C726,2300,C726,D,BE,5A,B9,0,2,6,5,1,1,2,00,00,01,C726,,,1757,2,
C726,2300,C726,D,BE,5A,B9,0,2,6,5,1,1,2,00,00,01,C726,,,1758,2,
C726,2300,C726,D,BE,5A,B9,0,2,6,5,1,1,2,00,00,01,C726,,,1759,2,
C726,2300,C726,D,BE,5A,B9,0,2,6,5,1,1,2,00,00,01,C726,,,1760,2,
C726,2300,C726,D,BE,5A,B9,0,2,6,5,1,1,2,00,00,01,C726,,,1761,2,
OBJECT,2300,C74C,D,BE,5A,B9,0,2,6,5,1,1,2,00,00,01,47,$022F,26,1761,2,
OBJECT,2300,C74C,D,BE,5A,B9,0,2,6,5,1,1,2,00,00,01,48,$0230,5E,1761,2,
OBJECT,2300,C74C,D,BE,5A,B9,0,2,6,5,1,1,2,00,00,01,49,$0231,5A,1761,2,
OBJECT,2300,C74C,D,BE,5A,B9,0,2,6,5,1,1,2,00,00,01,50,$0232,45,1761,2,
OBJECT,2300,C74C,D,BE,5A,B9,0,2,6,5,1,1,2,00,00,01,51,$0233,01,1761,2,
OBJECT,2300,C74C,D,BE,5A,B9,0,2,6,5,1,1,2,00,00,01,52,$0234,4B,1761,2,
OBJECT,2300,C74C,D,BE,5A,B9,0,2,6,5,1,1,2,00,00,01,53,$0235,09,1761,2,
FRAME,2300,C74C,D,BE,5A,B9,0,2,6,5,1,1,2,00,00,01,,,,,1761,2,
RNG,2301,C535,D,BE,5A,B9,0,2,6,5,1,1,2,00,00,01,C535,,,1761,2,
FRAME,2301,C74A,D,BC,22,BA,0,0,4,2,1,1,2,00,00,01,,,,,1761,2,
RNG,2302,C535,D,BC,22,BA,0,0,4,2,1,1,2,00,00,01,C535,,,1761,2,
FRAME,2302,C74E,D,8F,E2,BB,1,3,7,6,1,1,2,00,00,01,,,,,1761,2,
RNG,2303,C535,D,8F,E2,BB,1,3,7,6,1,1,2,00,00,01,C535,,,1761,2,
FRAME,2303,C74C,D,61,FA,BC,1,1,1,7,1,1,2,00,00,01,,,,,1761,2,
RNG,2304,C535,D,61,FA,BC,1,1,1,7,1,1,2,00,00,01,C535,,,1761,2,
C726,2304,C726,D,44,CA,BD,0,0,4,4,1,1,2,00,00,01,C726,,,1762,2,
C726,2304,C726,D,44,CA,BD,0,0,4,4,1,1,2,00,00,01,C726,,,1763,2,
C726,2304,C726,D,44,CA,BD,0,0,4,4,1,1,2,00,00,01,C726,,,1764,2,
C726,2304,C726,D,44,CA,BD,0,0,4,4,1,1,2,00,00,01,C726,,,1765,2,
C726,2304,C726,D,44,CA,BD,0,0,4,4,1,1,2,00,00,01,C726,,,1766,2,
C726,2304,C726,D,44,CA,BD,0,0,4,4,1,1,2,00,00,01,C726,,,1767,2,
C726,2304,C726,D,44,CA,BD,0,0,4,4,1,1,2,00,00,01,C726,,,1768,2,
OBJECT,2304,C74C,D,44,CA,BD,0,0,4,4,1,1,2,00,00,01,54,$0236,26,1768,2,
OBJECT,2304,C74C,D,44,CA,BD,0,0,4,4,1,1,2,00,00,01,55,$0237,5E,1768,2,
OBJECT,2304,C74C,D,44,CA,BD,0,0,4,4,1,1,2,00,00,01,56,$0238,5A,1768,2,
OBJECT,2304,C74C,D,44,CA,BD,0,0,4,4,1,1,2,00,00,01,57,$0239,45,1768,2,
OBJECT,2304,C74C,D,44,CA,BD,0,0,4,4,1,1,2,00,00,01,58,$023A,01,1768,2,
OBJECT,2304,C74C,D,44,CA,BD,0,0,4,4,1,1,2,00,00,01,59,$023B,4B,1768,2,
OBJECT,2304,C74C,D,44,CA,BD,0,0,4,4,1,1,2,00,00,01,60,$023C,09,1768,2,
FRAME,2304,C74C,D,44,CA,BD,0,0,4,4,1,1,2,00,00,01,,,,,1768,2,
RNG,2305,C535,D,44,CA,BD,0,0,4,4,1,1,2,00,00,01,C535,,,1768,2,
FRAME,2305,C74C,D,26,BB,BE,0,2,6,3,1,1,2,00,00,01,,,,,1768,2,
RNG,2306,C535,D,26,BB,BE,0,2,6,3,1,1,2,00,00,01,C535,,,1768,2,
FRAME,2306,C74C,D,19,68,BF,1,1,1,6,1,1,2,00,00,01,,,,,1768,2,
RNG,2307,C535,D,19,68,BF,1,1,1,6,1,1,2,00,00,01,C535,,,1768,2,
FRAME,2307,C74C,D,0B,37,C0,1,3,3,3,1,1,2,00,00,01,,,,,1768,2,
RNG,2308,C535,D,0B,37,C0,1,3,3,3,1,1,2,00,00,01,C535,,,1768,2,
C726,2308,C726,D,DC,3E,C1,0,0,4,3,1,1,2,00,00,01,C726,,,1769,2,
C726,2308,C726,D,DC,3E,C1,0,0,4,3,1,1,2,00,00,01,C726,,,1770,2,
C726,2308,C726,D,DC,3E,C1,0,0,4,3,1,1,2,00,00,01,C726,,,1771,2,
C726,2308,C726,D,DC,3E,C1,0,0,4,3,1,1,2,00,00,01,C726,,,1772,2,
C726,2308,C726,D,DC,3E,C1,0,0,4,3,1,1,2,00,00,01,C726,,,1773,2,
C726,2308,C726,D,DC,3E,C1,0,0,4,3,1,1,2,00,00,01,C726,,,1774,2,
C726,2308,C726,D,DC,3E,C1,0,0,4,3,1,1,2,00,00,01,C726,,,1775,2,
OBJECT,2308,C74A,D,DC,3E,C1,0,0,4,3,1,1,2,00,00,01,0,$0200,45,1775,2,
OBJECT,2308,C74A,D,DC,3E,C1,0,0,4,3,1,1,2,00,00,01,1,$0201,01,1775,2,
OBJECT,2308,C74A,D,DC,3E,C1,0,0,4,3,1,1,2,00,00,01,2,$0202,4B,1775,2,
OBJECT,2308,C74A,D,DC,3E,C1,0,0,4,3,1,1,2,00,00,01,3,$0203,09,1775,2,
OBJECT,2308,C74A,D,DC,3E,C1,0,0,4,3,1,1,2,00,00,01,61,$023D,26,1775,2,
OBJECT,2308,C74A,D,DC,3E,C1,0,0,4,3,1,1,2,00,00,01,62,$023E,5E,1775,2,
OBJECT,2308,C74A,D,DC,3E,C1,0,0,4,3,1,1,2,00,00,01,63,$023F,5A,1775,2,
FRAME,2308,C74A,D,DC,3E,C1,0,0,4,3,1,1,2,00,00,01,,,,,1775,2,
RNG,2309,C535,D,DC,3E,C1,0,0,4,3,1,1,2,00,00,01,C535,,,1775,2,
FRAME,2309,C74A,D,AC,07,C2,0,0,4,0,1,1,2,00,00,01,,,,,1775,2,
RNG,2310,C535,D,AC,07,C2,0,0,4,0,1,1,2,00,00,01,C535,,,1775,2,
FRAME,2310,C74C,D,8D,FB,C3,1,1,5,7,1,1,2,00,00,01,,,,,1775,2,
RNG,2311,C535,D,8D,FB,C3,1,1,5,7,1,1,2,00,00,01,C535,,,1775,2,
FRAME,2311,C74A,D,6D,8B,C4,1,1,5,0,1,1,2,00,00,01,,,,,1775,2,
RNG,2312,C535,D,6D,8B,C4,1,1,5,0,1,1,2,00,00,01,C535,,,1775,2,
C726,2312,C726,D,5E,A9,C5,0,2,6,2,1,1,2,00,00,01,C726,,,1776,2,
C726,2312,C726,D,5E,A9,C5,0,2,6,2,1,1,2,00,00,01,C726,,,1777,2,
C726,2312,C726,D,5E,A9,C5,0,2,6,2,1,1,2,00,00,01,C726,,,1778,2,
C726,2312,C726,D,5E,A9,C5,0,2,6,2,1,1,2,00,00,01,C726,,,1779,2,
C726,2312,C726,D,5E,A9,C5,0,2,6,2,1,1,2,00,00,01,C726,,,1780,2,
C726,2312,C726,D,5E,A9,C5,0,2,6,2,1,1,2,00,00,01,C726,,,1781,2,
C726,2312,C726,D,5E,A9,C5,0,2,6,2,1,1,2,00,00,01,C726,,,1782,2,
OBJECT,2312,C74A,D,5E,A9,C5,0,2,6,2,1,1,2,00,00,01,4,$0204,26,1782,2,
OBJECT,2312,C74A,D,5E,A9,C5,0,2,6,2,1,1,2,00,00,01,5,$0205,5E,1782,2,
OBJECT,2312,C74A,D,5E,A9,C5,0,2,6,2,1,1,2,00,00,01,6,$0206,5A,1782,2,
OBJECT,2312,C74A,D,5E,A9,C5,0,2,6,2,1,1,2,00,00,01,7,$0207,45,1782,2,
OBJECT,2312,C74A,D,5E,A9,C5,0,2,6,2,1,1,2,00,00,01,8,$0208,01,1782,2,
OBJECT,2312,C74A,D,5E,A9,C5,0,2,6,2,1,1,2,00,00,01,9,$0209,4B,1782,2,
OBJECT,2312,C74A,D,5E,A9,C5,0,2,6,2,1,1,2,00,00,01,10,$020A,09,1782,2,
FRAME,2312,C74A,D,5E,A9,C5,0,2,6,2,1,1,2,00,00,01,,,,,1782,2,
RNG,2313,C535,D,5E,A9,C5,0,2,6,2,1,1,2,00,00,01,C535,,,1782,2,
FRAME,2313,C74E,D,4E,4B,C6,0,2,6,4,1,1,2,00,00,01,,,,,1782,2,
RNG,2314,C535,D,4E,4B,C6,0,2,6,4,1,1,2,00,00,01,C535,,,1782,2,
FRAME,2314,C74E,D,20,13,C7,0,0,0,1,1,1,2,00,00,01,,,,,1782,2,
RNG,2315,C535,D,20,13,C7,0,0,0,1,1,1,2,00,00,01,C535,,,1782,2,
FRAME,2315,C74C,D,F3,B3,C8,1,3,3,3,1,1,2,00,00,01,,,,,1782,2,
RNG,2316,C535,D,F3,B3,C8,1,3,3,3,1,1,2,00,00,01,C535,,,1782,2,
C726,2316,C726,D,D5,B9,C9,1,1,5,3,1,1,2,00,00,01,C726,,,1783,2,
C726,2316,C726,D,D5,B9,C9,1,1,5,3,1,1,2,00,00,01,C726,,,1784,2,
C726,2316,C726,D,D5,B9,C9,1,1,5,3,1,1,2,00,00,01,C726,,,1785,2,
C726,2316,C726,D,D5,B9,C9,1,1,5,3,1,1,2,00,00,01,C726,,,1786,2,
C726,2316,C726,D,D5,B9,C9,1,1,5,3,1,1,2,00,00,01,C726,,,1787,2,
C726,2316,C726,D,D5,B9,C9,1,1,5,3,1,1,2,00,00,01,C726,,,1788,2,
C726,2316,C726,D,D5,B9,C9,1,1,5,3,1,1,2,00,00,01,C726,,,1789,2,
OBJECT,2316,C74C,D,D5,B9,C9,1,1,5,3,1,1,2,00,00,01,11,$020B,26,1789,2,
OBJECT,2316,C74C,D,D5,B9,C9,1,1,5,3,1,1,2,00,00,01,12,$020C,5E,1789,2,
OBJECT,2316,C74C,D,D5,B9,C9,1,1,5,3,1,1,2,00,00,01,13,$020D,5A,1789,2,
OBJECT,2316,C74C,D,D5,B9,C9,1,1,5,3,1,1,2,00,00,01,14,$020E,45,1789,2,
OBJECT,2316,C74C,D,D5,B9,C9,1,1,5,3,1,1,2,00,00,01,15,$020F,01,1789,2,
OBJECT,2316,C74C,D,D5,B9,C9,1,1,5,3,1,1,2,00,00,01,16,$0210,4B,1789,2,
OBJECT,2316,C74C,D,D5,B9,C9,1,1,5,3,1,1,2,00,00,01,17,$0211,09,1789,2,
FRAME,2316,C74C,D,D5,B9,C9,1,1,5,3,1,1,2,00,00,01,,,,,1789,2,
RNG,2317,C535,D,D5,B9,C9,1,1,5,3,1,1,2,00,00,01,C535,,,1789,2,
FRAME,2317,C74C,D,B8,D9,CA,0,0,0,5,1,1,2,00,00,01,,,,,1789,2,
RNG,2318,C535,D,B8,D9,CA,0,0,0,5,1,1,2,00,00,01,C535,,,1789,2,
FRAME,2318,C74A,D,AA,7A,CB,0,2,2,7,1,1,2,00,00,01,,,,,1789,2,
RNG,2319,C535,D,AA,7A,CB,0,2,2,7,1,1,2,00,00,01,C535,,,1789,2,
FRAME,2319,C74E,D,9D,40,CC,1,1,5,4,1,1,2,00,00,01,,,,,1789,2,
RNG,2320,C535,D,9D,40,CC,1,1,5,4,1,1,2,00,00,01,C535,,,1789,2,
C726,2320,C726,D,9B,E9,CD,1,3,3,6,1,1,2,00,00,01,C726,,,1790,2,
C726,2320,C726,D,9B,E9,CD,1,3,3,6,1,1,2,00,00,01,C726,,,1791,2,
C726,2320,C726,D,9B,E9,CD,1,3,3,6,1,1,2,00,00,01,C726,,,1792,2,
C726,2320,C726,D,9B,E9,CD,1,3,3,6,1,1,2,00,00,01,C726,,,1793,2,
C726,2320,C726,D,9B,E9,CD,1,3,3,6,1,1,2,00,00,01,C726,,,1794,2,
C726,2320,C726,D,9B,E9,CD,1,3,3,6,1,1,2,00,00,01,C726,,,1795,2,
C726,2320,C726,D,9B,E9,CD,1,3,3,6,1,1,2,00,00,01,C726,,,1796,2,
OBJECT,2320,C74E,D,9B,E9,CD,1,3,3,6,1,1,2,00,00,01,18,$0212,26,1796,2,
OBJECT,2320,C74E,D,9B,E9,CD,1,3,3,6,1,1,2,00,00,01,19,$0213,5E,1796,2,
OBJECT,2320,C74E,D,9B,E9,CD,1,3,3,6,1,1,2,00,00,01,20,$0214,5A,1796,2,
OBJECT,2320,C74E,D,9B,E9,CD,1,3,3,6,1,1,2,00,00,01,21,$0215,45,1796,2,
OBJECT,2320,C74E,D,9B,E9,CD,1,3,3,6,1,1,2,00,00,01,22,$0216,01,1796,2,
OBJECT,2320,C74E,D,9B,E9,CD,1,3,3,6,1,1,2,00,00,01,23,$0217,4B,1796,2,
OBJECT,2320,C74E,D,9B,E9,CD,1,3,3,6,1,1,2,00,00,01,24,$0218,09,1796,2,
FRAME,2320,C74E,D,9B,E9,CD,1,3,3,6,1,1,2,00,00,01,,,,,1796,2,
RNG,2321,C535,D,9B,E9,CD,1,3,3,6,1,1,2,00,00,01,C535,,,1796,2,
FRAME,2321,C74C,D,6F,E9,CE,1,3,7,6,1,1,2,00,00,01,,,,,1796,2,
RNG,2322,C535,D,6F,E9,CE,1,3,7,6,1,1,2,00,00,01,C535,,,1796,2,
FRAME,2322,C74C,D,6D,76,CF,1,1,5,7,1,1,2,00,00,01,,,,,1796,2,
RNG,2323,C535,D,6D,76,CF,1,1,5,7,1,1,2,00,00,01,C535,,,1796,2,
FRAME,2323,C74C,D,51,69,D0,1,1,1,6,1,1,2,00,00,01,,,,,1796,2,
RNG,2324,C535,D,51,69,D0,1,1,1,6,1,1,2,00,00,01,C535,,,1796,2,
C726,2324,C726,D,4F,6C,D1,1,3,7,6,1,1,2,00,00,01,C726,,,1797,2,
C726,2324,C726,D,4F,6C,D1,1,3,7,6,1,1,2,00,00,01,C726,,,1798,2,
C726,2324,C726,D,4F,6C,D1,1,3,7,6,1,1,2,00,00,01,C726,,,1799,2,
C726,2324,C726,D,4F,6C,D1,1,3,7,6,1,1,2,00,00,01,C726,,,1800,2,
C726,2324,C726,D,4F,6C,D1,1,3,7,6,1,1,2,00,00,01,C726,,,1801,2,
C726,2324,C726,D,4F,6C,D1,1,3,7,6,1,1,2,00,00,01,C726,,,1802,2,
C726,2324,C726,D,4F,6C,D1,1,3,7,6,1,1,2,00,00,01,C726,,,1803,2,
OBJECT,2324,C74E,D,4F,6C,D1,1,3,7,6,1,1,2,00,00,01,25,$0219,26,1803,2,
OBJECT,2324,C74E,D,4F,6C,D1,1,3,7,6,1,1,2,00,00,01,26,$021A,5E,1803,2,
OBJECT,2324,C74E,D,4F,6C,D1,1,3,7,6,1,1,2,00,00,01,27,$021B,5A,1803,2,
OBJECT,2324,C74E,D,4F,6C,D1,1,3,7,6,1,1,2,00,00,01,28,$021C,45,1803,2,
OBJECT,2324,C74E,D,4F,6C,D1,1,3,7,6,1,1,2,00,00,01,29,$021D,01,1803,2,
OBJECT,2324,C74E,D,4F,6C,D1,1,3,7,6,1,1,2,00,00,01,30,$021E,4B,1803,2,
OBJECT,2324,C74E,D,4F,6C,D1,1,3,7,6,1,1,2,00,00,01,31,$021F,09,1803,2,
FRAME,2324,C74E,D,4F,6C,D1,1,3,7,6,1,1,2,00,00,01,,,,,1803,2,
RNG,2325,C535,D,4F,6C,D1,1,3,7,6,1,1,2,00,00,01,C535,,,1803,2,
FRAME,2325,C74E,D,43,B8,D2,1,3,3,3,1,1,2,00,00,01,,,,,1803,2,
RNG,2326,C535,D,43,B8,D2,1,3,3,3,1,1,2,00,00,01,C535,,,1803,2,
FRAME,2326,C74C,D,41,90,D3,1,1,1,1,1,1,2,00,00,01,,,,,1803,2,
RNG,2327,C535,D,41,90,D3,1,1,1,1,1,1,2,00,00,01,C535,,,1803,2,
FRAME,2327,C74C,D,16,25,D4,0,2,6,2,1,1,2,00,00,01,,,,,1803,2,
RNG,2328,C535,D,16,25,D4,0,2,6,2,1,1,2,00,00,01,C535,,,1803,2,
C726,2328,C726,D,14,C7,D5,0,0,4,4,1,1,2,00,00,01,C726,,,1804,2,
C726,2328,C726,D,14,C7,D5,0,0,4,4,1,1,2,00,00,01,C726,,,1805,2,
C726,2328,C726,D,14,C7,D5,0,0,4,4,1,1,2,00,00,01,C726,,,1806,2,
C726,2328,C726,D,14,C7,D5,0,0,4,4,1,1,2,00,00,01,C726,,,1807,2,
C726,2328,C726,D,14,C7,D5,0,0,4,4,1,1,2,00,00,01,C726,,,1808,2,
C726,2328,C726,D,14,C7,D5,0,0,4,4,1,1,2,00,00,01,C726,,,1809,2,
OBJECT,2328,C74C,D,14,C7,D5,0,0,4,4,1,1,2,00,00,01,32,$0220,26,1809,2,
OBJECT,2328,C74C,D,14,C7,D5,0,0,4,4,1,1,2,00,00,01,33,$0221,5E,1809,2,
OBJECT,2328,C74C,D,14,C7,D5,0,0,4,4,1,1,2,00,00,01,34,$0222,5A,1809,2,
OBJECT,2328,C74C,D,14,C7,D5,0,0,4,4,1,1,2,00,00,01,35,$0223,01,1809,2,
OBJECT,2328,C74C,D,14,C7,D5,0,0,4,4,1,1,2,00,00,01,36,$0224,4B,1809,2,
OBJECT,2328,C74C,D,14,C7,D5,0,0,4,4,1,1,2,00,00,01,37,$0225,09,1809,2,
FRAME,2328,C74C,D,14,C7,D5,0,0,4,4,1,1,2,00,00,01,,,,,1809,2,
RNG,2329,C535,D,14,C7,D5,0,0,4,4,1,1,2,00,00,01,C535,,,1809,2,
FRAME,2329,C74C,D,F9,8F,D6,1,1,1,0,1,1,2,00,00,01,,,,,1809,2,
RNG,2330,C535,D,F9,8F,D6,1,1,1,0,1,1,2,00,00,01,C535,,,1809,2,
FRAME,2330,C74C,D,F7,2F,D7,1,3,7,2,1,1,2,00,00,01,,,,,1809,2,
RNG,2331,C535,D,F7,2F,D7,1,3,7,2,1,1,2,00,00,01,C535,,,1809,2,
FRAME,2331,C74E,D,EC,35,D8,0,0,4,3,1,1,2,00,00,01,,,,,1809,2,
RNG,2332,C535,D,EC,35,D8,0,0,4,3,1,1,2,00,00,01,C535,,,1809,2,
C726,2332,C726,D,DA,55,D9,0,2,2,5,1,1,2,00,00,01,C726,,,1810,2,
C726,2332,C726,D,DA,55,D9,0,2,2,5,1,1,2,00,00,01,C726,,,1811,2,
C726,2332,C726,D,DA,55,D9,0,2,2,5,1,1,2,00,00,01,C726,,,1812,2,
C726,2332,C726,D,DA,55,D9,0,2,2,5,1,1,2,00,00,01,C726,,,1813,2,
C726,2332,C726,D,DA,55,D9,0,2,2,5,1,1,2,00,00,01,C726,,,1814,2,
C726,2332,C726,D,DA,55,D9,0,2,2,5,1,1,2,00,00,01,C726,,,1815,2,
OBJECT,2332,C74C,D,DA,55,D9,0,2,2,5,1,1,2,00,00,01,38,$0226,26,1815,2,
OBJECT,2332,C74C,D,DA,55,D9,0,2,2,5,1,1,2,00,00,01,39,$0227,5E,1815,2,
OBJECT,2332,C74C,D,DA,55,D9,0,2,2,5,1,1,2,00,00,01,40,$0228,5A,1815,2,
OBJECT,2332,C74C,D,DA,55,D9,0,2,2,5,1,1,2,00,00,01,41,$0229,01,1815,2,
OBJECT,2332,C74C,D,DA,55,D9,0,2,2,5,1,1,2,00,00,01,42,$022A,4B,1815,2,
OBJECT,2332,C74C,D,DA,55,D9,0,2,2,5,1,1,2,00,00,01,43,$022B,09,1815,2,
FRAME,2332,C74C,D,DA,55,D9,0,2,2,5,1,1,2,00,00,01,,,,,1815,2,
RNG,2333,C535,D,DA,55,D9,0,2,2,5,1,1,2,00,00,01,C535,,,1815,2,
FRAME,2333,C74C,D,DF,A0,DA,1,3,7,2,1,1,2,00,00,01,,,,,1815,2,
RNG,2334,C535,D,DF,A0,DA,1,3,7,2,1,1,2,00,00,01,C535,,,1815,2,
FRAME,2334,C74C,D,E2,9A,DB,0,2,2,1,1,1,2,00,00,01,,,,,1815,2,
RNG,2335,C535,D,E2,9A,DB,0,2,2,1,1,1,2,00,00,01,C535,,,1815,2,
FRAME,2335,C74C,D,8F,43,DC,1,3,7,4,1,1,2,00,00,01,,,,,1815,2,
RNG,2336,C535,D,8F,43,DC,1,3,7,4,1,1,2,00,00,01,C535,,,1815,2,
C726,2336,C726,D,94,43,DD,0,0,4,4,1,1,2,00,00,01,C726,,,1816,2,
C726,2336,C726,D,94,43,DD,0,0,4,4,1,1,2,00,00,01,C726,,,1817,2,
C726,2336,C726,D,94,43,DD,0,0,4,4,1,1,2,00,00,01,C726,,,1818,2,
C726,2336,C726,D,94,43,DD,0,0,4,4,1,1,2,00,00,01,C726,,,1819,2,
C726,2336,C726,D,94,43,DD,0,0,4,4,1,1,2,00,00,01,C726,,,1820,2,
C726,2336,C726,D,94,43,DD,0,0,4,4,1,1,2,00,00,01,C726,,,1821,2,
C726,2336,C726,D,94,43,DD,0,0,4,4,1,1,2,00,00,01,C726,,,1822,2,
OBJECT,2336,C74E,D,94,43,DD,0,0,4,4,1,1,2,00,00,01,44,$022C,26,1822,2,
OBJECT,2336,C74E,D,94,43,DD,0,0,4,4,1,1,2,00,00,01,45,$022D,5E,1822,2,
OBJECT,2336,C74E,D,94,43,DD,0,0,4,4,1,1,2,00,00,01,46,$022E,45,1822,2,
OBJECT,2336,C74E,D,94,43,DD,0,0,4,4,1,1,2,00,00,01,47,$022F,5A,1822,2,
OBJECT,2336,C74E,D,94,43,DD,0,0,4,4,1,1,2,00,00,01,48,$0230,01,1822,2,
OBJECT,2336,C74E,D,94,43,DD,0,0,4,4,1,1,2,00,00,01,49,$0231,4B,1822,2,
OBJECT,2336,C74E,D,94,43,DD,0,0,4,4,1,1,2,00,00,01,50,$0232,09,1822,2,
FRAME,2336,C74E,D,94,43,DD,0,0,4,4,1,1,2,00,00,01,,,,,1822,2,
RNG,2337,C535,D,94,43,DD,0,0,4,4,1,1,2,00,00,01,C535,,,1822,2,
FRAME,2337,C74E,D,97,D0,DE,1,3,7,5,1,1,2,00,00,01,,,,,1822,2,
RNG,2338,C535,D,97,D0,DE,1,3,7,5,1,1,2,00,00,01,C535,,,1822,2,
FRAME,2338,C74C,D,60,C3,DF,0,0,0,4,1,1,2,00,00,01,,,,,1822,2,
RNG,2339,C535,D,60,C3,DF,0,0,0,4,1,1,2,00,00,01,C535,,,1822,2,
FRAME,2339,C74C,D,62,C6,E0,0,2,2,4,1,1,2,00,00,01,,,,,1822,2,
RNG,2340,C535,D,62,C6,E0,0,2,2,4,1,1,2,00,00,01,C535,,,1822,2,
C726,2340,C726,D,32,12,E1,0,2,2,1,1,1,2,00,00,01,C726,,,1823,2,
C726,2340,C726,D,32,12,E1,0,2,2,1,1,1,2,00,00,01,C726,,,1824,2,
C726,2340,C726,D,32,12,E1,0,2,2,1,1,1,2,00,00,01,C726,,,1825,2,
C726,2340,C726,D,32,12,E1,0,2,2,1,1,1,2,00,00,01,C726,,,1826,2,
C726,2340,C726,D,32,12,E1,0,2,2,1,1,1,2,00,00,01,C726,,,1827,2,
C726,2340,C726,D,32,12,E1,0,2,2,1,1,1,2,00,00,01,C726,,,1828,2,
C726,2340,C726,D,32,12,E1,0,2,2,1,1,1,2,00,00,01,C726,,,1829,2,
OBJECT,2340,C74A,D,32,12,E1,0,2,2,1,1,1,2,00,00,01,51,$0233,26,1829,2,
OBJECT,2340,C74A,D,32,12,E1,0,2,2,1,1,1,2,00,00,01,52,$0234,5E,1829,2,
OBJECT,2340,C74A,D,32,12,E1,0,2,2,1,1,1,2,00,00,01,53,$0235,45,1829,2,
OBJECT,2340,C74A,D,32,12,E1,0,2,2,1,1,1,2,00,00,01,54,$0236,5A,1829,2,
OBJECT,2340,C74A,D,32,12,E1,0,2,2,1,1,1,2,00,00,01,55,$0237,01,1829,2,
OBJECT,2340,C74A,D,32,12,E1,0,2,2,1,1,1,2,00,00,01,56,$0238,4B,1829,2,
OBJECT,2340,C74A,D,32,12,E1,0,2,2,1,1,1,2,00,00,01,57,$0239,09,1829,2,
FRAME,2340,C74A,D,32,12,E1,0,2,2,1,1,1,2,00,00,01,,,,,1829,2,
RNG,2341,C535,D,32,12,E1,0,2,2,1,1,1,2,00,00,01,C535,,,1829,2,
FRAME,2341,C74A,D,50,EA,E2,0,0,0,6,1,1,2,00,00,01,,,,,1829,2,
RNG,2342,C535,D,50,EA,E2,0,0,0,6,1,1,2,00,00,01,C535,,,1829,2,
FRAME,2342,C74C,D,F9,7F,E3,1,1,1,7,1,1,2,00,00,01,,,,,1829,2,
RNG,2343,C535,D,F9,7F,E3,1,1,1,7,1,1,2,00,00,01,C535,,,1829,2,
FRAME,2343,C74A,D,F9,28,E4,1,1,1,2,1,1,2,00,00,01,,,,,1829,2,
RNG,2344,C535,D,F9,28,E4,1,1,1,2,1,1,2,00,00,01,C535,,,1829,2,
C726,2344,C726,D,86,5D,E5,0,2,6,5,1,1,2,00,00,01,C726,,,1830,2,
C726,2344,C726,D,86,5D,E5,0,2,6,5,1,1,2,00,00,01,C726,,,1831,2,
C726,2344,C726,D,86,5D,E5,0,2,6,5,1,1,2,00,00,01,C726,,,1832,2,
C726,2344,C726,D,86,5D,E5,0,2,6,5,1,1,2,00,00,02,C726,,,1833,2,
C726,2344,C726,D,86,5D,E5,0,2,6,5,1,1,2,00,00,02,C726,,,1834,2,
C726,2344,C726,D,86,5D,E5,0,2,6,5,1,1,2,00,00,03,C726,,,1835,2,
C726,2344,C726,D,86,5D,E5,0,2,6,5,1,1,2,00,00,03,C726,,,1836,2,
OBJECT,2344,C74A,D,86,5D,E5,0,2,6,5,1,1,2,00,00,03,0,$0200,09,1836,2,
OBJECT,2344,C74A,D,86,5D,E5,0,2,6,5,1,1,2,00,00,03,58,$023A,26,1836,2,
OBJECT,2344,C74A,D,86,5D,E5,0,2,6,5,1,1,2,00,00,03,59,$023B,5E,1836,2,
OBJECT,2344,C74A,D,86,5D,E5,0,2,6,5,1,1,2,00,00,03,60,$023C,45,1836,2,
OBJECT,2344,C74A,D,86,5D,E5,0,2,6,5,1,1,2,00,00,03,61,$023D,5A,1836,2,
OBJECT,2344,C74A,D,86,5D,E5,0,2,6,5,1,1,2,00,00,03,62,$023E,01,1836,2,
OBJECT,2344,C74A,D,86,5D,E5,0,2,6,5,1,1,2,00,00,03,63,$023F,4B,1836,2,
COUNTER,2344,C74A,D,86,5D,E5,0,2,6,5,1,1,2,00,00,03,048B:01>03,,,1836,2,
FRAME,2344,C74A,D,86,5D,E5,0,2,6,5,1,1,2,00,00,03,,,,,1836,2,
RNG,2345,C535,D,86,5D,E5,0,2,6,5,1,1,2,00,00,03,C535,,,1836,2,
FRAME,2345,C74E,D,8B,7D,E6,1,3,3,7,1,1,2,00,00,03,,,,,1836,2,
RNG,2346,C535,D,8B,7D,E6,1,3,3,7,1,1,2,00,00,03,C535,,,1836,2,
FRAME,2346,C74A,D,8E,A3,E7,0,2,6,2,1,1,2,00,00,03,,,,,1836,2,
RNG,2347,C535,D,8E,A3,E7,0,2,6,2,1,1,2,00,00,03,C535,,,1836,2,
FRAME,2347,C74C,D,3B,6A,E8,1,3,3,6,1,1,2,00,00,03,,,,,1836,2,
RNG,2348,C535,D,3B,6A,E8,1,3,3,6,1,1,2,00,00,03,C535,,,1836,2,
C726,2348,C726,D,3E,13,E9,0,2,6,1,1,1,2,00,00,03,C726,,,1837,2,
C726,2348,C726,D,3E,13,E9,0,2,6,1,1,1,2,00,00,03,C726,,,1838,2,
C726,2348,C726,D,3E,13,E9,0,2,6,1,1,1,2,00,00,03,C726,,,1839,2,
C726,2348,C726,D,3E,13,E9,0,2,6,1,1,1,2,00,00,03,C726,,,1840,2,
C726,2348,C726,D,3E,13,E9,0,2,6,1,1,1,2,00,00,03,C726,,,1841,2,
OBJECT,2348,FF0B,D,3E,13,E9,0,2,6,1,1,1,2,00,00,04,1,$0201,26,1841,2,
OBJECT,2348,FF0B,D,3E,13,E9,0,2,6,1,1,1,2,00,00,04,2,$0202,5E,1841,2,
OBJECT,2348,FF0B,D,3E,13,E9,0,2,6,1,1,1,2,00,00,04,3,$0203,45,1841,2,
OBJECT,2348,FF0B,D,3E,13,E9,0,2,6,1,1,1,2,00,00,04,4,$0204,5A,1841,2,
OBJECT,2348,FF0B,D,3E,13,E9,0,2,6,1,1,1,2,00,00,04,5,$0205,01,1841,2,
COUNTER,2348,FF0B,D,3E,13,E9,0,2,6,1,1,1,2,00,00,04,048B:03>04,,,1841,2,
FRAME,2348,FF0B,D,3E,13,E9,0,2,6,1,1,1,2,00,00,04,,,,,1841,2,
C726,2349,C726,D,3E,13,E9,0,2,6,1,0,1,2,00,00,04,C726,,,1842,2,
C726,2349,C726,D,3E,13,E9,0,2,6,1,0,1,2,00,00,04,C726,,,1843,2,
OBJECT,2349,C74C,D,3E,13,E9,0,2,6,1,0,1,2,00,00,04,6,$0206,4B,1843,2,
OBJECT,2349,C74C,D,3E,13,E9,0,2,6,1,0,1,2,00,00,04,7,$0207,09,1843,2,
FRAME,2349,C74C,D,3E,13,E9,0,2,6,1,0,1,2,00,00,04,,,,,1843,2,
RNG,2350,C535,D,3E,13,E9,0,2,6,1,1,2,2,00,00,04,C535,,,1843,2,
FRAME,2350,C74E,D,41,13,EA,1,1,1,1,1,2,2,00,00,04,,,,,1843,2,
RNG,2351,C535,D,41,13,EA,1,1,1,1,1,1,2,00,00,04,C535,,,1843,2,
FRAME,2351,C74E,D,11,98,EB,1,1,1,1,1,1,2,00,00,04,,,,,1843,2,
RNG,2352,C535,D,11,98,EB,1,1,1,1,1,1,2,00,00,04,C535,,,1843,2,
C726,2352,C726,D,14,65,EC,0,0,4,6,1,1,2,00,00,04,C726,,,1844,2,
C726,2352,C726,D,14,65,EC,0,0,4,6,1,1,2,00,00,04,C726,,,1845,2,
C726,2352,C726,D,14,65,EC,0,0,4,6,1,1,2,00,00,04,C726,,,1846,2,
OBJECT,2352,E4DE,D,14,65,EC,0,0,4,6,1,1,2,00,00,04,8,$0208,26,1846,2,
OBJECT,2352,E4DE,D,14,65,EC,0,0,4,6,1,1,2,00,00,04,9,$0209,5E,1846,2,
OBJECT,2352,E4DE,D,14,65,EC,0,0,4,6,1,1,2,00,00,04,10,$020A,45,1846,2,
FRAME,2352,E4DE,D,14,65,EC,0,0,4,6,1,1,2,00,00,04,,,,,1846,2,
RNG,2353,C535,D,14,65,EC,0,0,4,6,1,1,2,00,00,04,C535,,,1846,2,
C726,2353,C726,D,1B,6B,ED,1,3,3,6,1,1,2,00,00,04,C726,,,1847,2,
C726,2353,C726,D,1B,6B,ED,1,3,3,6,1,1,2,00,00,04,C726,,,1848,2,
C726,2353,C726,D,1B,6B,ED,1,3,3,6,1,1,2,00,00,05,C726,,,1849,2,
C726,2353,C726,D,1B,6B,ED,1,3,3,6,1,1,2,00,00,05,C726,,,1850,2,
OBJECT,2353,C74E,D,1B,6B,ED,1,3,3,6,1,1,2,00,00,05,11,$020B,5A,1850,2,
OBJECT,2353,C74E,D,1B,6B,ED,1,3,3,6,1,1,2,00,00,05,12,$020C,01,1850,2,
OBJECT,2353,C74E,D,1B,6B,ED,1,3,3,6,1,1,2,00,00,05,13,$020D,4B,1850,2,
OBJECT,2353,C74E,D,1B,6B,ED,1,3,3,6,1,1,2,00,00,05,14,$020E,09,1850,2,
COUNTER,2353,C74E,D,1B,6B,ED,1,3,3,6,1,1,2,00,00,05,048B:04>05,,,1850,2,
FRAME,2353,C74E,D,1B,6B,ED,1,3,3,6,1,1,2,00,00,05,,,,,1850,2,
RNG,2354,C535,D,1B,6B,ED,1,3,3,6,1,1,2,00,00,05,C535,,,1850,2,
FRAME,2354,C74C,D,E1,39,EE,1,1,1,3,1,1,2,00,00,05,,,,,1850,2,
RNG,2355,C535,D,E1,39,EE,1,1,1,3,1,1,2,00,00,05,C535,,,1850,2,
FRAME,2355,C74A,D,63,BE,EF,1,3,3,3,1,1,2,00,00,05,,,,,1850,2,
RNG,2356,C535,D,63,BE,EF,1,3,3,3,1,1,2,00,00,05,C535,,,1850,2,
C726,2356,C726,D,2C,8D,F0,0,0,4,0,1,1,2,00,00,05,C726,,,1851,2,
OBJECT,2356,C403,D,2C,8D,F0,0,0,4,0,1,1,2,00,00,05,15,$020F,26,1851,2,
FRAME,2356,C403,D,2C,8D,F0,0,0,4,0,1,1,2,00,00,05,,,,,1851,2,
C726,2357,C726,D,2C,8D,F0,0,0,4,0,0,1,2,00,00,05,C726,,,1852,2,
C726,2357,C726,D,2C,8D,F0,0,0,4,0,0,1,2,00,00,05,C726,,,1853,2,
C726,2357,C726,D,2C,8D,F0,0,0,4,0,0,1,2,00,00,05,C726,,,1854,2,
C726,2357,C726,D,2C,8D,F0,0,0,4,0,0,1,2,00,00,05,C726,,,1855,2,
C726,2357,C726,D,2C,8D,F0,0,0,4,0,0,1,2,00,00,06,C726,,,1856,2,
C726,2357,C726,D,2C,8D,F0,0,0,4,0,0,1,2,00,00,06,C726,,,1857,2,
OBJECT,2357,C74A,D,2C,8D,F0,0,0,4,0,0,1,2,00,00,06,16,$0210,5E,1857,2,
OBJECT,2357,C74A,D,2C,8D,F0,0,0,4,0,0,1,2,00,00,06,17,$0211,45,1857,2,
OBJECT,2357,C74A,D,2C,8D,F0,0,0,4,0,0,1,2,00,00,06,18,$0212,5A,1857,2,
OBJECT,2357,C74A,D,2C,8D,F0,0,0,4,0,0,1,2,00,00,06,19,$0213,01,1857,2,
OBJECT,2357,C74A,D,2C,8D,F0,0,0,4,0,0,1,2,00,00,06,20,$0214,4B,1857,2,
OBJECT,2357,C74A,D,2C,8D,F0,0,0,4,0,0,1,2,00,00,06,21,$0215,09,1857,2,
COUNTER,2357,C74A,D,2C,8D,F0,0,0,4,0,0,1,2,00,00,06,048B:05>06,,,1857,2,
FRAME,2357,C74A,D,2C,8D,F0,0,0,4,0,0,1,2,00,00,06,,,,,1857,2,
RNG,2358,C535,D,2C,8D,F0,0,0,4,0,1,2,2,00,00,06,C535,,,1857,2,
FRAME,2358,C74C,D,2D,12,F1,1,1,5,1,1,2,2,00,00,06,,,,,1857,2,
RNG,2359,C535,D,2D,12,F1,1,1,5,1,1,1,2,00,00,06,C535,,,1857,2,
FRAME,2359,C74E,D,FD,E2,F2,1,1,5,6,1,1,2,00,00,06,,,,,1857,2,
RNG,2360,C535,D,FD,E2,F2,1,1,5,6,1,1,2,00,00,06,C535,,,1857,2,
FRAME,2360,EF78,D,00,67,F3,0,0,0,6,1,1,2,00,00,06,,,,,1857,2,
RNG,2361,C535,D,00,67,F3,0,0,0,6,1,1,2,00,00,06,C535,,,1857,2,
C726,2361,C726,D,4C,38,F4,0,0,4,3,1,1,2,00,00,06,C726,,,1858,2,
C726,2361,C726,D,4C,38,F4,0,0,4,3,1,1,2,00,00,06,C726,,,1859,2,
C726,2361,C726,D,4C,38,F4,0,0,4,3,1,1,2,00,00,06,C726,,,1860,2,
C726,2361,C726,D,4C,38,F4,0,0,4,3,1,1,2,00,00,06,C726,,,1861,2,
C726,2361,C726,D,4C,38,F4,0,0,4,3,1,1,2,00,00,06,C726,,,1862,2,
C726,2361,C726,D,4C,38,F4,0,0,4,3,1,1,2,00,00,07,C726,,,1863,2,
C726,2361,C726,D,4C,38,F4,0,0,4,3,1,1,2,00,00,07,C726,,,1864,2,
OBJECT,2361,C74C,D,4C,38,F4,0,0,4,3,1,1,2,00,00,07,22,$0216,26,1864,2,
OBJECT,2361,C74C,D,4C,38,F4,0,0,4,3,1,1,2,00,00,07,23,$0217,5E,1864,2,
OBJECT,2361,C74C,D,4C,38,F4,0,0,4,3,1,1,2,00,00,07,24,$0218,45,1864,2,
OBJECT,2361,C74C,D,4C,38,F4,0,0,4,3,1,1,2,00,00,07,25,$0219,5A,1864,2,
OBJECT,2361,C74C,D,4C,38,F4,0,0,4,3,1,1,2,00,00,07,26,$021A,01,1864,2,
OBJECT,2361,C74C,D,4C,38,F4,0,0,4,3,1,1,2,00,00,07,27,$021B,4B,1864,2,
OBJECT,2361,C74C,D,4C,38,F4,0,0,4,3,1,1,2,00,00,07,28,$021C,09,1864,2,
COUNTER,2361,C74C,D,4C,38,F4,0,0,4,3,1,1,2,00,00,07,048B:06>07,,,1864,2,
FRAME,2361,C74C,D,4C,38,F4,0,0,4,3,1,1,2,00,00,07,,,,,1864,2,
RNG,2362,C535,D,4C,38,F4,0,0,4,3,1,1,2,00,00,07,C535,,,1864,2,
FRAME,2362,C74C,D,7A,BD,F5,0,2,2,3,1,1,2,00,00,07,,,,,1864,2,
RNG,2363,C535,D,7A,BD,F5,0,2,2,3,1,1,2,00,00,07,C535,,,1864,2,
FRAME,2363,C74C,D,FD,8F,F6,1,1,5,0,1,1,2,00,00,07,,,,,1864,2,
RNG,2364,C535,D,FD,8F,F6,1,1,5,0,1,1,2,00,00,07,C535,,,1864,2,
FRAME,2364,C74C,D,C6,EF,F7,0,2,6,6,1,1,2,00,00,07,,,,,1864,2,
RNG,2365,C535,D,C6,EF,F7,0,2,6,6,1,1,2,00,00,07,C535,,,1864,2,
C726,2365,C726,D,C8,32,F8,0,0,0,3,1,1,2,00,00,07,C726,,,1865,2,
C726,2365,C726,D,C8,32,F8,0,0,0,3,1,1,2,00,00,07,C726,,,1866,2,
C726,2365,C726,D,C8,32,F8,0,0,0,3,1,1,2,00,00,07,C726,,,1867,2,
C726,2365,C726,D,C8,32,F8,0,0,0,3,1,1,2,00,00,07,C726,,,1868,2,
C726,2365,C726,D,C8,32,F8,0,0,0,3,1,1,2,00,00,07,C726,,,1869,2,
C726,2365,C726,D,C8,32,F8,0,0,0,3,1,1,2,00,00,08,C726,,,1870,2,
C726,2365,C726,D,C8,32,F8,0,0,0,3,1,1,2,00,00,08,C726,,,1871,2,
OBJECT,2365,C74C,D,C8,32,F8,0,0,0,3,1,1,2,00,00,08,29,$021D,26,1871,2,
OBJECT,2365,C74C,D,C8,32,F8,0,0,0,3,1,1,2,00,00,08,30,$021E,5E,1871,2,
OBJECT,2365,C74C,D,C8,32,F8,0,0,0,3,1,1,2,00,00,08,31,$021F,45,1871,2,
OBJECT,2365,C74C,D,C8,32,F8,0,0,0,3,1,1,2,00,00,08,32,$0220,5A,1871,2,
OBJECT,2365,C74C,D,C8,32,F8,0,0,0,3,1,1,2,00,00,08,33,$0221,01,1871,2,
OBJECT,2365,C74C,D,C8,32,F8,0,0,0,3,1,1,2,00,00,08,34,$0222,4B,1871,2,
OBJECT,2365,C74C,D,C8,32,F8,0,0,0,3,1,1,2,00,00,08,35,$0223,09,1871,2,
COUNTER,2365,C74C,D,C8,32,F8,0,0,0,3,1,1,2,00,00,08,048B:07>08,,,1871,2,
FRAME,2365,C74C,D,C8,32,F8,0,0,0,3,1,1,2,00,00,08,,,,,1871,2,
RNG,2366,C535,D,C8,32,F8,0,0,0,3,1,1,2,00,00,08,C535,,,1871,2,
FRAME,2366,C74C,D,98,76,F9,0,0,0,7,1,1,2,00,00,08,,,,,1871,2,
RNG,2367,C535,D,98,76,F9,0,0,0,7,1,1,2,00,00,08,C535,,,1871,2,
FRAME,2367,C74C,D,9B,C9,FA,1,3,3,4,1,1,2,00,00,08,,,,,1871,2,
RNG,2368,C535,D,9B,C9,FA,1,3,3,4,1,1,2,00,00,08,C535,,,1871,2,
FRAME,2368,C74C,D,E7,1D,FB,1,3,7,1,1,1,2,00,00,08,,,,,1871,2,
RNG,2369,C535,D,E7,1D,FB,1,3,7,1,1,1,2,00,00,08,C535,,,1871,2,
C726,2369,C726,D,49,80,FC,1,1,1,0,1,1,2,00,00,08,C726,,,1872,2,
C726,2369,C726,D,49,80,FC,1,1,1,0,1,1,2,00,00,08,C726,,,1873,2,
C726,2369,C726,D,49,80,FC,1,1,1,0,1,1,2,00,00,08,C726,,,1874,2,
C726,2369,C726,D,49,80,FC,1,1,1,0,1,1,2,00,00,08,C726,,,1875,2,
C726,2369,C726,D,49,80,FC,1,1,1,0,1,1,2,00,00,08,C726,,,1876,2,
C726,2369,C726,D,49,80,FC,1,1,1,0,1,1,2,00,00,09,C726,,,1877,2,
C726,2369,C726,D,49,80,FC,1,1,1,0,1,1,2,00,00,09,C726,,,1878,2,
OBJECT,2369,C74C,D,49,80,FC,1,1,1,0,1,1,2,00,00,09,36,$0224,26,1878,2,
OBJECT,2369,C74C,D,49,80,FC,1,1,1,0,1,1,2,00,00,09,37,$0225,5E,1878,2,
OBJECT,2369,C74C,D,49,80,FC,1,1,1,0,1,1,2,00,00,09,38,$0226,45,1878,2,
OBJECT,2369,C74C,D,49,80,FC,1,1,1,0,1,1,2,00,00,09,39,$0227,5A,1878,2,
OBJECT,2369,C74C,D,49,80,FC,1,1,1,0,1,1,2,00,00,09,40,$0228,01,1878,2,
OBJECT,2369,C74C,D,49,80,FC,1,1,1,0,1,1,2,00,00,09,41,$0229,4B,1878,2,
OBJECT,2369,C74C,D,49,80,FC,1,1,1,0,1,1,2,00,00,09,42,$022A,09,1878,2,
COUNTER,2369,C74C,D,49,80,FC,1,1,1,0,1,1,2,00,00,09,048B:08>09,,,1878,2,
FRAME,2369,C74C,D,49,80,FC,1,1,1,0,1,1,2,00,00,09,,,,,1878,2,
RNG,2370,C535,D,49,80,FC,1,1,1,0,1,1,2,00,00,09,C535,,,1878,2,
FRAME,2370,C74C,D,CC,E4,FD,0,0,4,6,1,1,2,00,00,09,,,,,1878,2,
RNG,2371,C535,D,CC,E4,FD,0,0,4,6,1,1,2,00,00,09,C535,,,1878,2,
FRAME,2371,C74C,D,18,29,FE,0,0,0,2,1,1,2,00,00,09,,,,,1878,2,
RNG,2372,C535,D,18,29,FE,0,0,0,2,1,1,2,00,00,09,C535,,,1878,2,
FRAME,2372,C74E,D,FE,6F,FF,0,2,6,6,1,1,2,00,00,09,,,,,1878,2,
RNG,2373,C535,D,FE,6F,FF,0,2,6,6,1,1,2,00,00,09,C535,,,1878,2,
C726,2373,C726,D,81,C4,00,1,1,1,4,1,1,2,00,00,09,C726,,,1879,2,
C726,2373,C726,D,81,C4,00,1,1,1,4,1,1,2,00,00,09,C726,,,1880,2,
C726,2373,C726,D,81,C4,00,1,1,1,4,1,1,2,00,00,01,C726,,,1881,2,
C726,2373,C726,D,81,C4,00,1,1,1,4,1,1,2,00,00,01,C726,,,1882,2,
C726,2373,C726,D,81,C4,00,1,1,1,4,1,1,2,00,00,01,C726,,,1883,2,
OBJECT,2373,C840,D,81,C4,00,1,1,1,4,1,1,2,00,00,01,43,$022B,26,1883,2,
OBJECT,2373,C840,D,81,C4,00,1,1,1,4,1,1,2,00,00,01,44,$022C,5E,1883,2,
OBJECT,2373,C840,D,81,C4,00,1,1,1,4,1,1,2,00,00,01,45,$022D,45,1883,2,
OBJECT,2373,C840,D,81,C4,00,1,1,1,4,1,1,2,00,00,01,46,$022E,5A,1883,2,
OBJECT,2373,C840,D,81,C4,00,1,1,1,4,1,1,2,00,00,01,47,$022F,01,1883,2,
COUNTER,2373,C840,D,81,C4,00,1,1,1,4,1,1,2,00,00,01,048B:09>01,,,1883,2,
FRAME,2373,C840,D,81,C4,00,1,1,1,4,1,1,2,00,00,01,,,,,1883,2,
RNG,2374,C535,D,81,C4,00,1,1,1,4,1,1,2,00,00,01,C535,,,1883,2,
C726,2374,C726,D,51,51,01,1,1,1,5,1,1,2,00,00,01,C726,,,1884,2,
C726,2374,C726,D,51,51,01,1,1,1,5,1,1,2,00,00,01,C726,,,1885,2,
OBJECT,2374,C74C,D,51,51,01,1,1,1,5,1,1,2,00,00,01,48,$0230,4B,1885,2,
OBJECT,2374,C74C,D,51,51,01,1,1,1,5,1,1,2,00,00,01,49,$0231,09,1885,2,
FRAME,2374,C74C,D,51,51,01,1,1,1,5,1,1,2,00,00,01,,,,,1885,2,
RNG,2375,C535,D,51,51,01,1,1,1,5,1,1,2,00,00,01,C535,,,1885,2,
FRAME,2375,C74C,D,2C,24,02,0,0,4,2,1,1,2,00,00,01,,,,,1885,2,
RNG,2376,C535,D,2C,24,02,0,0,4,2,1,1,2,00,00,01,C535,,,1885,2,
FRAME,2376,C74C,D,D9,2B,03,1,1,1,2,1,1,2,00,00,01,,,,,1885,2,
RNG,2377,C535,D,D9,2B,03,1,1,1,2,1,1,2,00,00,01,C535,,,1885,2,
C726,2377,C726,D,04,B8,04,0,0,4,3,1,1,2,00,00,01,C726,,,1886,2,
C726,2377,C726,D,04,B8,04,0,0,4,3,1,1,2,00,00,01,C726,,,1887,2,
C726,2377,C726,D,04,B8,04,0,0,4,3,1,1,2,00,00,01,C726,,,1888,2,
OBJECT,2377,EF71,D,04,B8,04,0,0,4,3,1,1,2,00,00,01,50,$0232,26,1888,2,
OBJECT,2377,EF71,D,04,B8,04,0,0,4,3,1,1,2,00,00,01,51,$0233,5E,1888,2,
OBJECT,2377,EF71,D,04,B8,04,0,0,4,3,1,1,2,00,00,01,52,$0234,45,1888,2,
FRAME,2377,EF71,D,04,B8,04,0,0,4,3,1,1,2,00,00,01,,,,,1888,2,
RNG,2378,C535,D,04,B8,04,0,0,4,3,1,1,2,00,00,01,C535,,,1888,2,
C726,2378,C726,D,0B,93,05,1,3,3,1,1,1,2,00,00,01,C726,,,1889,2,
C726,2378,C726,D,0B,93,05,1,3,3,1,1,1,2,00,00,01,C726,,,1890,2,
C726,2378,C726,D,0B,93,05,1,3,3,1,1,1,2,00,00,01,C726,,,1891,2,
C726,2378,C726,D,0B,93,05,1,3,3,1,1,1,2,00,00,01,C726,,,1892,2,
OBJECT,2378,C74C,D,0B,93,05,1,3,3,1,1,1,2,00,00,01,53,$0235,5A,1892,2,
OBJECT,2378,C74C,D,0B,93,05,1,3,3,1,1,1,2,00,00,01,54,$0236,01,1892,2,
OBJECT,2378,C74C,D,0B,93,05,1,3,3,1,1,1,2,00,00,01,55,$0237,4B,1892,2,
OBJECT,2378,C74C,D,0B,93,05,1,3,3,1,1,1,2,00,00,01,56,$0238,09,1892,2,
FRAME,2378,C74C,D,0B,93,05,1,3,3,1,1,1,2,00,00,01,,,,,1892,2,
RNG,2379,C535,D,0B,93,05,1,3,3,1,1,1,2,00,00,01,C535,,,1892,2,
FRAME,2379,C74E,D,D8,9A,06,0,0,0,1,1,1,2,00,00,01,,,,,1892,2,
RNG,2380,C535,D,D8,9A,06,0,0,0,1,1,1,2,00,00,01,C535,,,1892,2,
FRAME,2380,C74C,D,5B,B2,07,1,3,3,3,1,1,2,00,00,01,,,,,1892,2,
RNG,2381,C535,D,5B,B2,07,1,3,3,3,1,1,2,00,00,01,C535,,,1892,2,
C726,2381,C726,D,62,1B,08,0,2,2,1,1,1,2,00,00,01,C726,,,1893,2,
C726,2381,C726,D,62,1B,08,0,2,2,1,1,1,2,00,00,01,C726,,,1894,2,
C726,2381,C726,D,62,1B,08,0,2,2,1,1,1,2,00,00,01,C726,,,1895,2,
C726,2381,C726,D,62,1B,08,0,2,2,1,1,1,2,00,00,01,C726,,,1896,2,
C726,2381,C726,D,62,1B,08,0,2,2,1,1,1,2,00,00,01,C726,,,1897,2,
OBJECT,2381,C731,D,62,1B,08,0,2,2,1,1,1,2,00,00,01,57,$0239,26,1897,2,
OBJECT,2381,C731,D,62,1B,08,0,2,2,1,1,1,2,00,00,01,58,$023A,5E,1897,2,
OBJECT,2381,C731,D,62,1B,08,0,2,2,1,1,1,2,00,00,01,59,$023B,45,1897,2,
OBJECT,2381,C731,D,62,1B,08,0,2,2,1,1,1,2,00,00,01,60,$023C,5A,1897,2,
OBJECT,2381,C731,D,62,1B,08,0,2,2,1,1,1,2,00,00,01,61,$023D,01,1897,2,
FRAME,2381,C731,D,62,1B,08,0,2,2,1,1,1,2,00,00,01,,,,,1897,2,
C726,2382,C726,D,62,1B,08,0,2,2,1,0,1,2,00,00,01,C726,,,1898,2,
C726,2382,C726,D,62,1B,08,0,2,2,1,0,1,2,00,00,01,C726,,,1899,2,
OBJECT,2382,C74C,D,62,1B,08,0,2,2,1,0,1,2,00,00,01,62,$023E,4B,1899,2,
OBJECT,2382,C74C,D,62,1B,08,0,2,2,1,0,1,2,00,00,01,63,$023F,09,1899,2,
FRAME,2382,C74C,D,62,1B,08,0,2,2,1,0,1,2,00,00,01,,,,,1899,2,
RNG,2383,C535,D,62,1B,08,0,2,2,1,1,2,2,00,00,01,C535,,,1899,2,
FRAME,2383,C74C,D,F2,23,09,0,2,2,2,1,2,2,00,00,01,,,,,1899,2,
RNG,2384,C535,D,F2,23,09,0,2,2,2,1,1,2,00,00,01,C535,,,1899,2,
FRAME,2384,C74E,D,F9,B0,0A,1,1,1,3,1,1,2,00,00,01,,,,,1899,2,
RNG,2385,C535,D,F9,B0,0A,1,1,1,3,1,1,2,00,00,01,C535,,,1899,2,
C726,2385,C726,D,9E,7F,0B,0,2,6,7,1,1,2,00,00,01,C726,,,1900,2,
C726,2385,C726,D,9E,7F,0B,0,2,6,7,1,1,2,00,00,01,C726,,,1901,2,
C726,2385,C726,D,9E,7F,0B,0,2,6,7,1,1,2,00,00,01,C726,,,1902,2,
C726,2385,C726,D,9E,7F,0B,0,2,6,7,1,1,2,00,00,01,C726,,,1903,2,
C726,2385,C726,D,9E,7F,0B,0,2,6,7,1,1,2,00,00,01,C726,,,1904,2,
C726,2385,C726,D,9E,7F,0B,0,2,6,7,1,1,2,00,00,01,C726,,,1905,2,
C726,2385,C726,D,9E,7F,0B,0,2,6,7,1,1,2,00,00,01,C726,,,1906,2,
OBJECT,2385,C74C,D,9E,7F,0B,0,2,6,7,1,1,2,00,00,01,0,$0200,26,1906,2,
OBJECT,2385,C74C,D,9E,7F,0B,0,2,6,7,1,1,2,00,00,01,1,$0201,5E,1906,2,
OBJECT,2385,C74C,D,9E,7F,0B,0,2,6,7,1,1,2,00,00,01,2,$0202,45,1906,2,
OBJECT,2385,C74C,D,9E,7F,0B,0,2,6,7,1,1,2,00,00,01,3,$0203,5A,1906,2,
OBJECT,2385,C74C,D,9E,7F,0B,0,2,6,7,1,1,2,00,00,01,4,$0204,01,1906,2,
OBJECT,2385,C74C,D,9E,7F,0B,0,2,6,7,1,1,2,00,00,01,5,$0205,4B,1906,2,
OBJECT,2385,C74C,D,9E,7F,0B,0,2,6,7,1,1,2,00,00,01,6,$0206,09,1906,2,
FRAME,2385,C74C,D,9E,7F,0B,0,2,6,7,1,1,2,00,00,01,,,,,1906,2,
RNG,2386,C535,D,9E,7F,0B,0,2,6,7,1,1,2,00,00,01,C535,,,1906,2,
FRAME,2386,C74A,D,7D,86,0C,1,1,5,0,1,1,2,00,00,01,,,,,1906,2,
RNG,2387,C535,D,7D,86,0C,1,1,5,0,1,1,2,00,00,01,C535,,,1906,2,
FRAME,2387,C74A,D,A6,13,0D,0,2,6,1,1,1,2,00,00,01,,,,,1906,2,
RNG,2388,C535,D,A6,13,0D,0,2,6,1,1,1,2,00,00,01,C535,,,1906,2,
FRAME,2388,C74A,D,AD,EA,0E,1,1,5,6,1,1,2,00,00,01,,,,,1906,2,
RNG,2389,C535,D,AD,EA,0E,1,1,5,6,1,1,2,00,00,01,C535,,,1906,2,
C726,2389,C726,D,F9,F1,0F,1,1,1,7,1,1,2,00,00,01,C726,,,1907,2,
C726,2389,C726,D,F9,F1,0F,1,1,1,7,1,1,2,00,00,01,C726,,,1908,2,
C726,2389,C726,D,F9,F1,0F,1,1,1,7,1,1,2,00,00,01,C726,,,1909,2,
C726,2389,C726,D,F9,F1,0F,1,1,1,7,1,1,2,00,00,01,C726,,,1910,2,
C726,2389,C726,D,F9,F1,0F,1,1,1,7,1,1,2,00,00,01,C726,,,1911,2,
C726,2389,C726,D,F9,F1,0F,1,1,1,7,1,1,2,00,00,01,C726,,,1912,2,
C726,2389,C726,D,F9,F1,0F,1,1,1,7,1,1,2,00,00,01,C726,,,1913,2,
OBJECT,2389,C74E,D,F9,F1,0F,1,1,1,7,1,1,2,00,00,01,7,$0207,26,1913,2,
OBJECT,2389,C74E,D,F9,F1,0F,1,1,1,7,1,1,2,00,00,01,8,$0208,5E,1913,2,
OBJECT,2389,C74E,D,F9,F1,0F,1,1,1,7,1,1,2,00,00,01,9,$0209,45,1913,2,
OBJECT,2389,C74E,D,F9,F1,0F,1,1,1,7,1,1,2,00,00,01,10,$020A,5A,1913,2,
OBJECT,2389,C74E,D,F9,F1,0F,1,1,1,7,1,1,2,00,00,01,11,$020B,01,1913,2,
OBJECT,2389,C74E,D,F9,F1,0F,1,1,1,7,1,1,2,00,00,01,12,$020C,4B,1913,2,
OBJECT,2389,C74E,D,F9,F1,0F,1,1,1,7,1,1,2,00,00,01,13,$020D,09,1913,2,
FRAME,2389,C74E,D,F9,F1,0F,1,1,1,7,1,1,2,00,00,01,,,,,1913,2,
RNG,2390,C535,D,F9,F1,0F,1,1,1,7,1,1,2,00,00,01,C535,,,1913,2,
FRAME,2390,C74A,D,65,7E,10,1,1,5,7,1,1,2,00,00,01,,,,,1913,2,
RNG,2391,C535,D,65,7E,10,1,1,5,7,1,1,2,00,00,01,C535,,,1913,2,
FRAME,2391,C74E,D,E6,5D,11,0,2,6,5,1,1,2,00,00,01,,,,,1913,2,
RNG,2392,C535,D,E6,5D,11,0,2,6,5,1,1,2,00,00,01,C535,,,1913,2,
FRAME,2392,C74A,D,8B,64,12,1,3,3,6,1,1,2,00,00,01,,,,,1913,2,
RNG,2393,C535,D,8B,64,12,1,3,3,6,1,1,2,00,00,01,C535,,,1913,2,
C726,2393,C726,D,6A,0D,13,0,2,2,0,1,1,2,00,00,01,C726,,,1914,2,
C726,2393,C726,D,6A,0D,13,0,2,2,0,1,1,2,00,00,01,C726,,,1915,2,
C726,2393,C726,D,6A,0D,13,0,2,2,0,1,1,2,00,00,01,C726,,,1916,2,
C726,2393,C726,D,6A,0D,13,0,2,2,0,1,1,2,00,00,01,C726,,,1917,2,
C726,2393,C726,D,6A,0D,13,0,2,2,0,1,1,2,00,00,01,C726,,,1918,2,
C726,2393,C726,D,6A,0D,13,0,2,2,0,1,1,2,00,00,01,C726,,,1919,2,
C726,2393,C726,D,6A,0D,13,0,2,2,0,1,1,2,00,00,01,C726,,,1920,2,
OBJECT,2393,C74C,D,6A,0D,13,0,2,2,0,1,1,2,00,00,01,14,$020E,26,1920,2,
OBJECT,2393,C74C,D,6A,0D,13,0,2,2,0,1,1,2,00,00,01,15,$020F,5E,1920,2,
OBJECT,2393,C74C,D,6A,0D,13,0,2,2,0,1,1,2,00,00,01,16,$0210,45,1920,2,
OBJECT,2393,C74C,D,6A,0D,13,0,2,2,0,1,1,2,00,00,01,17,$0211,5A,1920,2,
OBJECT,2393,C74C,D,6A,0D,13,0,2,2,0,1,1,2,00,00,01,18,$0212,01,1920,2,
OBJECT,2393,C74C,D,6A,0D,13,0,2,2,0,1,1,2,00,00,01,19,$0213,4B,1920,2,
OBJECT,2393,C74C,D,6A,0D,13,0,2,2,0,1,1,2,00,00,01,20,$0214,09,1920,2,
FRAME,2393,C74C,D,6A,0D,13,0,2,2,0,1,1,2,00,00,01,,,,,1920,2,
RNG,2394,C535,D,6A,0D,13,0,2,2,0,1,1,2,00,00,01,C535,,,1920,2,
FRAME,2394,C74C,D,93,0D,14,1,3,3,0,1,1,2,00,00,01,,,,,1920,2,
RNG,2395,C535,D,93,0D,14,1,3,3,0,1,1,2,00,00,01,C535,,,1920,2,
FRAME,2395,C74E,D,9A,9A,15,0,2,2,1,1,1,2,00,00,01,,,,,1920,2,
RNG,2396,C535,D,9A,9A,15,0,2,2,1,1,1,2,00,00,01,C535,,,1920,2,
FRAME,2396,C74A,D,D2,8E,16,0,2,2,0,1,1,2,00,00,01,,,,,1920,2,
RNG,2397,C535,D,D2,8E,16,0,2,2,0,1,1,2,00,00,01,C535,,,1920,2,
C726,2397,C726,D,BB,91,17,1,3,3,1,1,1,2,00,00,01,C726,,,1921,2,
C726,2397,C726,D,BB,91,17,1,3,3,1,1,1,2,00,00,01,C726,,,1922,2,
C726,2397,C726,D,BB,91,17,1,3,3,1,1,1,2,00,00,01,C726,,,1923,2,
C726,2397,C726,D,BB,91,17,1,3,3,1,1,1,2,00,00,01,C726,,,1924,2,
C726,2397,C726,D,BB,91,17,1,3,3,1,1,1,2,00,00,01,C726,,,1925,2,
C726,2397,C726,D,BB,91,17,1,3,3,1,1,1,2,00,00,01,C726,,,1926,2,
C726,2397,C726,D,BB,91,17,1,3,3,1,1,1,2,00,00,01,C726,,,1927,2,
OBJECT,2397,C74C,D,BB,91,17,1,3,3,1,1,1,2,00,00,01,21,$0215,26,1927,2,
OBJECT,2397,C74C,D,BB,91,17,1,3,3,1,1,1,2,00,00,01,22,$0216,5E,1927,2,
OBJECT,2397,C74C,D,BB,91,17,1,3,3,1,1,1,2,00,00,01,23,$0217,45,1927,2,
OBJECT,2397,C74C,D,BB,91,17,1,3,3,1,1,1,2,00,00,01,24,$0218,5A,1927,2,
OBJECT,2397,C74C,D,BB,91,17,1,3,3,1,1,1,2,00,00,01,25,$0219,01,1927,2,
OBJECT,2397,C74C,D,BB,91,17,1,3,3,1,1,1,2,00,00,01,26,$021A,4B,1927,2,
OBJECT,2397,C74C,D,BB,91,17,1,3,3,1,1,1,2,00,00,01,27,$021B,09,1927,2,
FRAME,2397,C74C,D,BB,91,17,1,3,3,1,1,1,2,00,00,01,,,,,1927,2,
RNG,2398,C535,D,BB,91,17,1,3,3,1,1,1,2,00,00,01,C535,,,1927,2,
FRAME,2398,C74A,D,C4,1E,18,0,0,4,1,1,1,2,00,00,01,,,,,1927,2,
RNG,2399,C535,D,C4,1E,18,0,0,4,1,1,1,2,00,00,01,C535,,,1927,2,
FRAME,2399,C74C,D,49,13,19,1,1,1,1,1,1,2,00,00,01,,,,,1927,2,
RNG,2400,C535,D,49,13,19,1,1,1,1,1,1,2,00,00,01,C535,,,1927,2,
FRAME,2400,C74A,D,D0,16,1A,0,0,0,1,1,1,2,00,00,01,,,,,1927,2,
RNG,2401,C535,D,D0,16,1A,0,0,0,1,1,1,2,00,00,01,C535,,,1927,2,
C726,2401,C726,D,72,A3,1B,0,2,2,2,1,1,2,00,00,01,C726,,,1928,2,
C726,2401,C726,D,72,A3,1B,0,2,2,2,1,1,2,00,00,01,C726,,,1929,2,
C726,2401,C726,D,72,A3,1B,0,2,2,2,1,1,2,00,00,01,C726,,,1930,2,
C726,2401,C726,D,72,A3,1B,0,2,2,2,1,1,2,00,00,01,C726,,,1931,2,
C726,2401,C726,D,72,A3,1B,0,2,2,2,1,1,2,00,00,01,C726,,,1932,2,
C726,2401,C726,D,72,A3,1B,0,2,2,2,1,1,2,00,00,01,C726,,,1933,2,
C726,2401,C726,D,72,A3,1B,0,2,2,2,1,1,2,00,00,01,C726,,,1934,2,
OBJECT,2401,C74C,D,72,A3,1B,0,2,2,2,1,1,2,00,00,01,28,$021C,26,1934,2,
OBJECT,2401,C74C,D,72,A3,1B,0,2,2,2,1,1,2,00,00,01,29,$021D,5E,1934,2,
OBJECT,2401,C74C,D,72,A3,1B,0,2,2,2,1,1,2,00,00,01,30,$021E,45,1934,2,
OBJECT,2401,C74C,D,72,A3,1B,0,2,2,2,1,1,2,00,00,01,31,$021F,5A,1934,2,
OBJECT,2401,C74C,D,72,A3,1B,0,2,2,2,1,1,2,00,00,01,32,$0220,01,1934,2,
OBJECT,2401,C74C,D,72,A3,1B,0,2,2,2,1,1,2,00,00,01,33,$0221,4B,1934,2,
OBJECT,2401,C74C,D,72,A3,1B,0,2,2,2,1,1,2,00,00,01,34,$0222,09,1934,2,
FRAME,2401,C74C,D,72,A3,1B,0,2,2,2,1,1,2,00,00,01,,,,,1934,2,
RNG,2402,C535,D,72,A3,1B,0,2,2,2,1,1,2,00,00,01,C535,,,1934,2,
FRAME,2402,C74A,D,72,99,1C,0,2,2,1,1,1,2,00,00,01,,,,,1934,2,
RNG,2403,C535,D,72,99,1C,0,2,2,1,1,1,2,00,00,01,C535,,,1934,2,
FRAME,2403,C74C,D,1B,9C,1D,1,3,3,1,1,1,2,00,00,01,,,,,1934,2,
RNG,2404,C535,D,1B,9C,1D,1,3,3,1,1,1,2,00,00,01,C535,,,1934,2,
FRAME,2404,C74C,D,21,29,1E,1,1,1,2,1,1,2,00,00,01,,,,,1934,2,
RNG,2405,C535,D,21,29,1E,1,1,1,2,1,1,2,00,00,01,C535,,,1934,2,
C726,2405,C726,D,A6,20,1F,0,2,6,2,1,1,2,00,00,01,C726,,,1935,2,
C726,2405,C726,D,A6,20,1F,0,2,6,2,1,1,2,00,00,01,C726,,,1936,2,
C726,2405,C726,D,A6,20,1F,0,2,6,2,1,1,2,00,00,01,C726,,,1937,2,
C726,2405,C726,D,A6,20,1F,0,2,6,2,1,1,2,00,00,01,C726,,,1938,2,
C726,2405,C726,D,A6,20,1F,0,2,6,2,1,1,2,00,00,01,C726,,,1939,2,
C726,2405,C726,D,A6,20,1F,0,2,6,2,1,1,2,00,00,01,C726,,,1940,2,
OBJECT,2405,C74C,D,A6,20,1F,0,2,6,2,1,1,2,00,00,01,35,$0223,26,1940,2,
OBJECT,2405,C74C,D,A6,20,1F,0,2,6,2,1,1,2,00,00,01,36,$0224,5E,1940,2,
OBJECT,2405,C74C,D,A6,20,1F,0,2,6,2,1,1,2,00,00,01,37,$0225,45,1940,2,
OBJECT,2405,C74C,D,A6,20,1F,0,2,6,2,1,1,2,00,00,01,38,$0226,01,1940,2,
OBJECT,2405,C74C,D,A6,20,1F,0,2,6,2,1,1,2,00,00,01,39,$0227,4B,1940,2,
OBJECT,2405,C74C,D,A6,20,1F,0,2,6,2,1,1,2,00,00,01,40,$0228,09,1940,2,
FRAME,2405,C74C,D,A6,20,1F,0,2,6,2,1,1,2,00,00,01,,,,,1940,2,
RNG,2406,C535,D,A6,20,1F,0,2,6,2,1,1,2,00,00,01,C535,,,1940,2,
FRAME,2406,C74C,D,2E,23,20,0,2,6,2,1,1,2,00,00,01,,,,,1940,2,
RNG,2407,C535,D,2E,23,20,0,2,6,2,1,1,2,00,00,01,C535,,,1940,2,
FRAME,2407,C74C,D,CE,11,21,0,2,6,1,1,1,2,00,00,01,,,,,1940,2,
RNG,2408,C535,D,CE,11,21,0,2,6,1,1,1,2,00,00,01,C535,,,1940,2,
FRAME,2408,C74C,D,CE,04,22,0,2,6,0,1,1,2,00,00,01,,,,,1940,2,
RNG,2409,C535,D,CE,04,22,0,2,6,0,1,1,2,00,00,01,C535,,,1940,2,
C726,2409,C726,D,54,07,23,0,0,4,0,1,1,2,00,00,01,C726,,,1941,2,
C726,2409,C726,D,54,07,23,0,0,4,0,1,1,2,00,00,01,C726,,,1942,2,
C726,2409,C726,D,54,07,23,0,0,4,0,1,1,2,00,00,01,C726,,,1943,2,
C726,2409,C726,D,54,07,23,0,0,4,0,1,1,2,00,00,01,C726,,,1944,2,
C726,2409,C726,D,54,07,23,0,0,4,0,1,1,2,00,00,01,C726,,,1945,2,
C726,2409,C726,D,54,07,23,0,0,4,0,1,1,2,00,00,01,C726,,,1946,2,
OBJECT,2409,C74C,D,54,07,23,0,0,4,0,1,1,2,00,00,01,41,$0229,26,1946,2,
OBJECT,2409,C74C,D,54,07,23,0,0,4,0,1,1,2,00,00,01,42,$022A,5E,1946,2,
OBJECT,2409,C74C,D,54,07,23,0,0,4,0,1,1,2,00,00,01,43,$022B,45,1946,2,
OBJECT,2409,C74C,D,54,07,23,0,0,4,0,1,1,2,00,00,01,44,$022C,01,1946,2,
OBJECT,2409,C74C,D,54,07,23,0,0,4,0,1,1,2,00,00,01,45,$022D,4B,1946,2,
OBJECT,2409,C74C,D,54,07,23,0,0,4,0,1,1,2,00,00,01,46,$022E,09,1946,2,
FRAME,2409,C74C,D,54,07,23,0,0,4,0,1,1,2,00,00,01,,,,,1946,2,
RNG,2410,C535,D,54,07,23,0,0,4,0,1,1,2,00,00,01,C535,,,1946,2,
FRAME,2410,C74C,D,DD,53,24,1,1,5,5,1,1,2,00,00,01,,,,,1946,2,
RNG,2411,C535,D,DD,53,24,1,1,5,5,1,1,2,00,00,01,C535,,,1946,2,
FRAME,2411,C74A,D,61,26,25,1,1,1,2,1,1,2,00,00,01,,,,,1946,2,
RNG,2412,C535,D,61,26,25,1,1,1,2,1,1,2,00,00,01,C535,,,1946,2,
FRAME,2412,C74A,D,EB,BB,26,1,3,3,3,1,1,2,00,00,01,,,,,1946,2,
RNG,2413,C535,D,EB,BB,26,1,3,3,3,1,1,2,00,00,01,C535,,,1946,2,
C726,2413,C726,D,A4,60,27,0,0,4,6,1,1,2,00,00,01,C726,,,1947,2,
C726,2413,C726,D,A4,60,27,0,0,4,6,1,1,2,00,00,01,C726,,,1948,2,
C726,2413,C726,D,A4,60,27,0,0,4,6,1,1,2,00,00,01,C726,,,1949,2,
C726,2413,C726,D,A4,60,27,0,0,4,6,1,1,2,00,00,01,C726,,,1950,2,
C726,2413,C726,D,A4,60,27,0,0,4,6,1,1,2,00,00,01,C726,,,1951,2,
C726,2413,C726,D,A4,60,27,0,0,4,6,1,1,2,00,00,01,C726,,,1952,2,
OBJECT,2413,C74C,D,A4,60,27,0,0,4,6,1,1,2,00,00,01,47,$022F,26,1952,2,
OBJECT,2413,C74C,D,A4,60,27,0,0,4,6,1,1,2,00,00,01,48,$0230,5E,1952,2,
OBJECT,2413,C74C,D,A4,60,27,0,0,4,6,1,1,2,00,00,01,49,$0231,45,1952,2,
OBJECT,2413,C74C,D,A4,60,27,0,0,4,6,1,1,2,00,00,01,50,$0232,01,1952,2,
OBJECT,2413,C74C,D,A4,60,27,0,0,4,6,1,1,2,00,00,01,51,$0233,4B,1952,2,
OBJECT,2413,C74C,D,A4,60,27,0,0,4,6,1,1,2,00,00,01,52,$0234,09,1952,2,
FRAME,2413,C74C,D,A4,60,27,0,0,4,6,1,1,2,00,00,01,,,,,1952,2,
RNG,2414,C535,D,A4,60,27,0,0,4,6,1,1,2,00,00,01,C535,,,1952,2,
FRAME,2414,C74A,D,25,2D,28,1,1,5,2,1,1,2,00,00,01,,,,,1952,2,
RNG,2415,C535,D,25,2D,28,1,1,5,2,1,1,2,00,00,01,C535,,,1952,2,
FRAME,2415,C74C,D,2C,32,29,0,0,4,3,1,1,2,00,00,01,,,,,1952,2,
RNG,2416,C535,D,2C,32,29,0,0,4,3,1,1,2,00,00,01,C535,,,1952,2,
FRAME,2416,C74A,D,F5,00,2A,1,1,5,0,1,1,2,00,00,01,,,,,1952,2,
RNG,2417,C535,D,F5,00,2A,1,1,5,0,1,1,2,00,00,01,C535,,,1952,2,
C726,2417,C726,D,37,05,2B,1,3,7,0,1,1,2,00,00,01,C726,,,1953,2,
C726,2417,C726,D,37,05,2B,1,3,7,0,1,1,2,00,00,01,C726,,,1954,2,
C726,2417,C726,D,37,05,2B,1,3,7,0,1,1,2,00,00,01,C726,,,1955,2,
C726,2417,C726,D,37,05,2B,1,3,7,0,1,1,2,00,00,01,C726,,,1956,2,
C726,2417,C726,D,37,05,2B,1,3,7,0,1,1,2,00,00,01,C726,,,1957,2,
C726,2417,C726,D,37,05,2B,1,3,7,0,1,1,2,00,00,01,C726,,,1958,2,
OBJECT,2417,C74C,D,37,05,2B,1,3,7,0,1,1,2,00,00,01,53,$0235,26,1958,2,
OBJECT,2417,C74C,D,37,05,2B,1,3,7,0,1,1,2,00,00,01,54,$0236,5E,1958,2,
OBJECT,2417,C74C,D,37,05,2B,1,3,7,0,1,1,2,00,00,01,55,$0237,45,1958,2,
OBJECT,2417,C74C,D,37,05,2B,1,3,7,0,1,1,2,00,00,01,56,$0238,01,1958,2,
OBJECT,2417,C74C,D,37,05,2B,1,3,7,0,1,1,2,00,00,01,57,$0239,4B,1958,2,
OBJECT,2417,C74C,D,37,05,2B,1,3,7,0,1,1,2,00,00,01,58,$023A,09,1958,2,
FRAME,2417,C74C,D,37,05,2B,1,3,7,0,1,1,2,00,00,01,,,,,1958,2,
RNG,2418,C535,D,37,05,2B,1,3,7,0,1,1,2,00,00,01,C535,,,1958,2,
FRAME,2418,C74C,D,07,D4,2C,1,3,7,5,1,1,2,00,00,01,,,,,1958,2,
RNG,2419,C535,D,07,D4,2C,1,3,7,5,1,1,2,00,00,01,C535,,,1958,2,
FRAME,2419,C74C,D,28,D9,2D,0,0,0,5,1,1,2,00,00,01,,,,,1958,2,
RNG,2420,C535,D,28,D9,2D,0,0,0,5,1,1,2,00,00,01,C535,,,1958,2,
FRAME,2420,C74A,D,D1,A9,2E,1,1,1,2,1,1,2,00,00,01,,,,,1958,2,
RNG,2421,C535,D,D1,A9,2E,1,1,1,2,1,1,2,00,00,01,C535,,,1958,2,
C726,2421,C726,D,D2,D5,2F,0,2,2,5,1,1,2,00,00,01,C726,,,1959,2,
C726,2421,C726,D,D2,D5,2F,0,2,2,5,1,1,2,00,00,01,C726,,,1960,2,
C726,2421,C726,D,D2,D5,2F,0,2,2,5,1,1,2,00,00,01,C726,,,1961,2,
C726,2421,C726,D,D2,D5,2F,0,2,2,5,1,1,2,00,00,01,C726,,,1962,2,
C726,2421,C726,D,D2,D5,2F,0,2,2,5,1,1,2,00,00,01,C726,,,1963,2,
C726,2421,C726,D,D2,D5,2F,0,2,2,5,1,1,2,00,00,01,C726,,,1964,2,
OBJECT,2421,C74A,D,D2,D5,2F,0,2,2,5,1,1,2,00,00,01,0,$0200,09,1964,2,
OBJECT,2421,C74A,D,D2,D5,2F,0,2,2,5,1,1,2,00,00,01,59,$023B,26,1964,2,
OBJECT,2421,C74A,D,D2,D5,2F,0,2,2,5,1,1,2,00,00,01,60,$023C,5E,1964,2,
OBJECT,2421,C74A,D,D2,D5,2F,0,2,2,5,1,1,2,00,00,01,61,$023D,45,1964,2,
OBJECT,2421,C74A,D,D2,D5,2F,0,2,2,5,1,1,2,00,00,01,62,$023E,01,1964,2,
OBJECT,2421,C74A,D,D2,D5,2F,0,2,2,5,1,1,2,00,00,01,63,$023F,4B,1964,2,
FRAME,2421,C74A,D,D2,D5,2F,0,2,2,5,1,1,2,00,00,01,,,,,1964,2,
RNG,2422,C535,D,D2,D5,2F,0,2,2,5,1,1,2,00,00,01,C535,,,1964,2,
FRAME,2422,C74A,D,6F,AE,30,1,3,7,2,1,1,2,00,00,01,,,,,1964,2,
RNG,2423,C535,D,6F,AE,30,1,3,7,2,1,1,2,00,00,01,C535,,,1964,2,
FRAME,2423,C74E,D,A4,AD,31,0,0,4,2,1,1,2,00,00,01,,,,,1964,2,
RNG,2424,C535,D,A4,AD,31,0,0,4,2,1,1,2,00,00,01,C535,,,1964,2,
FRAME,2424,C74E,D,A7,9D,32,1,3,7,1,1,1,2,00,00,01,,,,,1964,2,
RNG,2425,C535,D,A7,9D,32,1,3,7,1,1,1,2,00,00,01,C535,,,1964,2,
C726,2425,C726,D,4C,CA,33,0,0,4,4,1,1,2,00,00,01,C726,,,1965,2,
C726,2425,C726,D,4C,CA,33,0,0,4,4,1,1,2,00,00,01,C726,,,1966,2,
C726,2425,C726,D,4C,CA,33,0,0,4,4,1,1,2,00,00,01,C726,,,1967,2,
C726,2425,C726,D,4C,CA,33,0,0,4,4,1,1,2,00,00,01,C726,,,1968,2,
C726,2425,C726,D,4C,CA,33,0,0,4,4,1,1,2,00,00,01,C726,,,1969,2,
C726,2425,C726,D,4C,CA,33,0,0,4,4,1,1,2,00,00,01,C726,,,1970,2,
OBJECT,2425,C74C,D,4C,CA,33,0,0,4,4,1,1,2,00,00,01,1,$0201,26,1970,2,
OBJECT,2425,C74C,D,4C,CA,33,0,0,4,4,1,1,2,00,00,01,2,$0202,5E,1970,2,
OBJECT,2425,C74C,D,4C,CA,33,0,0,4,4,1,1,2,00,00,01,3,$0203,45,1970,2,
OBJECT,2425,C74C,D,4C,CA,33,0,0,4,4,1,1,2,00,00,01,4,$0204,01,1970,2,
OBJECT,2425,C74C,D,4C,CA,33,0,0,4,4,1,1,2,00,00,01,5,$0205,4B,1970,2,
OBJECT,2425,C74C,D,4C,CA,33,0,0,4,4,1,1,2,00,00,01,6,$0206,09,1970,2,
FRAME,2425,C74C,D,4C,CA,33,0,0,4,4,1,1,2,00,00,01,,,,,1970,2,
RNG,2426,C535,D,4C,CA,33,0,0,4,4,1,1,2,00,00,01,C535,,,1970,2,
FRAME,2426,C74C,D,D3,6C,34,1,3,3,6,1,1,2,00,00,01,,,,,1970,2,
RNG,2427,C535,D,D3,6C,34,1,3,3,6,1,1,2,00,00,01,C535,,,1970,2,
FRAME,2427,C74C,D,B9,6C,35,1,1,1,6,1,1,2,00,00,01,,,,,1970,2,
RNG,2428,C535,D,B9,6C,35,1,1,1,6,1,1,2,00,00,01,C535,,,1970,2,
FRAME,2428,C74C,D,40,29,36,0,0,0,2,1,1,2,00,00,01,,,,,1970,2,
RNG,2429,C535,D,40,29,36,0,0,0,2,1,1,2,00,00,01,C535,,,1970,2,
C726,2429,C726,D,DD,F4,37,1,1,5,7,1,1,2,00,00,01,C726,,,1971,2,
C726,2429,C726,D,DD,F4,37,1,1,5,7,1,1,2,00,00,01,C726,,,1972,2,
C726,2429,C726,D,DD,F4,37,1,1,5,7,1,1,2,00,00,01,C726,,,1973,2,
C726,2429,C726,D,DD,F4,37,1,1,5,7,1,1,2,00,00,01,C726,,,1974,2,
C726,2429,C726,D,DD,F4,37,1,1,5,7,1,1,2,00,00,01,C726,,,1975,2,
C726,2429,C726,D,DD,F4,37,1,1,5,7,1,1,2,00,00,01,C726,,,1976,2,
OBJECT,2429,C74E,D,DD,F4,37,1,1,5,7,1,1,2,00,00,01,7,$0207,26,1976,2,
OBJECT,2429,C74E,D,DD,F4,37,1,1,5,7,1,1,2,00,00,01,8,$0208,5E,1976,2,
OBJECT,2429,C74E,D,DD,F4,37,1,1,5,7,1,1,2,00,00,01,9,$0209,45,1976,2,
OBJECT,2429,C74E,D,DD,F4,37,1,1,5,7,1,1,2,00,00,01,10,$020A,01,1976,2,
OBJECT,2429,C74E,D,DD,F4,37,1,1,5,7,1,1,2,00,00,01,11,$020B,4B,1976,2,
OBJECT,2429,C74E,D,DD,F4,37,1,1,5,7,1,1,2,00,00,01,12,$020C,09,1976,2,
FRAME,2429,C74E,D,DD,F4,37,1,1,5,7,1,1,2,00,00,01,,,,,1976,2,
RNG,2430,C535,D,DD,F4,37,1,1,5,7,1,1,2,00,00,01,C535,,,1976,2,
FRAME,2430,C74C,D,1A,FB,38,0,2,2,7,1,1,2,00,00,01,,,,,1976,2,
RNG,2431,C535,D,1A,FB,38,0,2,2,7,1,1,2,00,00,01,C535,,,1976,2,
FRAME,2431,C74C,D,1D,33,39,1,1,5,3,1,1,2,00,00,01,,,,,1976,2,
RNG,2432,C535,D,1D,33,39,1,1,5,3,1,1,2,00,00,01,C535,,,1976,2,
FRAME,2432,C74C,D,C2,1C,3A,0,2,2,1,1,1,2,00,00,01,,,,,1976,2,
RNG,2433,C535,D,C2,1C,3A,0,2,2,1,1,1,2,00,00,01,C535,,,1976,2,
C726,2433,C726,D,4A,2C,3B,0,2,2,2,1,1,2,00,00,01,C726,,,1977,2,
C726,2433,C726,D,4A,2C,3B,0,2,2,2,1,1,2,00,00,01,C726,,,1978,2,
C726,2433,C726,D,4A,2C,3B,0,2,2,2,1,1,2,00,00,01,C726,,,1979,2,
C726,2433,C726,D,4A,2C,3B,0,2,2,2,1,1,2,00,00,01,C726,,,1980,2,
C726,2433,C726,D,4A,2C,3B,0,2,2,2,1,1,2,00,00,01,C726,,,1981,2,
C726,2433,C726,D,4A,2C,3B,0,2,2,2,1,1,2,00,00,01,C726,,,1982,2,
OBJECT,2433,C74E,D,4A,2C,3B,0,2,2,2,1,1,2,00,00,01,13,$020D,26,1982,2,
OBJECT,2433,C74E,D,4A,2C,3B,0,2,2,2,1,1,2,00,00,01,14,$020E,5E,1982,2,
OBJECT,2433,C74E,D,4A,2C,3B,0,2,2,2,1,1,2,00,00,01,15,$020F,45,1982,2,
OBJECT,2433,C74E,D,4A,2C,3B,0,2,2,2,1,1,2,00,00,01,16,$0210,01,1982,2,
OBJECT,2433,C74E,D,4A,2C,3B,0,2,2,2,1,1,2,00,00,01,17,$0211,4B,1982,2,
OBJECT,2433,C74E,D,4A,2C,3B,0,2,2,2,1,1,2,00,00,01,18,$0212,09,1982,2,
FRAME,2433,C74E,D,4A,2C,3B,0,2,2,2,1,1,2,00,00,01,,,,,1982,2,
RNG,2434,C535,D,4A,2C,3B,0,2,2,2,1,1,2,00,00,01,C535,,,1982,2,
FRAME,2434,C74C,D,30,C9,3C,0,0,0,4,1,1,2,00,00,01,,,,,1982,2,
RNG,2435,C535,D,30,C9,3C,0,0,0,4,1,1,2,00,00,01,C535,,,1982,2,
FRAME,2435,C74C,D,B8,94,3D,0,0,0,1,1,1,2,00,00,01,,,,,1982,2,
RNG,2436,C535,D,B8,94,3D,0,0,0,1,1,1,2,00,00,01,C535,,,1982,2,
FRAME,2436,C74C,D,9E,9B,3E,0,2,6,1,1,1,2,00,00,01,,,,,1982,2,
RNG,2437,C535,D,9E,9B,3E,0,2,6,1,1,1,2,00,00,01,C535,,,1982,2,
C726,2437,C726,D,26,83,3F,0,2,6,0,1,1,2,00,00,01,C726,,,1983,2,
C726,2437,C726,D,26,83,3F,0,2,6,0,1,1,2,00,00,01,C726,,,1984,2,
C726,2437,C726,D,26,83,3F,0,2,6,0,1,1,2,00,00,01,C726,,,1985,2,
C726,2437,C726,D,26,83,3F,0,2,6,0,1,1,2,00,00,01,C726,,,1986,2,
C726,2437,C726,D,26,83,3F,0,2,6,0,1,1,2,00,00,01,C726,,,1987,2,
C726,2437,C726,D,26,83,3F,0,2,6,0,1,1,2,00,00,01,C726,,,1988,2,
OBJECT,2437,C74E,D,26,83,3F,0,2,6,0,1,1,2,00,00,01,19,$0213,26,1988,2,
OBJECT,2437,C74E,D,26,83,3F,0,2,6,0,1,1,2,00,00,01,20,$0214,5E,1988,2,
OBJECT,2437,C74E,D,26,83,3F,0,2,6,0,1,1,2,00,00,01,21,$0215,45,1988,2,
OBJECT,2437,C74E,D,26,83,3F,0,2,6,0,1,1,2,00,00,01,22,$0216,01,1988,2,
OBJECT,2437,C74E,D,26,83,3F,0,2,6,0,1,1,2,00,00,01,23,$0217,4B,1988,2,
OBJECT,2437,C74E,D,26,83,3F,0,2,6,0,1,1,2,00,00,01,24,$0218,09,1988,2,
FRAME,2437,C74E,D,26,83,3F,0,2,6,0,1,1,2,00,00,01,,,,,1988,2,
RNG,2438,C535,D,26,83,3F,0,2,6,0,1,1,2,00,00,01,C535,,,1988,2,
FRAME,2438,C74C,D,C3,6B,40,1,3,3,6,1,1,2,00,00,01,,,,,1988,2,
RNG,2439,C535,D,C3,6B,40,1,3,3,6,1,1,2,00,00,01,C535,,,1988,2,
FRAME,2439,C74E,D,08,53,41,0,0,0,5,1,1,2,00,00,01,,,,,1988,2,
RNG,2440,C535,D,08,53,41,0,0,0,5,1,1,2,00,00,01,C535,,,1988,2,
FRAME,2440,C74C,D,0B,3B,42,1,3,3,3,1,1,2,00,00,01,,,,,1988,2,
RNG,2441,C535,D,0B,3B,42,1,3,3,3,1,1,2,00,00,01,C535,,,1988,2,
C726,2441,C726,D,B4,1B,43,0,0,4,1,1,1,2,00,00,01,C726,,,1989,2,
C726,2441,C726,D,B4,1B,43,0,0,4,1,1,1,2,00,00,01,C726,,,1990,2,
C726,2441,C726,D,B4,1B,43,0,0,4,1,1,1,2,00,00,01,C726,,,1991,2,
C726,2441,C726,D,B4,1B,43,0,0,4,1,1,1,2,00,00,01,C726,,,1992,2,
C726,2441,C726,D,B4,1B,43,0,0,4,1,1,1,2,00,00,01,C726,,,1993,2,
C726,2441,C726,D,B4,1B,43,0,0,4,1,1,1,2,00,00,01,C726,,,1994,2,
OBJECT,2441,C74E,D,B4,1B,43,0,0,4,1,1,1,2,00,00,01,25,$0219,26,1994,2,
OBJECT,2441,C74E,D,B4,1B,43,0,0,4,1,1,1,2,00,00,01,26,$021A,5E,1994,2,
OBJECT,2441,C74E,D,B4,1B,43,0,0,4,1,1,1,2,00,00,01,27,$021B,45,1994,2,
OBJECT,2441,C74E,D,B4,1B,43,0,0,4,1,1,1,2,00,00,01,28,$021C,01,1994,2,
OBJECT,2441,C74E,D,B4,1B,43,0,0,4,1,1,1,2,00,00,01,29,$021D,4B,1994,2,
OBJECT,2441,C74E,D,B4,1B,43,0,0,4,1,1,1,2,00,00,01,30,$021E,09,1994,2,
FRAME,2441,C74E,D,B4,1B,43,0,0,4,1,1,1,2,00,00,01,,,,,1994,2,
RNG,2442,C535,D,B4,1B,43,0,0,4,1,1,1,2,00,00,01,C535,,,1994,2,
FRAME,2442,C74C,D,B4,33,44,0,0,4,3,1,1,2,00,00,01,,,,,1994,2,
RNG,2443,C535,D,B4,33,44,0,0,4,3,1,1,2,00,00,01,C535,,,1994,2,
FRAME,2443,C74C,D,49,03,45,1,1,1,0,1,1,2,00,00,01,,,,,1994,2,
RNG,2444,C535,D,49,03,45,1,1,1,0,1,1,2,00,00,01,C535,,,1994,2,
FRAME,2444,C74C,D,04,F2,46,0,0,4,7,1,1,2,00,00,01,,,,,1994,2,
RNG,2445,C535,D,04,F2,46,0,0,4,7,1,1,2,00,00,01,C535,,,1994,2,
C726,2445,C726,D,A9,E0,47,1,1,1,6,1,1,2,00,00,01,C726,,,1995,2,
C726,2445,C726,D,A9,E0,47,1,1,1,6,1,1,2,00,00,01,C726,,,1996,2,
C726,2445,C726,D,A9,E0,47,1,1,1,6,1,1,2,00,00,01,C726,,,1997,2,
C726,2445,C726,D,A9,E0,47,1,1,1,6,1,1,2,00,00,01,C726,,,1998,2,
C726,2445,C726,D,A9,E0,47,1,1,1,6,1,1,2,00,00,01,C726,,,1999,2,
C726,2445,C726,D,A9,E0,47,1,1,1,6,1,1,2,00,00,01,C726,,,2000,2,
OBJECT,2445,C74C,D,A9,E0,47,1,1,1,6,1,1,2,00,00,01,31,$021F,26,2000,2,
OBJECT,2445,C74C,D,A9,E0,47,1,1,1,6,1,1,2,00,00,01,32,$0220,5E,2000,2,
OBJECT,2445,C74C,D,A9,E0,47,1,1,1,6,1,1,2,00,00,01,33,$0221,45,2000,2,
OBJECT,2445,C74C,D,A9,E0,47,1,1,1,6,1,1,2,00,00,01,34,$0222,01,2000,2,
OBJECT,2445,C74C,D,A9,E0,47,1,1,1,6,1,1,2,00,00,01,35,$0223,4B,2000,2,
OBJECT,2445,C74C,D,A9,E0,47,1,1,1,6,1,1,2,00,00,01,36,$0224,09,2000,2,
FRAME,2445,C74C,D,A9,E0,47,1,1,1,6,1,1,2,00,00,01,,,,,2000,2,
RNG,2446,C535,D,A9,E0,47,1,1,1,6,1,1,2,00,00,01,C535,,,2000,2,
FRAME,2446,C74C,D,32,D7,48,0,2,2,5,1,1,2,00,00,01,,,,,2000,2,
RNG,2447,C535,D,32,D7,48,0,2,2,5,1,1,2,00,00,01,C535,,,2000,2,
FRAME,2447,C74C,D,4A,DA,49,0,2,2,5,1,1,2,00,00,01,,,,,2000,2,
RNG,2448,C535,D,4A,DA,49,0,2,2,5,1,1,2,00,00,01,C535,,,2000,2,
FRAME,2448,C74C,D,B3,83,4A,1,3,3,0,1,1,2,00,00,01,,,,,2000,2,
RNG,2449,C535,D,B3,83,4A,1,3,3,0,1,1,2,00,00,01,C535,,,2000,2,
C726,2449,C726,D,C3,B3,4B,1,3,3,3,1,1,2,00,00,01,C726,,,2001,2,
C726,2449,C726,D,C3,B3,4B,1,3,3,3,1,1,2,00,00,01,C726,,,2002,2,
C726,2449,C726,D,C3,B3,4B,1,3,3,3,1,1,2,00,00,01,C726,,,2003,2,
C726,2449,C726,D,C3,B3,4B,1,3,3,3,1,1,2,00,00,01,C726,,,2004,2,
C726,2449,C726,D,C3,B3,4B,1,3,3,3,1,1,2,00,00,01,C726,,,2005,2,
OBJECT,2449,C2FE,D,C3,B3,4B,1,3,3,3,1,1,2,00,00,01,37,$0225,26,2005,2,
OBJECT,2449,C2FE,D,C3,B3,4B,1,3,3,3,1,1,2,00,00,01,38,$0226,5E,2005,2,
OBJECT,2449,C2FE,D,C3,B3,4B,1,3,3,3,1,1,2,00,00,01,39,$0227,45,2005,2,
OBJECT,2449,C2FE,D,C3,B3,4B,1,3,3,3,1,1,2,00,00,01,40,$0228,01,2005,2,
OBJECT,2449,C2FE,D,C3,B3,4B,1,3,3,3,1,1,2,00,00,01,41,$0229,4B,2005,2,
FRAME,2449,C2FE,D,C3,B3,4B,1,3,3,3,1,1,2,00,00,01,,,,,2005,2,
C726,2450,C726,D,C3,B3,4B,1,3,3,3,0,1,2,00,00,01,C726,,,2006,2,
OBJECT,2450,C74A,D,C3,B3,4B,1,3,3,3,0,1,2,00,00,01,42,$022A,09,2006,2,
FRAME,2450,C74A,D,C3,B3,4B,1,3,3,3,0,1,2,00,00,01,,,,,2006,2,
RNG,2451,C535,D,C3,B3,4B,1,3,3,3,1,2,2,00,00,01,C535,,,2006,2,
FRAME,2451,C74C,D,E3,40,4C,1,3,3,4,1,2,2,00,00,01,,,,,2006,2,
RNG,2452,C535,D,E3,40,4C,1,3,3,4,1,1,2,00,00,01,C535,,,2006,2,
FRAME,2452,C74C,D,09,80,4D,1,1,1,0,1,1,2,00,00,01,,,,,2006,2,
RNG,2453,C535,D,09,80,4D,1,1,1,0,1,1,2,00,00,01,C535,,,2006,2,
C726,2453,C726,D,D0,86,4E,0,0,0,0,1,1,2,00,00,01,C726,,,2007,2,
C726,2453,C726,D,D0,86,4E,0,0,0,0,1,1,2,00,00,01,C726,,,2008,2,
C726,2453,C726,D,D0,86,4E,0,0,0,0,1,1,2,00,00,01,C726,,,2009,2,
C726,2453,C726,D,D0,86,4E,0,0,0,0,1,1,2,00,00,01,C726,,,2010,2,
C726,2453,C726,D,D0,86,4E,0,0,0,0,1,1,2,00,00,01,C726,,,2011,2,
C726,2453,C726,D,D0,86,4E,0,0,0,0,1,1,2,00,00,01,C726,,,2012,2,
OBJECT,2453,C74A,D,D0,86,4E,0,0,0,0,1,1,2,00,00,01,43,$022B,26,2012,2,
OBJECT,2453,C74A,D,D0,86,4E,0,0,0,0,1,1,2,00,00,01,44,$022C,5E,2012,2,
OBJECT,2453,C74A,D,D0,86,4E,0,0,0,0,1,1,2,00,00,01,45,$022D,45,2012,2,
OBJECT,2453,C74A,D,D0,86,4E,0,0,0,0,1,1,2,00,00,01,46,$022E,01,2012,2,
OBJECT,2453,C74A,D,D0,86,4E,0,0,0,0,1,1,2,00,00,01,47,$022F,4B,2012,2,
OBJECT,2453,C74A,D,D0,86,4E,0,0,0,0,1,1,2,00,00,01,48,$0230,09,2012,2,
FRAME,2453,C74A,D,D0,86,4E,0,0,0,0,1,1,2,00,00,01,,,,,2012,2,
RNG,2454,C535,D,D0,86,4E,0,0,0,0,1,1,2,00,00,01,C535,,,2012,2,
FRAME,2454,C74C,D,74,33,4F,0,0,4,3,1,1,2,00,00,01,,,,,2012,2,
RNG,2455,C535,D,74,33,4F,0,0,4,3,1,1,2,00,00,01,C535,,,2012,2,
FRAME,2455,C74E,D,FE,2A,50,0,2,6,2,1,1,2,00,00,01,,,,,2012,2,
RNG,2456,C535,D,FE,2A,50,0,2,6,2,1,1,2,00,00,01,C535,,,2012,2,
FRAME,2456,C74C,D,C6,2D,51,0,2,6,2,1,1,2,00,00,01,,,,,2012,2,
RNG,2457,C535,D,C6,2D,51,0,2,6,2,1,1,2,00,00,01,C535,,,2012,2,
C726,2457,C726,D,8E,F6,52,0,2,6,7,1,1,2,00,00,01,C726,,,2013,2,
C726,2457,C726,D,8E,F6,52,0,2,6,7,1,1,2,00,00,01,C726,,,2014,2,
C726,2457,C726,D,8E,F6,52,0,2,6,7,1,1,2,00,00,01,C726,,,2015,2,
C726,2457,C726,D,8E,F6,52,0,2,6,7,1,1,2,00,00,01,C726,,,2016,2,
C726,2457,C726,D,8E,F6,52,0,2,6,7,1,1,2,00,00,01,C726,,,2017,2,
OBJECT,2457,C2EB,D,8E,F6,52,0,2,6,7,1,1,2,00,00,01,49,$0231,26,2017,2,
OBJECT,2457,C2EB,D,8E,F6,52,0,2,6,7,1,1,2,00,00,01,50,$0232,5E,2017,2,
OBJECT,2457,C2EB,D,8E,F6,52,0,2,6,7,1,1,2,00,00,01,51,$0233,45,2017,2,
OBJECT,2457,C2EB,D,8E,F6,52,0,2,6,7,1,1,2,00,00,01,52,$0234,01,2017,2,
OBJECT,2457,C2EB,D,8E,F6,52,0,2,6,7,1,1,2,00,00,01,53,$0235,4B,2017,2,
FRAME,2457,C2EB,D,8E,F6,52,0,2,6,7,1,1,2,00,00,01,,,,,2017,2,
C726,2458,C726,D,8E,F6,52,0,2,6,7,0,1,2,00,00,01,C726,,,2018,2,
OBJECT,2458,C74A,D,8E,F6,52,0,2,6,7,0,1,2,00,00,01,54,$0236,09,2018,2,
FRAME,2458,C74A,D,8E,F6,52,0,2,6,7,0,1,2,00,00,01,,,,,2018,2,
RNG,2459,C535,D,8E,F6,52,0,2,6,7,1,2,2,00,00,01,C535,,,2018,2,
FRAME,2459,C74C,D,56,F8,53,0,2,6,7,1,2,2,00,00,01,,,,,2018,2,
RNG,2460,C535,D,56,F8,53,0,2,6,7,1,1,2,00,00,01,C535,,,2018,2,
FRAME,2460,C74C,D,1E,C8,54,0,2,6,4,1,1,2,00,00,01,,,,,2018,2,
